# Ensure build layout
# Check configuration tokens
# Preparing build
# Check requirements for android
# Search for Git (git)
#  -> found at /usr/bin/git
# Search for Cython (cython)
#  -> found at /ddnB/project/shpyang/shpyang/WL/bzenv/bin/cython
# Search for Java compiler (javac)
#  -> found at /ddnB/project/shpyang/shpyang/WL/jdk-17.0.20.1+1/bin/javac
# Search for Java keytool (keytool)
#  -> found at /ddnB/project/shpyang/shpyang/WL/jdk-17.0.20.1+1/bin/keytool
# Install platform
# Run 'git config --get remote.origin.url' ...
# Cwd /ddnB/project/shpyang/shpyang/WL/engine/.buildozer/android/platform/python-for-android
https://github.com/kivy/python-for-android.git
# Run 'git branch -vv' ...
# Cwd /ddnB/project/shpyang/shpyang/WL/engine/.buildozer/android/platform/python-for-android
* (no branch) 957a3e5f Merge pull request #2959 from kivy/release-2024.01.21
# Detected old url/branch (https://github.com/kivy/python-for-android.git/(no), deleting...
# Remove directory and subdirectory /ddnB/project/shpyang/shpyang/WL/engine/.buildozer/android/platform/python-for-android
# Run 'git clone -b v2024.01.21 --single-branch https://github.com/kivy/python-for-android.git python-for-android' ...
# Cwd /ddnB/project/shpyang/shpyang/WL/engine/.buildozer/android/platform
Cloning into 'python-for-android'...
Note: switching to '957a3e5f8c270f7aa648ba185e5a68c1077a798d'.

You are in 'detached HEAD' state. You can look around, make experimental
changes and commit them, and you can discard any commits you make in this
state without impacting any branches by switching back to a branch.

If you want to create a new branch to retain commits you create, you may
do so (now or later) by using -c with the switch command. Example:

  git switch -c <new-branch-name>

Or undo this operation with:

  git switch -

Turn off this advice by setting config variable advice.detachedHead to false

# Run '/ddnB/project/shpyang/shpyang/WL/bzenv/bin/python -m pip install -q appdirs colorama>=0.3.3 jinja2 sh>=1.10, <2.0; sys_platform!="win32" build toml packaging setuptools' ...
# Cwd None
# Apache ANT found at /home/shpyang/.buildozer/android/platform/apache-ant-1.9.4
# Android SDK found at /home/shpyang/.buildozer/android/platform/android-sdk
# Recommended android's NDK version by p4a is: 25b
# Android NDK found at /home/shpyang/.buildozer/android/platform/android-ndk-r25b
# Run '/ddnB/project/shpyang/shpyang/WL/bzenv/bin/python -m pythonforandroid.toolchain aab -h --color=always --storage-dir=/ddnB/project/shpyang/shpyang/WL/engine/.buildozer/android/platform/build-arm64-v8a --ndk-api=24 --ignore-setup-py --debug' ...
# Cwd /ddnB/project/shpyang/shpyang/WL/engine/.buildozer/android/platform/python-for-android
# Check application requirements
# Compile platform
# Run '/ddnB/project/shpyang/shpyang/WL/bzenv/bin/python -m pythonforandroid.toolchain create --dist_name=featurefold --bootstrap=sdl2 --requirements=python3,kivy==2.3.0,numpy --arch=arm64-v8a --copy-libs --color=always --storage-dir=/ddnB/project/shpyang/shpyang/WL/engine/.buildozer/android/platform/build-arm64-v8a --ndk-api=24 --ignore-setup-py --debug' ...
# Cwd /ddnB/project/shpyang/shpyang/WL/engine/.buildozer/android/platform/python-for-android
[WARNING]: prerequisites.py is experimental and does not support all prerequisites yet.
[WARNING]: Please report any issues to the python-for-android issue tracker.
[WARNING]: prerequisites.py is experimental and does not support all prerequisites yet.
[WARNING]: Please report any issues to the python-for-android issue tracker.
[1m[INFO][0m:    Recipe kivy: version "2.3.0" requested
[1m[INFO][0m:    Will compile for the following archs: arm64-v8a
[1m[INFO][0m:    Found Android API target in $ANDROIDAPI: 34
[1m[INFO][0m:    Available Android APIs are (34)
[1m[INFO][0m:    Requested API target 34 is available, continuing.
[1m[INFO][0m:    Found NDK dir in $ANDROIDNDK: /home/shpyang/.buildozer/android/platform/android-ndk-r25b
[1m[INFO][0m:    Found NDK version 25b
[1m[INFO][0m:    Getting NDK API version (i.e. minimum supported API) from user argument
[1m[INFO][0m:    ccache is missing, the build will not be optimized in the future.
[1m[90m[DEBUG][39m[0m:   All possible dists: []
[1m[90m[DEBUG][39m[0m:   Dist matching name and arch: []
[1m[90m[DEBUG][39m[0m:   Dist matching ndk_api and recipe: []
[1m[INFO][0m:    No existing dists meet the given requirements!
[1m[90m[DEBUG][39m[0m:   Remove directory and subdirectory /ddnB/project/shpyang/shpyang/WL/engine/.buildozer/android/platform/build-arm64-v8a/dists/featurefold
[1m[INFO][0m:    [1m[94mNo dist exists that meets your requirements, so one will be built.[0m
[1m[INFO][0m:    Found a single valid recipe set: ['hostpython3', 'libffi', 'openssl', 'sdl2_image', 'sdl2_mixer', 'sdl2_ttf', 'sqlite3', 'python3', 'sdl2', 'setuptools', 'cython', 'six', 'numpy', 'pyjnius', 'android', 'kivy']
[1m[INFO][0m:    The selected bootstrap is sdl2
[1m[INFO][0m:    [1m[32m# Creating dist with sdl2 bootstrap[0m[39m
[1m[INFO][0m:    [1m[94mDist will have name featurefold and requirements (python3, kivy, numpy)[0m
[1m[INFO][0m:    Dist contains the following requirements as recipes: ['hostpython3', 'libffi', 'openssl', 'sdl2_image', 'sdl2_mixer', 'sdl2_ttf', 'sqlite3', 'python3', 'sdl2', 'setuptools', 'cython', 'six', 'numpy', 'pyjnius', 'android', 'kivy']
[1m[INFO][0m:    Dist will also contain modules (certifi, idna, chardet, urllib3, requests) installed from pip
[1m[INFO][0m:    Dist will be build in mode debug
[1m[INFO][0m:    [36m-> directory context /ddnB/project/shpyang/shpyang/WL/engine/.buildozer/android/platform/build-arm64-v8a/build/bootstrap_builds/sdl2[39m
[1m[INFO][0m:    [36m<- directory context /ddnB/project/shpyang/shpyang/WL/engine/.buildozer/android/platform/python-for-android[39m
[1m[90m[DEBUG][39m[0m:   Create directory /ddnB/project/shpyang/shpyang/WL/engine/.buildozer/android/platform/build-arm64-v8a/dists/featurefold
[1m[INFO][0m:    [1m[94mRecipe build order is ['hostpython3', 'libffi', 'openssl', 'sdl2_image', 'sdl2_mixer', 'sdl2_ttf', 'sqlite3', 'python3', 'sdl2', 'setuptools', 'cython', 'six', 'numpy', 'pyjnius', 'android', 'kivy'][0m
[1m[INFO][0m:    [1m[94mThe requirements (certifi, chardet, idna, requests, urllib3) were not found as recipes, they will be installed with pip.[0m
[1m[INFO][0m:    [1m[32m# Downloading recipes [0m[39m
[1m[INFO][0m:    [1m[32mDownloading hostpython3[0m[39m
[1m[INFO][0m:    [36m-> directory context /ddnB/project/shpyang/shpyang/WL/engine/.buildozer/android/platform/build-arm64-v8a/packages/hostpython3[39m
[1m[90m[DEBUG][39m[0m:   [90m->[0m running basename https://www.python.org/ftp/python/3.11.5/Python-3.11.5.tgz[0m
[1m[90m[DEBUG][39m[0m:   	Python-3.11.5.tgz
[1m[INFO][0m:    hostpython3 download already cached, skipping
[1m[INFO][0m:    [36m<- directory context /ddnB/project/shpyang/shpyang/WL/engine/.buildozer/android/platform/python-for-android[39m
[1m[INFO][0m:    [1m[32mDownloading libffi[0m[39m
[1m[INFO][0m:    [36m-> directory context /ddnB/project/shpyang/shpyang/WL/engine/.buildozer/android/platform/build-arm64-v8a/packages/libffi[39m
[1m[90m[DEBUG][39m[0m:   [90m->[0m running basename https://github.com/libffi/libffi/archive/v3.4.2.tar.gz[0m
[1m[90m[DEBUG][39m[0m:   	v3.4.2.tar.gz
[1m[INFO][0m:    libffi download already cached, skipping
[1m[INFO][0m:    [36m<- directory context /ddnB/project/shpyang/shpyang/WL/engine/.buildozer/android/platform/python-for-android[39m
[1m[INFO][0m:    [1m[32mDownloading openssl[0m[39m
[1m[INFO][0m:    [36m-> directory context /ddnB/project/shpyang/shpyang/WL/engine/.buildozer/android/platform/build-arm64-v8a/packages/openssl[39m
[1m[90m[DEBUG][39m[0m:   [90m->[0m running basename https://www.openssl.org/source/openssl-1.1.1w.tar.gz[0m
[1m[90m[DEBUG][39m[0m:   	openssl-1.1.1w.tar.gz
[1m[INFO][0m:    openssl download already cached, skipping
[1m[INFO][0m:    [36m<- directory context /ddnB/project/shpyang/shpyang/WL/engine/.buildozer/android/platform/python-for-android[39m
[1m[INFO][0m:    [1m[32mDownloading sdl2_image[0m[39m
[1m[INFO][0m:    [36m-> directory context /ddnB/project/shpyang/shpyang/WL/engine/.buildozer/android/platform/build-arm64-v8a/packages/sdl2_image[39m
[1m[90m[DEBUG][39m[0m:   [90m->[0m running basename https://github.com/libsdl-org/SDL_image/releases/download/release-2.8.0/SDL2_image-2.8.0.tar.gz[0m
[1m[90m[DEBUG][39m[0m:   	SDL2_image-2.8.0.tar.gz
[1m[INFO][0m:    sdl2_image download already cached, skipping
[1m[INFO][0m:    [36m<- directory context /ddnB/project/shpyang/shpyang/WL/engine/.buildozer/android/platform/python-for-android[39m
[1m[INFO][0m:    [1m[32mDownloading sdl2_mixer[0m[39m
[1m[INFO][0m:    [36m-> directory context /ddnB/project/shpyang/shpyang/WL/engine/.buildozer/android/platform/build-arm64-v8a/packages/sdl2_mixer[39m
[1m[90m[DEBUG][39m[0m:   [90m->[0m running basename https://github.com/libsdl-org/SDL_mixer/releases/download/release-2.6.3/SDL2_mixer-2.6.3.tar.gz[0m
[1m[90m[DEBUG][39m[0m:   	SDL2_mixer-2.6.3.tar.gz
[1m[INFO][0m:    sdl2_mixer download already cached, skipping
[1m[INFO][0m:    [36m<- directory context /ddnB/project/shpyang/shpyang/WL/engine/.buildozer/android/platform/python-for-android[39m
[1m[INFO][0m:    [1m[32mDownloading sdl2_ttf[0m[39m
[1m[INFO][0m:    [36m-> directory context /ddnB/project/shpyang/shpyang/WL/engine/.buildozer/android/platform/build-arm64-v8a/packages/sdl2_ttf[39m
[1m[90m[DEBUG][39m[0m:   [90m->[0m running basename https://github.com/libsdl-org/SDL_ttf/releases/download/release-2.20.2/SDL2_ttf-2.20.2.tar.gz[0m
[1m[90m[DEBUG][39m[0m:   	SDL2_ttf-2.20.2.tar.gz
[1m[INFO][0m:    sdl2_ttf download already cached, skipping
[1m[INFO][0m:    [36m<- directory context /ddnB/project/shpyang/shpyang/WL/engine/.buildozer/android/platform/python-for-android[39m
[1m[INFO][0m:    [1m[32mDownloading sqlite3[0m[39m
[1m[INFO][0m:    [36m-> directory context /ddnB/project/shpyang/shpyang/WL/engine/.buildozer/android/platform/build-arm64-v8a/packages/sqlite3[39m
[1m[90m[DEBUG][39m[0m:   [90m->[0m running basename https://www.sqlite.org/2021/sqlite-amalgamation-3350500.zip[0m
[1m[90m[DEBUG][39m[0m:   	sqlite-amalgamation-3350500.zip
[1m[INFO][0m:    sqlite3 download already cached, skipping
[1m[INFO][0m:    [36m<- directory context /ddnB/project/shpyang/shpyang/WL/engine/.buildozer/android/platform/python-for-android[39m
[1m[INFO][0m:    [1m[32mDownloading python3[0m[39m
[1m[INFO][0m:    [36m-> directory context /ddnB/project/shpyang/shpyang/WL/engine/.buildozer/android/platform/build-arm64-v8a/packages/python3[39m
[1m[90m[DEBUG][39m[0m:   [90m->[0m running basename https://www.python.org/ftp/python/3.11.5/Python-3.11.5.tgz[0m
[1m[90m[DEBUG][39m[0m:   	Python-3.11.5.tgz
[1m[INFO][0m:    python3 download already cached, skipping
[1m[INFO][0m:    [36m<- directory context /ddnB/project/shpyang/shpyang/WL/engine/.buildozer/android/platform/python-for-android[39m
[1m[INFO][0m:    [1m[32mDownloading sdl2[0m[39m
[1m[INFO][0m:    [36m-> directory context /ddnB/project/shpyang/shpyang/WL/engine/.buildozer/android/platform/build-arm64-v8a/packages/sdl2[39m
[1m[90m[DEBUG][39m[0m:   [90m->[0m running basename https://github.com/libsdl-org/SDL/releases/download/release-2.28.5/SDL2-2.28.5.tar.gz[0m
[1m[90m[DEBUG][39m[0m:   	SDL2-2.28.5.tar.gz
[1m[INFO][0m:    sdl2 download already cached, skipping
[1m[INFO][0m:    [36m<- directory context /ddnB/project/shpyang/shpyang/WL/engine/.buildozer/android/platform/python-for-android[39m
[1m[INFO][0m:    [1m[32mDownloading setuptools[0m[39m
[1m[INFO][0m:    [36m-> directory context /ddnB/project/shpyang/shpyang/WL/engine/.buildozer/android/platform/build-arm64-v8a/packages/setuptools[39m
[1m[90m[DEBUG][39m[0m:   [90m->[0m running basename https://pypi.python.org/packages/source/s/setuptools/setuptools-51.3.3.tar.gz[0m
[1m[90m[DEBUG][39m[0m:   	setuptools-51.3.3.tar.gz
[1m[INFO][0m:    setuptools download already cached, skipping
[1m[INFO][0m:    [36m<- directory context /ddnB/project/shpyang/shpyang/WL/engine/.buildozer/android/platform/python-for-android[39m
[1m[INFO][0m:    [1m[32mDownloading cython[0m[39m
[1m[INFO][0m:    [36m-> directory context /ddnB/project/shpyang/shpyang/WL/engine/.buildozer/android/platform/build-arm64-v8a/packages/cython[39m
[1m[90m[DEBUG][39m[0m:   [90m->[0m running basename https://github.com/cython/cython/archive/0.29.36.tar.gz[0m
[1m[90m[DEBUG][39m[0m:   	0.29.36.tar.gz
[1m[INFO][0m:    cython download already cached, skipping
[1m[INFO][0m:    [36m<- directory context /ddnB/project/shpyang/shpyang/WL/engine/.buildozer/android/platform/python-for-android[39m
[1m[INFO][0m:    [1m[32mDownloading six[0m[39m
[1m[INFO][0m:    [36m-> directory context /ddnB/project/shpyang/shpyang/WL/engine/.buildozer/android/platform/build-arm64-v8a/packages/six[39m
[1m[90m[DEBUG][39m[0m:   [90m->[0m running basename https://pypi.python.org/packages/source/s/six/six-1.15.0.tar.gz[0m
[1m[90m[DEBUG][39m[0m:   	six-1.15.0.tar.gz
[1m[INFO][0m:    six download already cached, skipping
[1m[INFO][0m:    [36m<- directory context /ddnB/project/shpyang/shpyang/WL/engine/.buildozer/android/platform/python-for-android[39m
[1m[INFO][0m:    [1m[32mDownloading numpy[0m[39m
[1m[INFO][0m:    [36m-> directory context /ddnB/project/shpyang/shpyang/WL/engine/.buildozer/android/platform/build-arm64-v8a/packages/numpy[39m
[1m[90m[DEBUG][39m[0m:   [90m->[0m running basename https://pypi.python.org/packages/source/n/numpy/numpy-1.22.3.zip[0m
[1m[90m[DEBUG][39m[0m:   	numpy-1.22.3.zip
[1m[INFO][0m:    numpy download already cached, skipping
[1m[INFO][0m:    [36m<- directory context /ddnB/project/shpyang/shpyang/WL/engine/.buildozer/android/platform/python-for-android[39m
[1m[INFO][0m:    [1m[32mDownloading pyjnius[0m[39m
[1m[INFO][0m:    [36m-> directory context /ddnB/project/shpyang/shpyang/WL/engine/.buildozer/android/platform/build-arm64-v8a/packages/pyjnius[39m
[1m[90m[DEBUG][39m[0m:   [90m->[0m running basename https://github.com/kivy/pyjnius/archive/1.6.1.zip[0m
[1m[90m[DEBUG][39m[0m:   	1.6.1.zip
[1m[INFO][0m:    pyjnius download already cached, skipping
[1m[INFO][0m:    [36m<- directory context /ddnB/project/shpyang/shpyang/WL/engine/.buildozer/android/platform/python-for-android[39m
[1m[INFO][0m:    [1m[32mDownloading android[0m[39m
[1m[INFO][0m:    Skipping android download as no URL is set
[1m[INFO][0m:    [1m[32mDownloading kivy[0m[39m
[1m[INFO][0m:    [36m-> directory context /ddnB/project/shpyang/shpyang/WL/engine/.buildozer/android/platform/build-arm64-v8a/packages/kivy[39m
[1m[90m[DEBUG][39m[0m:   [90m->[0m running basename https://github.com/kivy/kivy/archive/2.3.0.zip[0m
[1m[90m[DEBUG][39m[0m:   	2.3.0.zip
[1m[INFO][0m:    kivy download already cached, skipping
[1m[INFO][0m:    [36m<- directory context /ddnB/project/shpyang/shpyang/WL/engine/.buildozer/android/platform/python-for-android[39m
[1m[INFO][0m:    [1m[32m# Building all recipes for arch arm64-v8a[0m[39m
[1m[INFO][0m:    [1m[32m# Unpacking recipes[0m[39m
[1m[90m[DEBUG][39m[0m:   Create directory /ddnB/project/shpyang/shpyang/WL/engine/.buildozer/android/platform/build-arm64-v8a/build/other_builds/hostpython3/desktop
[1m[INFO][0m:    [1m[32mUnpacking hostpython3 for arm64-v8a[0m[39m
[1m[90m[DEBUG][39m[0m:   [90m->[0m running basename https://www.python.org/ftp/python/3.11.5/Python-3.11.5.tgz[0m
[1m[90m[DEBUG][39m[0m:   	Python-3.11.5.tgz
[1m[INFO][0m:    [36m-> directory context /ddnB/project/shpyang/shpyang/WL/engine/.buildozer/android/platform/build-arm64-v8a/build/other_builds/hostpython3/desktop[39m
[1m[90m[DEBUG][39m[0m:   Moving Python-3.11.5 to /ddnB/project/shpyang/shpyang/WL/engine/.buildozer/android/platform/build-arm64-v8a/build/other_builds/hostpython3/desktop/hostpython3
[1m[INFO][0m:    [36m<- directory context /ddnB/project/shpyang/shpyang/WL/engine/.buildozer/android/platform/python-for-android[39m
[1m[INFO][0m:    [1m[32mUnpacking libffi for arm64-v8a[0m[39m
[1m[90m[DEBUG][39m[0m:   [90m->[0m running basename https://github.com/libffi/libffi/archive/v3.4.2.tar.gz[0m
[1m[90m[DEBUG][39m[0m:   	v3.4.2.tar.gz
[1m[INFO][0m:    [36m-> directory context /ddnB/project/shpyang/shpyang/WL/engine/.buildozer/android/platform/build-arm64-v8a/build/other_builds/libffi/arm64-v8a__ndk_target_24[39m
[1m[INFO][0m:    libffi is already unpacked, skipping
[1m[INFO][0m:    [36m<- directory context /ddnB/project/shpyang/shpyang/WL/engine/.buildozer/android/platform/python-for-android[39m
[1m[INFO][0m:    [1m[32mUnpacking openssl for arm64-v8a[0m[39m
[1m[90m[DEBUG][39m[0m:   [90m->[0m running basename https://www.openssl.org/source/openssl-1.1.1w.tar.gz[0m
[1m[90m[DEBUG][39m[0m:   	openssl-1.1.1w.tar.gz
[1m[INFO][0m:    [36m-> directory context /ddnB/project/shpyang/shpyang/WL/engine/.buildozer/android/platform/build-arm64-v8a/build/other_builds/openssl/arm64-v8a__ndk_target_24[39m
[1m[INFO][0m:    openssl is already unpacked, skipping
[1m[INFO][0m:    [36m<- directory context /ddnB/project/shpyang/shpyang/WL/engine/.buildozer/android/platform/python-for-android[39m
[1m[INFO][0m:    [1m[32mUnpacking sdl2_image for arm64-v8a[0m[39m
[1m[90m[DEBUG][39m[0m:   [90m->[0m running basename https://github.com/libsdl-org/SDL_image/releases/download/release-2.8.0/SDL2_image-2.8.0.tar.gz[0m
[1m[90m[DEBUG][39m[0m:   	SDL2_image-2.8.0.tar.gz
[1m[INFO][0m:    [36m-> directory context /ddnB/project/shpyang/shpyang/WL/engine/.buildozer/android/platform/build-arm64-v8a/build/bootstrap_builds/sdl2/jni[39m
[1m[INFO][0m:    sdl2_image is already unpacked, skipping
[1m[INFO][0m:    [36m<- directory context /ddnB/project/shpyang/shpyang/WL/engine/.buildozer/android/platform/python-for-android[39m
[1m[INFO][0m:    [1m[32mUnpacking sdl2_mixer for arm64-v8a[0m[39m
[1m[90m[DEBUG][39m[0m:   [90m->[0m running basename https://github.com/libsdl-org/SDL_mixer/releases/download/release-2.6.3/SDL2_mixer-2.6.3.tar.gz[0m
[1m[90m[DEBUG][39m[0m:   	SDL2_mixer-2.6.3.tar.gz
[1m[INFO][0m:    [36m-> directory context /ddnB/project/shpyang/shpyang/WL/engine/.buildozer/android/platform/build-arm64-v8a/build/bootstrap_builds/sdl2/jni[39m
[1m[INFO][0m:    sdl2_mixer is already unpacked, skipping
[1m[INFO][0m:    [36m<- directory context /ddnB/project/shpyang/shpyang/WL/engine/.buildozer/android/platform/python-for-android[39m
[1m[INFO][0m:    [1m[32mUnpacking sdl2_ttf for arm64-v8a[0m[39m
[1m[90m[DEBUG][39m[0m:   [90m->[0m running basename https://github.com/libsdl-org/SDL_ttf/releases/download/release-2.20.2/SDL2_ttf-2.20.2.tar.gz[0m
[1m[90m[DEBUG][39m[0m:   	SDL2_ttf-2.20.2.tar.gz
[1m[INFO][0m:    [36m-> directory context /ddnB/project/shpyang/shpyang/WL/engine/.buildozer/android/platform/build-arm64-v8a/build/bootstrap_builds/sdl2/jni[39m
[1m[INFO][0m:    sdl2_ttf is already unpacked, skipping
[1m[INFO][0m:    [36m<- directory context /ddnB/project/shpyang/shpyang/WL/engine/.buildozer/android/platform/python-for-android[39m
[1m[INFO][0m:    [1m[32mUnpacking sqlite3 for arm64-v8a[0m[39m
[1m[90m[DEBUG][39m[0m:   [90m->[0m running basename https://www.sqlite.org/2021/sqlite-amalgamation-3350500.zip[0m
[1m[90m[DEBUG][39m[0m:   	sqlite-amalgamation-3350500.zip
[1m[INFO][0m:    [36m-> directory context /ddnB/project/shpyang/shpyang/WL/engine/.buildozer/android/platform/build-arm64-v8a/build/other_builds/sqlite3/arm64-v8a__ndk_target_24[39m
[1m[INFO][0m:    sqlite3 is already unpacked, skipping
[1m[INFO][0m:    [36m<- directory context /ddnB/project/shpyang/shpyang/WL/engine/.buildozer/android/platform/python-for-android[39m
[1m[INFO][0m:    [1m[32mUnpacking python3 for arm64-v8a[0m[39m
[1m[90m[DEBUG][39m[0m:   [90m->[0m running basename https://www.python.org/ftp/python/3.11.5/Python-3.11.5.tgz[0m
[1m[90m[DEBUG][39m[0m:   	Python-3.11.5.tgz
[1m[INFO][0m:    [36m-> directory context /ddnB/project/shpyang/shpyang/WL/engine/.buildozer/android/platform/build-arm64-v8a/build/other_builds/python3/arm64-v8a__ndk_target_24[39m
[1m[INFO][0m:    python3 is already unpacked, skipping
[1m[INFO][0m:    [36m<- directory context /ddnB/project/shpyang/shpyang/WL/engine/.buildozer/android/platform/python-for-android[39m
[1m[INFO][0m:    [1m[32mUnpacking sdl2 for arm64-v8a[0m[39m
[1m[90m[DEBUG][39m[0m:   [90m->[0m running basename https://github.com/libsdl-org/SDL/releases/download/release-2.28.5/SDL2-2.28.5.tar.gz[0m
[1m[90m[DEBUG][39m[0m:   	SDL2-2.28.5.tar.gz
[1m[INFO][0m:    [36m-> directory context /ddnB/project/shpyang/shpyang/WL/engine/.buildozer/android/platform/build-arm64-v8a/build/bootstrap_builds/sdl2/jni[39m
[1m[INFO][0m:    sdl2 is already unpacked, skipping
[1m[INFO][0m:    [36m<- directory context /ddnB/project/shpyang/shpyang/WL/engine/.buildozer/android/platform/python-for-android[39m
[1m[90m[DEBUG][39m[0m:   Create directory /ddnB/project/shpyang/shpyang/WL/engine/.buildozer/android/platform/build-arm64-v8a/build/other_builds/setuptools/arm64-v8a__ndk_target_24
[1m[INFO][0m:    [1m[32mUnpacking setuptools for arm64-v8a[0m[39m
[1m[90m[DEBUG][39m[0m:   [90m->[0m running basename https://pypi.python.org/packages/source/s/setuptools/setuptools-51.3.3.tar.gz[0m
[1m[90m[DEBUG][39m[0m:   	setuptools-51.3.3.tar.gz
[1m[INFO][0m:    [36m-> directory context /ddnB/project/shpyang/shpyang/WL/engine/.buildozer/android/platform/build-arm64-v8a/build/other_builds/setuptools/arm64-v8a__ndk_target_24[39m
[1m[90m[DEBUG][39m[0m:   Moving setuptools-51.3.3 to /ddnB/project/shpyang/shpyang/WL/engine/.buildozer/android/platform/build-arm64-v8a/build/other_builds/setuptools/arm64-v8a__ndk_target_24/setuptools
[1m[INFO][0m:    [36m<- directory context /ddnB/project/shpyang/shpyang/WL/engine/.buildozer/android/platform/python-for-android[39m
[1m[INFO][0m:    [1m[32mUnpacking cython for arm64-v8a[0m[39m
[1m[90m[DEBUG][39m[0m:   [90m->[0m running basename https://github.com/cython/cython/archive/0.29.36.tar.gz[0m
[1m[90m[DEBUG][39m[0m:   	0.29.36.tar.gz
[1m[INFO][0m:    [36m-> directory context /ddnB/project/shpyang/shpyang/WL/engine/.buildozer/android/platform/build-arm64-v8a/build/other_builds/cython/arm64-v8a__ndk_target_24[39m
[1m[INFO][0m:    cython is already unpacked, skipping
[1m[INFO][0m:    [36m<- directory context /ddnB/project/shpyang/shpyang/WL/engine/.buildozer/android/platform/python-for-android[39m
[1m[INFO][0m:    [1m[32mUnpacking six for arm64-v8a[0m[39m
[1m[90m[DEBUG][39m[0m:   [90m->[0m running basename https://pypi.python.org/packages/source/s/six/six-1.15.0.tar.gz[0m
[1m[90m[DEBUG][39m[0m:   	six-1.15.0.tar.gz
[1m[INFO][0m:    [36m-> directory context /ddnB/project/shpyang/shpyang/WL/engine/.buildozer/android/platform/build-arm64-v8a/build/other_builds/six/arm64-v8a__ndk_target_24[39m
[1m[INFO][0m:    six is already unpacked, skipping
[1m[INFO][0m:    [36m<- directory context /ddnB/project/shpyang/shpyang/WL/engine/.buildozer/android/platform/python-for-android[39m
[1m[INFO][0m:    [1m[32mUnpacking numpy for arm64-v8a[0m[39m
[1m[90m[DEBUG][39m[0m:   [90m->[0m running basename https://pypi.python.org/packages/source/n/numpy/numpy-1.22.3.zip[0m
[1m[90m[DEBUG][39m[0m:   	numpy-1.22.3.zip
[1m[INFO][0m:    [36m-> directory context /ddnB/project/shpyang/shpyang/WL/engine/.buildozer/android/platform/build-arm64-v8a/build/other_builds/numpy/arm64-v8a__ndk_target_24[39m
[1m[INFO][0m:    numpy is already unpacked, skipping
[1m[INFO][0m:    [36m<- directory context /ddnB/project/shpyang/shpyang/WL/engine/.buildozer/android/platform/python-for-android[39m
[1m[INFO][0m:    [1m[32mUnpacking pyjnius for arm64-v8a[0m[39m
[1m[90m[DEBUG][39m[0m:   [90m->[0m running basename https://github.com/kivy/pyjnius/archive/1.6.1.zip[0m
[1m[90m[DEBUG][39m[0m:   	1.6.1.zip
[1m[INFO][0m:    [36m-> directory context /ddnB/project/shpyang/shpyang/WL/engine/.buildozer/android/platform/build-arm64-v8a/build/other_builds/pyjnius-sdl2/arm64-v8a__ndk_target_24[39m
[1m[INFO][0m:    pyjnius is already unpacked, skipping
[1m[INFO][0m:    [36m<- directory context /ddnB/project/shpyang/shpyang/WL/engine/.buildozer/android/platform/python-for-android[39m
[1m[90m[DEBUG][39m[0m:   Remove directory and subdirectory /ddnB/project/shpyang/shpyang/WL/engine/.buildozer/android/platform/build-arm64-v8a/build/other_builds/android-sdl2/arm64-v8a__ndk_target_24/android
[1m[90m[DEBUG][39m[0m:   [90m->[0m running cp -a /ddnB/project/shpyang/shpyang/WL/engine/.buildozer/android/platform/python-for-android/pythonforandroid/recipes/android/src /ddnB/project/shpyang/shpyang/WL/engine/.buildozer/android/platform/build-arm64-v8a/build/other_builds/android-sdl2/arm64-v8a__ndk_target_24/android[0m
[1m[INFO][0m:    [1m[32mUnpacking kivy for arm64-v8a[0m[39m
[1m[90m[DEBUG][39m[0m:   [90m->[0m running basename https://github.com/kivy/kivy/archive/2.3.0.zip[0m
[1m[90m[DEBUG][39m[0m:   	2.3.0.zip
[1m[INFO][0m:    [36m-> directory context /ddnB/project/shpyang/shpyang/WL/engine/.buildozer/android/platform/build-arm64-v8a/build/other_builds/kivy/arm64-v8a__ndk_target_24[39m
[1m[INFO][0m:    kivy is already unpacked, skipping
[1m[INFO][0m:    [36m<- directory context /ddnB/project/shpyang/shpyang/WL/engine/.buildozer/android/platform/python-for-android[39m
[1m[INFO][0m:    [1m[32m# Prebuilding recipes[0m[39m
[1m[INFO][0m:    [1m[32mPrebuilding hostpython3 for arm64-v8a[0m[39m
[1m[INFO][0m:    hostpython3 has no prebuild_arm64_v8a, skipping
[1m[INFO][0m:    [1m[32mApplying patches for hostpython3[arm64-v8a][0m[39m
[1m[INFO][0m:    Applying patch patches/pyconfig_detection.patch
[1m[90m[DEBUG][39m[0m:   [90m->[0m running patch -t -d /ddnB/project/shpyang/shpyang/WL/engine/.buildozer/android/platform/build-arm64-v8a/build/other_builds/hostpython3/desktop/hostpython3 -p1 -i /ddnB/project/shpyang/shpyang/WL/engine/.buildozer/android/platform/python-for-android/pythonforandroid/recipes/hostpython3/patches/pyconfig_detection.patch[0m
[1m[90m[DEBUG][39m[0m:   	patching file Lib/site.py
[1m[90m[DEBUG][39m[0m:   	Hunk #1 succeeded at 523 (offset 36 lines).
[1m[INFO][0m:    [1m[32mPrebuilding libffi for arm64-v8a[0m[39m
[1m[INFO][0m:    libffi has no prebuild_arm64_v8a, skipping
[1m[INFO][0m:    [1m[32mApplying patches for libffi[arm64-v8a][0m[39m
[1m[INFO][0m:    [1m[32mlibffi already patched, skipping[0m[39m
[1m[INFO][0m:    [1m[32mPrebuilding openssl for arm64-v8a[0m[39m
[1m[INFO][0m:    openssl has no prebuild_arm64_v8a, skipping
[1m[INFO][0m:    [1m[32mPrebuilding sdl2_image for arm64-v8a[0m[39m
[1m[INFO][0m:    sdl2_image has no prebuild_arm64_v8a, skipping
[1m[INFO][0m:    [1m[32mApplying patches for sdl2_image[arm64-v8a][0m[39m
[1m[INFO][0m:    [1m[32msdl2_image already patched, skipping[0m[39m
[1m[INFO][0m:    [1m[32mPrebuilding sdl2_mixer for arm64-v8a[0m[39m
[1m[INFO][0m:    sdl2_mixer has no prebuild_arm64_v8a, skipping
[1m[INFO][0m:    [1m[32mPrebuilding sdl2_ttf for arm64-v8a[0m[39m
[1m[INFO][0m:    sdl2_ttf has no prebuild_arm64_v8a, skipping
[1m[INFO][0m:    [1m[32mPrebuilding sqlite3 for arm64-v8a[0m[39m
[1m[INFO][0m:    sqlite3 has no prebuild_arm64_v8a, skipping
[1m[INFO][0m:    [1m[32mPrebuilding python3 for arm64-v8a[0m[39m
[1m[INFO][0m:    python3 has no prebuild_arm64_v8a, skipping
[1m[INFO][0m:    [1m[32mApplying patches for python3[arm64-v8a][0m[39m
[1m[INFO][0m:    [1m[32mpython3 already patched, skipping[0m[39m
[1m[INFO][0m:    [1m[32mPrebuilding sdl2 for arm64-v8a[0m[39m
[1m[INFO][0m:    sdl2 has no prebuild_arm64_v8a, skipping
[1m[INFO][0m:    [1m[32mPrebuilding setuptools for arm64-v8a[0m[39m
[1m[INFO][0m:    setuptools has no prebuild_arm64_v8a, skipping
[1m[INFO][0m:    [1m[32mPrebuilding cython for arm64-v8a[0m[39m
[1m[INFO][0m:    cython has no prebuild_arm64_v8a, skipping
[1m[INFO][0m:    [1m[32mPrebuilding six for arm64-v8a[0m[39m
[1m[INFO][0m:    six has no prebuild_arm64_v8a, skipping
[1m[INFO][0m:    [1m[32mPrebuilding numpy for arm64-v8a[0m[39m
[1m[INFO][0m:    numpy has no prebuild_arm64_v8a, skipping
[1m[INFO][0m:    [1m[32mApplying patches for numpy[arm64-v8a][0m[39m
[1m[INFO][0m:    [1m[32mnumpy already patched, skipping[0m[39m
[1m[INFO][0m:    [1m[32mPrebuilding pyjnius for arm64-v8a[0m[39m
[1m[INFO][0m:    pyjnius has no prebuild_arm64_v8a, skipping
[1m[INFO][0m:    [1m[32mApplying patches for pyjnius[arm64-v8a][0m[39m
[1m[INFO][0m:    [1m[32mpyjnius already patched, skipping[0m[39m
[1m[INFO][0m:    [1m[32mPrebuilding android for arm64-v8a[0m[39m
[1m[INFO][0m:    android has no prebuild_arm64_v8a, skipping
[1m[INFO][0m:    [36m-> directory context /ddnB/project/shpyang/shpyang/WL/engine/.buildozer/android/platform/build-arm64-v8a/build/other_builds/android-sdl2/arm64-v8a__ndk_target_24/android[39m
[1m[INFO][0m:    [36m<- directory context /ddnB/project/shpyang/shpyang/WL/engine/.buildozer/android/platform/python-for-android[39m
[1m[INFO][0m:    [1m[32mPrebuilding kivy for arm64-v8a[0m[39m
[1m[INFO][0m:    kivy has no prebuild_arm64_v8a, skipping
[1m[INFO][0m:    [1m[32mApplying patches for kivy[arm64-v8a][0m[39m
[1m[INFO][0m:    [1m[32mkivy already patched, skipping[0m[39m
[1m[INFO][0m:    [1m[32m# Building recipes[0m[39m
[1m[INFO][0m:    [1m[32mBuilding hostpython3 for arm64-v8a[0m[39m
[1m[31m[WARNING][39m[0m: pkg-config location is not supported on linux for prerequisite: openssl
[1m[90m[DEBUG][39m[0m:   Create directory /ddnB/project/shpyang/shpyang/WL/engine/.buildozer/android/platform/build-arm64-v8a/build/other_builds/hostpython3/desktop/hostpython3/native-build
[1m[INFO][0m:    [36m-> directory context /ddnB/project/shpyang/shpyang/WL/engine/.buildozer/android/platform/build-arm64-v8a/build/other_builds/hostpython3/desktop/hostpython3/native-build[39m
[1m[90m[DEBUG][39m[0m:   [90m->[0m running configure[0m
[1m[90m[DEBUG][39m[0m:   	checking build system type... x86_64-pc-linux-gnu
[1m[90m[DEBUG][39m[0m:   	checking host system type... x86_64-pc-linux-gnu
[1m[90m[DEBUG][39m[0m:   	checking for Python interpreter freezing... ./_bootstrap_python
[1m[90m[DEBUG][39m[0m:   	checking for python3.11... python3.11
[1m[90m[DEBUG][39m[0m:   	checking Python for regen version... Python 3.11.5
[1m[90m[DEBUG][39m[0m:   	checking for pkg-config... /usr/bin/pkg-config
[1m[90m[DEBUG][39m[0m:   	checking pkg-config is at least version 0.9.0... yes
[1m[90m[DEBUG][39m[0m:   	checking for --enable-universalsdk... no
[1m[90m[DEBUG][39m[0m:   	checking for --with-universal-archs... no
[1m[90m[DEBUG][39m[0m:   	checking MACHDEP... "linux"
[1m[90m[DEBUG][39m[0m:   	checking for gcc... gcc
[1m[90m[DEBUG][39m[0m:   	checking whether the C compiler works... yes
[1m[90m[DEBUG][39m[0m:   	checking for C compiler default output file name... a.out
[1m[90m[DEBUG][39m[0m:   	checking for suffix of executables...
[1m[90m[DEBUG][39m[0m:   	checking whether we are cross compiling... no
[1m[90m[DEBUG][39m[0m:   	checking for suffix of object files... o
[1m[90m[DEBUG][39m[0m:   	checking whether we are using the GNU C compiler... yes
[1m[90m[DEBUG][39m[0m:   	checking whether gcc accepts -g... yes
[1m[90m[DEBUG][39m[0m:   	checking for gcc option to accept ISO C89... none needed
[1m[90m[DEBUG][39m[0m:   	checking how to run the C preprocessor... gcc -E
[1m[90m[DEBUG][39m[0m:   	checking for grep that handles long lines and -e... /usr/bin/grep
[1m[90m[DEBUG][39m[0m:   	checking for a sed that does not truncate output... /usr/bin/sed
[1m[90m[DEBUG][39m[0m:   	checking for egrep... /usr/bin/grep -E
[1m[90m[DEBUG][39m[0m:   	checking for CC compiler name... gcc
[1m[90m[DEBUG][39m[0m:   	checking for ANSI C header files... yes
[1m[90m[DEBUG][39m[0m:   	checking for sys/types.h... yes
[1m[90m[DEBUG][39m[0m:   	checking for sys/stat.h... yes
[1m[90m[DEBUG][39m[0m:   	checking for stdlib.h... yes
[1m[90m[DEBUG][39m[0m:   	checking for string.h... yes
[1m[90m[DEBUG][39m[0m:   	checking for memory.h... yes
[1m[90m[DEBUG][39m[0m:   	checking for strings.h... yes
[1m[90m[DEBUG][39m[0m:   	checking for inttypes.h... yes
[1m[90m[DEBUG][39m[0m:   	checking for stdint.h... yes
[1m[90m[DEBUG][39m[0m:   	checking for unistd.h... yes
[1m[90m[DEBUG][39m[0m:   	checking minix/config.h usability... no
[1m[90m[DEBUG][39m[0m:   	checking minix/config.h presence... no
[1m[90m[DEBUG][39m[0m:   	checking for minix/config.h... no
[1m[90m[DEBUG][39m[0m:   	checking whether it is safe to define __EXTENSIONS__... yes
[1m[90m[DEBUG][39m[0m:   	checking for --with-cxx-main=<compiler>... no
[1m[90m[DEBUG][39m[0m:   	checking for g++... no
[1m[90m[DEBUG][39m[0m:   	configure:
[1m[90m[DEBUG][39m[0m:   	
[1m[90m[DEBUG][39m[0m:   	  By default, distutils will build C++ extension modules with "g++".
[1m[90m[DEBUG][39m[0m:   	  If this is not intended, then set CXX on the configure command line.
[1m[90m[DEBUG][39m[0m:   	
[1m[90m[DEBUG][39m[0m:   	checking for the platform triplet based on compiler characteristics... x86_64-linux-gnu
[1m[90m[DEBUG][39m[0m:   	checking for multiarch...
[1m[90m[DEBUG][39m[0m:   	checking for PEP 11 support tier... x86_64-pc-linux-gnu/gcc has tier 1 (supported)
[1m[90m[DEBUG][39m[0m:   	checking for -Wl,--no-as-needed... yes
[1m[90m[DEBUG][39m[0m:   	checking for the Android API level... not Android
[1m[90m[DEBUG][39m[0m:   	checking for --with-emscripten-target...
[1m[90m[DEBUG][39m[0m:   	checking for --enable-wasm-dynamic-linking... missing
[1m[90m[DEBUG][39m[0m:   	checking for --enable-wasm-pthreads... missing
[1m[90m[DEBUG][39m[0m:   	checking for --with-suffix...
[1m[90m[DEBUG][39m[0m:   	checking for case-insensitive build directory... no
[1m[90m[DEBUG][39m[0m:   	checking LIBRARY... libpython$(VERSION)$(ABIFLAGS).a
[1m[90m[DEBUG][39m[0m:   	checking LINKCC... $(PURIFY) $(MAINCC)
[1m[90m[DEBUG][39m[0m:   	checking EXPORTSYMS...
[1m[90m[DEBUG][39m[0m:   	checking for GNU ld... yes
[1m[90m[DEBUG][39m[0m:   	checking for --enable-shared... no
[1m[90m[DEBUG][39m[0m:   	checking for --with-static-libpython... yes
[1m[90m[DEBUG][39m[0m:   	checking for --enable-profiling... no
[1m[90m[DEBUG][39m[0m:   	checking LDLIBRARY... checking HOSTRUNNER...
[1m[90m[DEBUG][39m[0m:   	libpython$(VERSION)$(ABIFLAGS).a
[1m[90m[DEBUG][39m[0m:   	checking for ar... ar
[1m[90m[DEBUG][39m[0m:   	checking for readelf... readelf
[1m[90m[DEBUG][39m[0m:   	checking for a BSD-compatible install... /usr/bin/install -c
[1m[90m[DEBUG][39m[0m:   	checking for a thread-safe mkdir -p... /usr/bin/mkdir -p
[1m[90m[DEBUG][39m[0m:   	checking for --with-pydebug... no
[1m[90m[DEBUG][39m[0m:   	checking for --with-trace-refs... no
[1m[90m[DEBUG][39m[0m:   	checking for --enable-pystats... no
[1m[90m[DEBUG][39m[0m:   	checking for --with-assertions... no
[1m[90m[DEBUG][39m[0m:   	checking for --enable-optimizations... no
[1m[90m[DEBUG][39m[0m:   	checking PROFILE_TASK... -m test --pgo --timeout=$(TESTTIMEOUT)
[1m[90m[DEBUG][39m[0m:   	checking for --with-lto... no
[1m[90m[DEBUG][39m[0m:   	checking for llvm-profdata... no
[1m[90m[DEBUG][39m[0m:   	checking if gcc supports -Og optimization level... yes
[1m[90m[DEBUG][39m[0m:   	checking if we can add -Wextra... yes
[1m[90m[DEBUG][39m[0m:   	checking whether gcc -fno-strict-aliasing accepts and needs -fno-strict-aliasing... no
[1m[90m[DEBUG][39m[0m:   	checking if we can disable gcc unused-parameter warning... yes
[1m[90m[DEBUG][39m[0m:   	checking if we can disable gcc int-conversion warning... yes
[1m[90m[DEBUG][39m[0m:   	checking if we can disable gcc missing-field-initializers warning... yes
[1m[90m[DEBUG][39m[0m:   	checking if we can enable gcc sign-compare warning... yes
[1m[90m[DEBUG][39m[0m:   	checking if we can enable gcc unreachable-code warning... yes
[1m[90m[DEBUG][39m[0m:   	checking if we can enable gcc strict-prototypes warning... no
[1m[90m[DEBUG][39m[0m:   	checking if we can make implicit function declaration an error in gcc -Werror=implicit-function-declaration... yes
[1m[90m[DEBUG][39m[0m:   	checking if we can use visibility in gcc -fvisibility=hidden... yes
[1m[90m[DEBUG][39m[0m:   	checking whether pthreads are available without options... no
[1m[90m[DEBUG][39m[0m:   	checking whether gcc accepts -Kpthread... no
[1m[90m[DEBUG][39m[0m:   	checking whether gcc accepts -Kthread... no
[1m[90m[DEBUG][39m[0m:   	checking whether gcc accepts -pthread... yes
[1m[90m[DEBUG][39m[0m:   	checking whether g++ also accepts flags for thread support... yes
[1m[90m[DEBUG][39m[0m:   	checking alloca.h usability... yes
[1m[90m[DEBUG][39m[0m:   	checking alloca.h presence... yes
[1m[90m[DEBUG][39m[0m:   	checking for alloca.h... yes
[1m[90m[DEBUG][39m[0m:   	checking asm/types.h usability... yes
[1m[90m[DEBUG][39m[0m:   	checking asm/types.h presence... yes
[1m[90m[DEBUG][39m[0m:   	checking for asm/types.h... yes
[1m[90m[DEBUG][39m[0m:   	checking bluetooth.h usability... no
[1m[90m[DEBUG][39m[0m:   	checking bluetooth.h presence... no
[1m[90m[DEBUG][39m[0m:   	checking for bluetooth.h... no
[1m[90m[DEBUG][39m[0m:   	checking conio.h usability... no
[1m[90m[DEBUG][39m[0m:   	checking conio.h presence... no
[1m[90m[DEBUG][39m[0m:   	checking for conio.h... no
[1m[90m[DEBUG][39m[0m:   	checking crypt.h usability... yes
[1m[90m[DEBUG][39m[0m:   	checking crypt.h presence... yes
[1m[90m[DEBUG][39m[0m:   	checking for crypt.h... yes
[1m[90m[DEBUG][39m[0m:   	checking direct.h usability... no
[1m[90m[DEBUG][39m[0m:   	checking direct.h presence... no
[1m[90m[DEBUG][39m[0m:   	checking for direct.h... no
[1m[90m[DEBUG][39m[0m:   	checking dlfcn.h usability... yes
[1m[90m[DEBUG][39m[0m:   	checking dlfcn.h presence... yes
[1m[90m[DEBUG][39m[0m:   	checking for dlfcn.h... yes
[1m[90m[DEBUG][39m[0m:   	checking endian.h usability... yes
[1m[90m[DEBUG][39m[0m:   	checking endian.h presence... yes
[1m[90m[DEBUG][39m[0m:   	checking for endian.h... yes
[1m[90m[DEBUG][39m[0m:   	checking errno.h usability... yes
[1m[90m[DEBUG][39m[0m:   	checking errno.h presence... yes
[1m[90m[DEBUG][39m[0m:   	checking for errno.h... yes
[1m[90m[DEBUG][39m[0m:   	checking fcntl.h usability... yes
[1m[90m[DEBUG][39m[0m:   	checking fcntl.h presence... yes
[1m[90m[DEBUG][39m[0m:   	checking for fcntl.h... yes
[1m[90m[DEBUG][39m[0m:   	checking grp.h usability... yes
[1m[90m[DEBUG][39m[0m:   	checking grp.h presence... yes
[1m[90m[DEBUG][39m[0m:   	checking for grp.h... yes
[1m[90m[DEBUG][39m[0m:   	checking ieeefp.h usability... no
[1m[90m[DEBUG][39m[0m:   	checking ieeefp.h presence... no
[1m[90m[DEBUG][39m[0m:   	checking for ieeefp.h... no
[1m[90m[DEBUG][39m[0m:   	checking io.h usability... no
[1m[90m[DEBUG][39m[0m:   	checking io.h presence... no
[1m[90m[DEBUG][39m[0m:   	checking for io.h... no
[1m[90m[DEBUG][39m[0m:   	checking langinfo.h usability... yes
[1m[90m[DEBUG][39m[0m:   	checking langinfo.h presence... yes
[1m[90m[DEBUG][39m[0m:   	checking for langinfo.h... yes
[1m[90m[DEBUG][39m[0m:   	checking libintl.h usability... yes
[1m[90m[DEBUG][39m[0m:   	checking libintl.h presence... yes
[1m[90m[DEBUG][39m[0m:   	checking for libintl.h... yes
[1m[90m[DEBUG][39m[0m:   	checking libutil.h usability... no
[1m[90m[DEBUG][39m[0m:   	checking libutil.h presence... no
[1m[90m[DEBUG][39m[0m:   	checking for libutil.h... no
[1m[90m[DEBUG][39m[0m:   	checking linux/auxvec.h usability... yes
[1m[90m[DEBUG][39m[0m:   	checking linux/auxvec.h presence... yes
[1m[90m[DEBUG][39m[0m:   	checking for linux/auxvec.h... yes
[1m[90m[DEBUG][39m[0m:   	checking sys/auxv.h usability... yes
[1m[90m[DEBUG][39m[0m:   	checking sys/auxv.h presence... yes
[1m[90m[DEBUG][39m[0m:   	checking for sys/auxv.h... yes
[1m[90m[DEBUG][39m[0m:   	checking linux/limits.h usability... yes
[1m[90m[DEBUG][39m[0m:   	checking linux/limits.h presence... yes
[1m[90m[DEBUG][39m[0m:   	checking for linux/limits.h... yes
[1m[90m[DEBUG][39m[0m:   	checking linux/memfd.h usability... yes
[1m[90m[DEBUG][39m[0m:   	checking linux/memfd.h presence... yes
[1m[90m[DEBUG][39m[0m:   	checking for linux/memfd.h... yes
[1m[90m[DEBUG][39m[0m:   	checking linux/random.h usability... yes
[1m[90m[DEBUG][39m[0m:   	checking linux/random.h presence... yes
[1m[90m[DEBUG][39m[0m:   	checking for linux/random.h... yes
[1m[90m[DEBUG][39m[0m:   	checking linux/soundcard.h usability... yes
[1m[90m[DEBUG][39m[0m:   	checking linux/soundcard.h presence... yes
[1m[90m[DEBUG][39m[0m:   	checking for linux/soundcard.h... yes
[1m[90m[DEBUG][39m[0m:   	checking linux/tipc.h usability... yes
[1m[90m[DEBUG][39m[0m:   	checking linux/tipc.h presence... yes
[1m[90m[DEBUG][39m[0m:   	checking for linux/tipc.h... yes
[1m[90m[DEBUG][39m[0m:   	checking linux/wait.h usability... yes
[1m[90m[DEBUG][39m[0m:   	checking linux/wait.h presence... yes
[1m[90m[DEBUG][39m[0m:   	checking for linux/wait.h... yes
[1m[90m[DEBUG][39m[0m:   	checking netdb.h usability... yes
[1m[90m[DEBUG][39m[0m:   	checking netdb.h presence... yes
[1m[90m[DEBUG][39m[0m:   	checking for netdb.h... yes
[1m[90m[DEBUG][39m[0m:   	checking netinet/in.h usability... yes
[1m[90m[DEBUG][39m[0m:   	checking netinet/in.h presence... yes
[1m[90m[DEBUG][39m[0m:   	checking for netinet/in.h... yes
[1m[90m[DEBUG][39m[0m:   	checking netpacket/packet.h usability... yes
[1m[90m[DEBUG][39m[0m:   	checking netpacket/packet.h presence... yes
[1m[90m[DEBUG][39m[0m:   	checking for netpacket/packet.h... yes
[1m[90m[DEBUG][39m[0m:   	checking poll.h usability... yes
[1m[90m[DEBUG][39m[0m:   	checking poll.h presence... yes
[1m[90m[DEBUG][39m[0m:   	checking for poll.h... yes
[1m[90m[DEBUG][39m[0m:   	checking process.h usability... no
[1m[90m[DEBUG][39m[0m:   	checking process.h presence... no
[1m[90m[DEBUG][39m[0m:   	checking for process.h... no
[1m[90m[DEBUG][39m[0m:   	checking pthread.h usability... yes
[1m[90m[DEBUG][39m[0m:   	checking pthread.h presence... yes
[1m[90m[DEBUG][39m[0m:   	checking for pthread.h... yes
[1m[90m[DEBUG][39m[0m:   	checking pty.h usability... yes
[1m[90m[DEBUG][39m[0m:   	checking pty.h presence... yes
[1m[90m[DEBUG][39m[0m:   	checking for pty.h... yes
[1m[90m[DEBUG][39m[0m:   	checking sched.h usability... yes
[1m[90m[DEBUG][39m[0m:   	checking sched.h presence... yes
[1m[90m[DEBUG][39m[0m:   	checking for sched.h... yes
[1m[90m[DEBUG][39m[0m:   	checking setjmp.h usability... yes
[1m[90m[DEBUG][39m[0m:   	checking setjmp.h presence... yes
[1m[90m[DEBUG][39m[0m:   	checking for setjmp.h... yes
[1m[90m[DEBUG][39m[0m:   	checking shadow.h usability... yes
[1m[90m[DEBUG][39m[0m:   	checking shadow.h presence... yes
[1m[90m[DEBUG][39m[0m:   	checking for shadow.h... yes
[1m[90m[DEBUG][39m[0m:   	checking signal.h usability... yes
[1m[90m[DEBUG][39m[0m:   	checking signal.h presence... yes
[1m[90m[DEBUG][39m[0m:   	checking for signal.h... yes
[1m[90m[DEBUG][39m[0m:   	checking spawn.h usability... yes
[1m[90m[DEBUG][39m[0m:   	checking spawn.h presence... yes
[1m[90m[DEBUG][39m[0m:   	checking for spawn.h... yes
[1m[90m[DEBUG][39m[0m:   	checking stropts.h usability... no
[1m[90m[DEBUG][39m[0m:   	checking stropts.h presence... no
[1m[90m[DEBUG][39m[0m:   	checking for stropts.h... no
[1m[90m[DEBUG][39m[0m:   	checking sys/audioio.h usability... no
[1m[90m[DEBUG][39m[0m:   	checking sys/audioio.h presence... no
[1m[90m[DEBUG][39m[0m:   	checking for sys/audioio.h... no
[1m[90m[DEBUG][39m[0m:   	checking sys/bsdtty.h usability... no
[1m[90m[DEBUG][39m[0m:   	checking sys/bsdtty.h presence... no
[1m[90m[DEBUG][39m[0m:   	checking for sys/bsdtty.h... no
[1m[90m[DEBUG][39m[0m:   	checking sys/devpoll.h usability... no
[1m[90m[DEBUG][39m[0m:   	checking sys/devpoll.h presence... no
[1m[90m[DEBUG][39m[0m:   	checking for sys/devpoll.h... no
[1m[90m[DEBUG][39m[0m:   	checking sys/endian.h usability... no
[1m[90m[DEBUG][39m[0m:   	checking sys/endian.h presence... no
[1m[90m[DEBUG][39m[0m:   	checking for sys/endian.h... no
[1m[90m[DEBUG][39m[0m:   	checking sys/epoll.h usability... yes
[1m[90m[DEBUG][39m[0m:   	checking sys/epoll.h presence... yes
[1m[90m[DEBUG][39m[0m:   	checking for sys/epoll.h... yes
[1m[90m[DEBUG][39m[0m:   	checking sys/event.h usability... no
[1m[90m[DEBUG][39m[0m:   	checking sys/event.h presence... no
[1m[90m[DEBUG][39m[0m:   	checking for sys/event.h... no
[1m[90m[DEBUG][39m[0m:   	checking sys/eventfd.h usability... yes
[1m[90m[DEBUG][39m[0m:   	checking sys/eventfd.h presence... yes
[1m[90m[DEBUG][39m[0m:   	checking for sys/eventfd.h... yes
[1m[90m[DEBUG][39m[0m:   	checking sys/file.h usability... yes
[1m[90m[DEBUG][39m[0m:   	checking sys/file.h presence... yes
[1m[90m[DEBUG][39m[0m:   	checking for sys/file.h... yes
[1m[90m[DEBUG][39m[0m:   	checking sys/ioctl.h usability... yes
[1m[90m[DEBUG][39m[0m:   	checking sys/ioctl.h presence... yes
[1m[90m[DEBUG][39m[0m:   	checking for sys/ioctl.h... yes
[1m[90m[DEBUG][39m[0m:   	checking sys/kern_control.h usability... no
[1m[90m[DEBUG][39m[0m:   	checking sys/kern_control.h presence... no
[1m[90m[DEBUG][39m[0m:   	checking for sys/kern_control.h... no
[1m[90m[DEBUG][39m[0m:   	checking sys/loadavg.h usability... no
[1m[90m[DEBUG][39m[0m:   	checking sys/loadavg.h presence... no
[1m[90m[DEBUG][39m[0m:   	checking for sys/loadavg.h... no
[1m[90m[DEBUG][39m[0m:   	checking sys/lock.h usability... no
[1m[90m[DEBUG][39m[0m:   	checking sys/lock.h presence... no
[1m[90m[DEBUG][39m[0m:   	checking for sys/lock.h... no
[1m[90m[DEBUG][39m[0m:   	checking sys/memfd.h usability... no
[1m[90m[DEBUG][39m[0m:   	checking sys/memfd.h presence... no
[1m[90m[DEBUG][39m[0m:   	checking for sys/memfd.h... no
[1m[90m[DEBUG][39m[0m:   	checking sys/mkdev.h usability... no
[1m[90m[DEBUG][39m[0m:   	checking sys/mkdev.h presence... no
[1m[90m[DEBUG][39m[0m:   	checking for sys/mkdev.h... no
[1m[90m[DEBUG][39m[0m:   	checking sys/mman.h usability... yes
[1m[90m[DEBUG][39m[0m:   	checking sys/mman.h presence... yes
[1m[90m[DEBUG][39m[0m:   	checking for sys/mman.h... yes
[1m[90m[DEBUG][39m[0m:   	checking sys/modem.h usability... no
[1m[90m[DEBUG][39m[0m:   	checking sys/modem.h presence... no
[1m[90m[DEBUG][39m[0m:   	checking for sys/modem.h... no
[1m[90m[DEBUG][39m[0m:   	checking sys/param.h usability... yes
[1m[90m[DEBUG][39m[0m:   	checking sys/param.h presence... yes
[1m[90m[DEBUG][39m[0m:   	checking for sys/param.h... yes
[1m[90m[DEBUG][39m[0m:   	checking sys/poll.h usability... yes
[1m[90m[DEBUG][39m[0m:   	checking sys/poll.h presence... yes
[1m[90m[DEBUG][39m[0m:   	checking for sys/poll.h... yes
[1m[90m[DEBUG][39m[0m:   	checking sys/random.h usability... yes
[1m[90m[DEBUG][39m[0m:   	checking sys/random.h presence... yes
[1m[90m[DEBUG][39m[0m:   	checking for sys/random.h... yes
[1m[90m[DEBUG][39m[0m:   	checking sys/resource.h usability... yes
[1m[90m[DEBUG][39m[0m:   	checking sys/resource.h presence... yes
[1m[90m[DEBUG][39m[0m:   	checking for sys/resource.h... yes
[1m[90m[DEBUG][39m[0m:   	checking sys/select.h usability... yes
[1m[90m[DEBUG][39m[0m:   	checking sys/select.h presence... yes
[1m[90m[DEBUG][39m[0m:   	checking for sys/select.h... yes
[1m[90m[DEBUG][39m[0m:   	checking sys/sendfile.h usability... yes
[1m[90m[DEBUG][39m[0m:   	checking sys/sendfile.h presence... yes
[1m[90m[DEBUG][39m[0m:   	checking for sys/sendfile.h... yes
[1m[90m[DEBUG][39m[0m:   	checking sys/socket.h usability... yes
[1m[90m[DEBUG][39m[0m:   	checking sys/socket.h presence... yes
[1m[90m[DEBUG][39m[0m:   	checking for sys/socket.h... yes
[1m[90m[DEBUG][39m[0m:   	checking sys/soundcard.h usability... yes
[1m[90m[DEBUG][39m[0m:   	checking sys/soundcard.h presence... yes
[1m[90m[DEBUG][39m[0m:   	checking for sys/soundcard.h... yes
[1m[90m[DEBUG][39m[0m:   	checking for sys/stat.h... (cached) yes
[1m[90m[DEBUG][39m[0m:   	checking sys/statvfs.h usability... yes
[1m[90m[DEBUG][39m[0m:   	checking sys/statvfs.h presence... yes
[1m[90m[DEBUG][39m[0m:   	checking for sys/statvfs.h... yes
[1m[90m[DEBUG][39m[0m:   	checking sys/sys_domain.h usability... no
[1m[90m[DEBUG][39m[0m:   	checking sys/sys_domain.h presence... no
[1m[90m[DEBUG][39m[0m:   	checking for sys/sys_domain.h... no
[1m[90m[DEBUG][39m[0m:   	checking sys/syscall.h usability... yes
[1m[90m[DEBUG][39m[0m:   	checking sys/syscall.h presence... yes
[1m[90m[DEBUG][39m[0m:   	checking for sys/syscall.h... yes
[1m[90m[DEBUG][39m[0m:   	checking sys/sysmacros.h usability... yes
[1m[90m[DEBUG][39m[0m:   	checking sys/sysmacros.h presence... yes
[1m[90m[DEBUG][39m[0m:   	checking for sys/sysmacros.h... yes
[1m[90m[DEBUG][39m[0m:   	checking sys/termio.h usability... no
[1m[90m[DEBUG][39m[0m:   	checking sys/termio.h presence... no
[1m[90m[DEBUG][39m[0m:   	checking for sys/termio.h... no
[1m[90m[DEBUG][39m[0m:   	checking sys/time.h usability... yes
[1m[90m[DEBUG][39m[0m:   	checking sys/time.h presence... yes
[1m[90m[DEBUG][39m[0m:   	checking for sys/time.h... yes
[1m[90m[DEBUG][39m[0m:   	checking sys/times.h usability... yes
[1m[90m[DEBUG][39m[0m:   	checking sys/times.h presence... yes
[1m[90m[DEBUG][39m[0m:   	checking for sys/times.h... yes
[1m[90m[DEBUG][39m[0m:   	checking for sys/types.h... (cached) yes
[1m[90m[DEBUG][39m[0m:   	checking sys/uio.h usability... yes
[1m[90m[DEBUG][39m[0m:   	checking sys/uio.h presence... yes
[1m[90m[DEBUG][39m[0m:   	checking for sys/uio.h... yes
[1m[90m[DEBUG][39m[0m:   	checking sys/un.h usability... yes
[1m[90m[DEBUG][39m[0m:   	checking sys/un.h presence... yes
[1m[90m[DEBUG][39m[0m:   	checking for sys/un.h... yes
[1m[90m[DEBUG][39m[0m:   	checking sys/utsname.h usability... yes
[1m[90m[DEBUG][39m[0m:   	checking sys/utsname.h presence... yes
[1m[90m[DEBUG][39m[0m:   	checking for sys/utsname.h... yes
[1m[90m[DEBUG][39m[0m:   	checking sys/wait.h usability... yes
[1m[90m[DEBUG][39m[0m:   	checking sys/wait.h presence... yes
[1m[90m[DEBUG][39m[0m:   	checking for sys/wait.h... yes
[1m[90m[DEBUG][39m[0m:   	checking sys/xattr.h usability... yes
[1m[90m[DEBUG][39m[0m:   	checking sys/xattr.h presence... yes
[1m[90m[DEBUG][39m[0m:   	checking for sys/xattr.h... yes
[1m[90m[DEBUG][39m[0m:   	checking sysexits.h usability... yes
[1m[90m[DEBUG][39m[0m:   	checking sysexits.h presence... yes
[1m[90m[DEBUG][39m[0m:   	checking for sysexits.h... yes
[1m[90m[DEBUG][39m[0m:   	checking syslog.h usability... yes
[1m[90m[DEBUG][39m[0m:   	checking syslog.h presence... yes
[1m[90m[DEBUG][39m[0m:   	checking for syslog.h... yes
[1m[90m[DEBUG][39m[0m:   	checking termios.h usability... yes
[1m[90m[DEBUG][39m[0m:   	checking termios.h presence... yes
[1m[90m[DEBUG][39m[0m:   	checking for termios.h... yes
[1m[90m[DEBUG][39m[0m:   	checking util.h usability... no
[1m[90m[DEBUG][39m[0m:   	checking util.h presence... no
[1m[90m[DEBUG][39m[0m:   	checking for util.h... no
[1m[90m[DEBUG][39m[0m:   	checking utime.h usability... yes
[1m[90m[DEBUG][39m[0m:   	checking utime.h presence... yes
[1m[90m[DEBUG][39m[0m:   	checking for utime.h... yes
[1m[90m[DEBUG][39m[0m:   	checking utmp.h usability... yes
[1m[90m[DEBUG][39m[0m:   	checking utmp.h presence... yes
[1m[90m[DEBUG][39m[0m:   	checking for utmp.h... yes
[1m[90m[DEBUG][39m[0m:   	checking for dirent.h that defines DIR... yes
[1m[90m[DEBUG][39m[0m:   	checking for library containing opendir... none required
[1m[90m[DEBUG][39m[0m:   	checking whether sys/types.h defines makedev... no
[1m[90m[DEBUG][39m[0m:   	checking for sys/mkdev.h... (cached) no
[1m[90m[DEBUG][39m[0m:   	checking for sys/sysmacros.h... (cached) yes
[1m[90m[DEBUG][39m[0m:   	checking bluetooth/bluetooth.h usability... no
[1m[90m[DEBUG][39m[0m:   	checking bluetooth/bluetooth.h presence... no
[1m[90m[DEBUG][39m[0m:   	checking for bluetooth/bluetooth.h... no
[1m[90m[DEBUG][39m[0m:   	checking for net/if.h... yes
[1m[90m[DEBUG][39m[0m:   	checking for linux/netlink.h... yes
[1m[90m[DEBUG][39m[0m:   	checking for linux/qrtr.h... yes
[1m[90m[DEBUG][39m[0m:   	checking for linux/vm_sockets.h... yes
[1m[90m[DEBUG][39m[0m:   	checking for linux/can.h... yes
[1m[90m[DEBUG][39m[0m:   	checking for linux/can/bcm.h... yes
[1m[90m[DEBUG][39m[0m:   	checking for linux/can/j1939.h... no
[1m[90m[DEBUG][39m[0m:   	checking for linux/can/raw.h... yes
[1m[90m[DEBUG][39m[0m:   	checking for netcan/can.h... no
[1m[90m[DEBUG][39m[0m:   	checking for clock_t in time.h... yes
[1m[90m[DEBUG][39m[0m:   	checking for makedev... yes
[1m[90m[DEBUG][39m[0m:   	checking for le64toh... yes
[1m[90m[DEBUG][39m[0m:   	checking for mode_t... yes
[1m[90m[DEBUG][39m[0m:   	checking for off_t... yes
[1m[90m[DEBUG][39m[0m:   	checking for pid_t... yes
[1m[90m[DEBUG][39m[0m:   	checking for size_t... yes
[1m[90m[DEBUG][39m[0m:   	checking for uid_t in sys/types.h... yes
[1m[90m[DEBUG][39m[0m:   	checking for ssize_t... yes
[1m[90m[DEBUG][39m[0m:   	checking for __uint128_t... yes
[1m[90m[DEBUG][39m[0m:   	checking size of int... 4
[1m[90m[DEBUG][39m[0m:   	checking size of long... 8
[1m[90m[DEBUG][39m[0m:   	checking alignment of long... 8
[1m[90m[DEBUG][39m[0m:   	checking size of long long... 8
[1m[90m[DEBUG][39m[0m:   	checking size of void *... 8
[1m[90m[DEBUG][39m[0m:   	checking size of short... 2
[1m[90m[DEBUG][39m[0m:   	checking size of float... 4
[1m[90m[DEBUG][39m[0m:   	checking size of double... 8
[1m[90m[DEBUG][39m[0m:   	checking size of fpos_t... 16
[1m[90m[DEBUG][39m[0m:   	checking size of size_t... 8
[1m[90m[DEBUG][39m[0m:   	checking alignment of size_t... 8
[1m[90m[DEBUG][39m[0m:   	checking size of pid_t... 4
[1m[90m[DEBUG][39m[0m:   	checking size of uintptr_t... 8
[1m[90m[DEBUG][39m[0m:   	checking for long double... yes
[1m[90m[DEBUG][39m[0m:   	checking size of long double... 16
[1m[90m[DEBUG][39m[0m:   	checking size of _Bool... 1
[1m[90m[DEBUG][39m[0m:   	checking size of off_t... 8
[1m[90m[DEBUG][39m[0m:   	checking whether to enable large file support... no
[1m[90m[DEBUG][39m[0m:   	checking size of time_t... 8
[1m[90m[DEBUG][39m[0m:   	checking for pthread_t... yes
[1m[90m[DEBUG][39m[0m:   	checking size of pthread_t... 8
[1m[90m[DEBUG][39m[0m:   	checking size of pthread_key_t... 4
[1m[90m[DEBUG][39m[0m:   	checking whether pthread_key_t is compatible with int... yes
[1m[90m[DEBUG][39m[0m:   	checking for --enable-framework... no
[1m[90m[DEBUG][39m[0m:   	checking for dyld... no
[1m[90m[DEBUG][39m[0m:   	checking for --with-address-sanitizer... no
[1m[90m[DEBUG][39m[0m:   	checking for --with-memory-sanitizer... no
[1m[90m[DEBUG][39m[0m:   	checking for --with-undefined-behavior-sanitizer... no
[1m[90m[DEBUG][39m[0m:   	checking the extension of shared libraries... .so
[1m[90m[DEBUG][39m[0m:   	checking LDSHARED... $(CC) -shared
[1m[90m[DEBUG][39m[0m:   	checking BLDSHARED flags... $(CC) -shared
[1m[90m[DEBUG][39m[0m:   	checking CCSHARED... -fPIC
[1m[90m[DEBUG][39m[0m:   	checking LINKFORSHARED... -Xlinker -export-dynamic
[1m[90m[DEBUG][39m[0m:   	checking CFLAGSFORSHARED...
[1m[90m[DEBUG][39m[0m:   	checking SHLIBS... $(LIBS)
[1m[90m[DEBUG][39m[0m:   	checking for sendfile in -lsendfile... no
[1m[90m[DEBUG][39m[0m:   	checking for dlopen in -ldl... yes
[1m[90m[DEBUG][39m[0m:   	checking for shl_load in -ldld... no
[1m[90m[DEBUG][39m[0m:   	checking uuid.h usability... no
[1m[90m[DEBUG][39m[0m:   	checking uuid.h presence... no
[1m[90m[DEBUG][39m[0m:   	checking for uuid.h... no
[1m[90m[DEBUG][39m[0m:   	checking for LIBUUID... yes
[1m[90m[DEBUG][39m[0m:   	checking for library containing sem_init... -lpthread
[1m[90m[DEBUG][39m[0m:   	checking for textdomain in -lintl... no
[1m[90m[DEBUG][39m[0m:   	checking aligned memory access is required... no
[1m[90m[DEBUG][39m[0m:   	checking for --with-hash-algorithm... default
[1m[90m[DEBUG][39m[0m:   	checking for --with-tzpath... "/usr/share/zoneinfo:/usr/lib/zoneinfo:/usr/share/lib/zoneinfo:/etc/zoneinfo"
[1m[90m[DEBUG][39m[0m:   	checking for t_open in -lnsl... no
[1m[90m[DEBUG][39m[0m:   	checking for socket in -lsocket... no
[1m[90m[DEBUG][39m[0m:   	checking for --with-libs... no
[1m[90m[DEBUG][39m[0m:   	checking for --with-system-expat... no
[1m[90m[DEBUG][39m[0m:   	checking for --with-system-ffi... yes
[1m[90m[DEBUG][39m[0m:   	checking for --with-system-libmpdec... no
[1m[90m[DEBUG][39m[0m:   	checking for --with-decimal-contextvar... yes
[1m[90m[DEBUG][39m[0m:   	checking for decimal libmpdec machine... uint128
[1m[90m[DEBUG][39m[0m:   	checking for LIBNSL... no
[1m[90m[DEBUG][39m[0m:   	checking for library containing yp_match... no
[1m[90m[DEBUG][39m[0m:   	checking for LIBSQLITE3... yes
[1m[90m[DEBUG][39m[0m:   	checking sqlite3.h usability... yes
[1m[90m[DEBUG][39m[0m:   	checking sqlite3.h presence... yes
[1m[90m[DEBUG][39m[0m:   	checking for sqlite3.h... yes
[1m[90m[DEBUG][39m[0m:   	checking for sqlite3_bind_double in -lsqlite3... yes
[1m[90m[DEBUG][39m[0m:   	checking for sqlite3_column_decltype in -lsqlite3... yes
[1m[90m[DEBUG][39m[0m:   	checking for sqlite3_column_double in -lsqlite3... yes
[1m[90m[DEBUG][39m[0m:   	checking for sqlite3_complete in -lsqlite3... yes
[1m[90m[DEBUG][39m[0m:   	checking for sqlite3_enable_shared_cache in -lsqlite3... yes
[1m[90m[DEBUG][39m[0m:   	checking for sqlite3_progress_handler in -lsqlite3... yes
[1m[90m[DEBUG][39m[0m:   	checking for sqlite3_result_double in -lsqlite3... yes
[1m[90m[DEBUG][39m[0m:   	checking for sqlite3_set_authorizer in -lsqlite3... yes
[1m[90m[DEBUG][39m[0m:   	checking for sqlite3_trace_v2 in -lsqlite3... yes
[1m[90m[DEBUG][39m[0m:   	checking for sqlite3_value_double in -lsqlite3... yes
[1m[90m[DEBUG][39m[0m:   	checking for sqlite3_load_extension in -lsqlite3... yes
[1m[90m[DEBUG][39m[0m:   	checking for sqlite3_serialize in -lsqlite3... yes
[1m[90m[DEBUG][39m[0m:   	checking for --enable-loadable-sqlite-extensions... no
[1m[90m[DEBUG][39m[0m:   	checking for TCLTK... yes
[1m[90m[DEBUG][39m[0m:   	checking gdbm.h usability... no
[1m[90m[DEBUG][39m[0m:   	checking gdbm.h presence... no
[1m[90m[DEBUG][39m[0m:   	checking for gdbm.h... no
[1m[90m[DEBUG][39m[0m:   	checking ndbm.h usability... no
[1m[90m[DEBUG][39m[0m:   	checking ndbm.h presence... no
[1m[90m[DEBUG][39m[0m:   	checking for ndbm.h... no
[1m[90m[DEBUG][39m[0m:   	checking gdbm/ndbm.h usability... no
[1m[90m[DEBUG][39m[0m:   	checking gdbm/ndbm.h presence... no
[1m[90m[DEBUG][39m[0m:   	checking for gdbm/ndbm.h... no
[1m[90m[DEBUG][39m[0m:   	checking gdbm-ndbm.h usability... no
[1m[90m[DEBUG][39m[0m:   	checking gdbm-ndbm.h presence... no
[1m[90m[DEBUG][39m[0m:   	checking for gdbm-ndbm.h... no
[1m[90m[DEBUG][39m[0m:   	checking db.h usability... no
[1m[90m[DEBUG][39m[0m:   	checking db.h presence... no
[1m[90m[DEBUG][39m[0m:   	checking for db.h... no
[1m[90m[DEBUG][39m[0m:   	checking for --with-dbmliborder... gdbm:ndbm:bdb
[1m[90m[DEBUG][39m[0m:   	checking if PTHREAD_SCOPE_SYSTEM is supported... yes
[1m[90m[DEBUG][39m[0m:   	checking for pthread_sigmask... yes
[1m[90m[DEBUG][39m[0m:   	checking for pthread_getcpuclockid... yes
[1m[90m[DEBUG][39m[0m:   	checking if --enable-ipv6 is specified... yes
[1m[90m[DEBUG][39m[0m:   	checking if RFC2553 API is available... yes
[1m[90m[DEBUG][39m[0m:   	checking ipv6 stack type... linux-glibc
[1m[90m[DEBUG][39m[0m:   	checking CAN_RAW_FD_FRAMES... yes
[1m[90m[DEBUG][39m[0m:   	checking for CAN_RAW_JOIN_FILTERS... yes
[1m[90m[DEBUG][39m[0m:   	checking for --with-doc-strings... yes
[1m[90m[DEBUG][39m[0m:   	checking for --with-pymalloc... yes
[1m[90m[DEBUG][39m[0m:   	checking for --with-freelists... yes
[1m[90m[DEBUG][39m[0m:   	checking for --with-c-locale-coercion... yes
[1m[90m[DEBUG][39m[0m:   	checking for --with-valgrind... no
[1m[90m[DEBUG][39m[0m:   	checking for --with-dtrace... no
[1m[90m[DEBUG][39m[0m:   	checking for dlopen... yes
[1m[90m[DEBUG][39m[0m:   	checking DYNLOADFILE... dynload_shlib.o
[1m[90m[DEBUG][39m[0m:   	checking MACHDEP_OBJS... none
[1m[90m[DEBUG][39m[0m:   	checking for accept4... yes
[1m[90m[DEBUG][39m[0m:   	checking for alarm... yes
[1m[90m[DEBUG][39m[0m:   	checking for bind_textdomain_codeset... yes
[1m[90m[DEBUG][39m[0m:   	checking for chmod... yes
[1m[90m[DEBUG][39m[0m:   	checking for chown... yes
[1m[90m[DEBUG][39m[0m:   	checking for clock... yes
[1m[90m[DEBUG][39m[0m:   	checking for close_range... no
[1m[90m[DEBUG][39m[0m:   	checking for confstr... yes
[1m[90m[DEBUG][39m[0m:   	checking for copy_file_range... yes
[1m[90m[DEBUG][39m[0m:   	checking for ctermid... yes
[1m[90m[DEBUG][39m[0m:   	checking for dup... yes
[1m[90m[DEBUG][39m[0m:   	checking for dup3... yes
[1m[90m[DEBUG][39m[0m:   	checking for execv... yes
[1m[90m[DEBUG][39m[0m:   	checking for explicit_bzero... yes
[1m[90m[DEBUG][39m[0m:   	checking for explicit_memset... no
[1m[90m[DEBUG][39m[0m:   	checking for faccessat... yes
[1m[90m[DEBUG][39m[0m:   	checking for fchmod... yes
[1m[90m[DEBUG][39m[0m:   	checking for fchmodat... yes
[1m[90m[DEBUG][39m[0m:   	checking for fchown... yes
[1m[90m[DEBUG][39m[0m:   	checking for fchownat... yes
[1m[90m[DEBUG][39m[0m:   	checking for fdopendir... yes
[1m[90m[DEBUG][39m[0m:   	checking for fdwalk... no
[1m[90m[DEBUG][39m[0m:   	checking for fexecve... yes
[1m[90m[DEBUG][39m[0m:   	checking for fork... yes
[1m[90m[DEBUG][39m[0m:   	checking for fork1... no
[1m[90m[DEBUG][39m[0m:   	checking for fpathconf... yes
[1m[90m[DEBUG][39m[0m:   	checking for fstatat... yes
[1m[90m[DEBUG][39m[0m:   	checking for ftime... yes
[1m[90m[DEBUG][39m[0m:   	checking for ftruncate... yes
[1m[90m[DEBUG][39m[0m:   	checking for futimens... yes
[1m[90m[DEBUG][39m[0m:   	checking for futimes... yes
[1m[90m[DEBUG][39m[0m:   	checking for futimesat... yes
[1m[90m[DEBUG][39m[0m:   	checking for gai_strerror... yes
[1m[90m[DEBUG][39m[0m:   	checking for getegid... yes
[1m[90m[DEBUG][39m[0m:   	checking for getentropy... yes
[1m[90m[DEBUG][39m[0m:   	checking for geteuid... yes
[1m[90m[DEBUG][39m[0m:   	checking for getgid... yes
[1m[90m[DEBUG][39m[0m:   	checking for getgrgid... yes
[1m[90m[DEBUG][39m[0m:   	checking for getgrgid_r... yes
[1m[90m[DEBUG][39m[0m:   	checking for getgrnam_r... yes
[1m[90m[DEBUG][39m[0m:   	checking for getgrouplist... yes
[1m[90m[DEBUG][39m[0m:   	checking for getgroups... yes
[1m[90m[DEBUG][39m[0m:   	checking for gethostname... yes
[1m[90m[DEBUG][39m[0m:   	checking for getitimer... yes
[1m[90m[DEBUG][39m[0m:   	checking for getloadavg... yes
[1m[90m[DEBUG][39m[0m:   	checking for getlogin... yes
[1m[90m[DEBUG][39m[0m:   	checking for getpeername... yes
[1m[90m[DEBUG][39m[0m:   	checking for getpgid... yes
[1m[90m[DEBUG][39m[0m:   	checking for getpid... yes
[1m[90m[DEBUG][39m[0m:   	checking for getppid... yes
[1m[90m[DEBUG][39m[0m:   	checking for getpriority... yes
[1m[90m[DEBUG][39m[0m:   	checking for _getpty... no
[1m[90m[DEBUG][39m[0m:   	checking for getpwent... yes
[1m[90m[DEBUG][39m[0m:   	checking for getpwnam_r... yes
[1m[90m[DEBUG][39m[0m:   	checking for getpwuid... yes
[1m[90m[DEBUG][39m[0m:   	checking for getpwuid_r... yes
[1m[90m[DEBUG][39m[0m:   	checking for getresgid... yes
[1m[90m[DEBUG][39m[0m:   	checking for getresuid... yes
[1m[90m[DEBUG][39m[0m:   	checking for getrusage... yes
[1m[90m[DEBUG][39m[0m:   	checking for getsid... yes
[1m[90m[DEBUG][39m[0m:   	checking for getspent... yes
[1m[90m[DEBUG][39m[0m:   	checking for getspnam... yes
[1m[90m[DEBUG][39m[0m:   	checking for getuid... yes
[1m[90m[DEBUG][39m[0m:   	checking for getwd... yes
[1m[90m[DEBUG][39m[0m:   	checking for if_nameindex... yes
[1m[90m[DEBUG][39m[0m:   	checking for initgroups... yes
[1m[90m[DEBUG][39m[0m:   	checking for kill... yes
[1m[90m[DEBUG][39m[0m:   	checking for killpg... yes
[1m[90m[DEBUG][39m[0m:   	checking for lchown... yes
[1m[90m[DEBUG][39m[0m:   	checking for linkat... yes
[1m[90m[DEBUG][39m[0m:   	checking for lockf... yes
[1m[90m[DEBUG][39m[0m:   	checking for lstat... yes
[1m[90m[DEBUG][39m[0m:   	checking for lutimes... yes
[1m[90m[DEBUG][39m[0m:   	checking for madvise... yes
[1m[90m[DEBUG][39m[0m:   	checking for mbrtowc... yes
[1m[90m[DEBUG][39m[0m:   	checking for memrchr... yes
[1m[90m[DEBUG][39m[0m:   	checking for mkdirat... yes
[1m[90m[DEBUG][39m[0m:   	checking for mkfifo... yes
[1m[90m[DEBUG][39m[0m:   	checking for mkfifoat... yes
[1m[90m[DEBUG][39m[0m:   	checking for mknod... yes
[1m[90m[DEBUG][39m[0m:   	checking for mknodat... yes
[1m[90m[DEBUG][39m[0m:   	checking for mktime... yes
[1m[90m[DEBUG][39m[0m:   	checking for mmap... yes
[1m[90m[DEBUG][39m[0m:   	checking for mremap... yes
[1m[90m[DEBUG][39m[0m:   	checking for nice... yes
[1m[90m[DEBUG][39m[0m:   	checking for openat... yes
[1m[90m[DEBUG][39m[0m:   	checking for opendir... yes
[1m[90m[DEBUG][39m[0m:   	checking for pathconf... yes
[1m[90m[DEBUG][39m[0m:   	checking for pause... yes
[1m[90m[DEBUG][39m[0m:   	checking for pipe... yes
[1m[90m[DEBUG][39m[0m:   	checking for pipe2... yes
[1m[90m[DEBUG][39m[0m:   	checking for plock... no
[1m[90m[DEBUG][39m[0m:   	checking for poll... yes
[1m[90m[DEBUG][39m[0m:   	checking for posix_fadvise... yes
[1m[90m[DEBUG][39m[0m:   	checking for posix_fallocate... yes
[1m[90m[DEBUG][39m[0m:   	checking for posix_spawn... yes
[1m[90m[DEBUG][39m[0m:   	checking for posix_spawnp... yes
[1m[90m[DEBUG][39m[0m:   	checking for pread... yes
[1m[90m[DEBUG][39m[0m:   	checking for preadv... yes
[1m[90m[DEBUG][39m[0m:   	checking for preadv2... yes
[1m[90m[DEBUG][39m[0m:   	checking for pthread_condattr_setclock... yes
[1m[90m[DEBUG][39m[0m:   	checking for pthread_init... no
[1m[90m[DEBUG][39m[0m:   	checking for pthread_kill... yes
[1m[90m[DEBUG][39m[0m:   	checking for pwrite... yes
[1m[90m[DEBUG][39m[0m:   	checking for pwritev... yes
[1m[90m[DEBUG][39m[0m:   	checking for pwritev2... yes
[1m[90m[DEBUG][39m[0m:   	checking for readlink... yes
[1m[90m[DEBUG][39m[0m:   	checking for readlinkat... yes
[1m[90m[DEBUG][39m[0m:   	checking for readv... yes
[1m[90m[DEBUG][39m[0m:   	checking for realpath... yes
[1m[90m[DEBUG][39m[0m:   	checking for renameat... yes
[1m[90m[DEBUG][39m[0m:   	checking for rtpSpawn... no
[1m[90m[DEBUG][39m[0m:   	checking for sched_get_priority_max... yes
[1m[90m[DEBUG][39m[0m:   	checking for sched_rr_get_interval... yes
[1m[90m[DEBUG][39m[0m:   	checking for sched_setaffinity... yes
[1m[90m[DEBUG][39m[0m:   	checking for sched_setparam... yes
[1m[90m[DEBUG][39m[0m:   	checking for sched_setscheduler... yes
[1m[90m[DEBUG][39m[0m:   	checking for sem_clockwait... no
[1m[90m[DEBUG][39m[0m:   	checking for sem_getvalue... yes
[1m[90m[DEBUG][39m[0m:   	checking for sem_open... yes
[1m[90m[DEBUG][39m[0m:   	checking for sem_timedwait... yes
[1m[90m[DEBUG][39m[0m:   	checking for sem_unlink... yes
[1m[90m[DEBUG][39m[0m:   	checking for sendfile... yes
[1m[90m[DEBUG][39m[0m:   	checking for setegid... yes
[1m[90m[DEBUG][39m[0m:   	checking for seteuid... yes
[1m[90m[DEBUG][39m[0m:   	checking for setgid... yes
[1m[90m[DEBUG][39m[0m:   	checking for sethostname... yes
[1m[90m[DEBUG][39m[0m:   	checking for setitimer... yes
[1m[90m[DEBUG][39m[0m:   	checking for setlocale... yes
[1m[90m[DEBUG][39m[0m:   	checking for setpgid... yes
[1m[90m[DEBUG][39m[0m:   	checking for setpgrp... yes
[1m[90m[DEBUG][39m[0m:   	checking for setpriority... yes
[1m[90m[DEBUG][39m[0m:   	checking for setregid... yes
[1m[90m[DEBUG][39m[0m:   	checking for setresgid... yes
[1m[90m[DEBUG][39m[0m:   	checking for setresuid... yes
[1m[90m[DEBUG][39m[0m:   	checking for setreuid... yes
[1m[90m[DEBUG][39m[0m:   	checking for setsid... yes
[1m[90m[DEBUG][39m[0m:   	checking for setuid... yes
[1m[90m[DEBUG][39m[0m:   	checking for setvbuf... yes
[1m[90m[DEBUG][39m[0m:   	checking for shutdown... yes
[1m[90m[DEBUG][39m[0m:   	checking for sigaction... yes
[1m[90m[DEBUG][39m[0m:   	checking for sigaltstack... yes
[1m[90m[DEBUG][39m[0m:   	checking for sigfillset... yes
[1m[90m[DEBUG][39m[0m:   	checking for siginterrupt... yes
[1m[90m[DEBUG][39m[0m:   	checking for sigpending... yes
[1m[90m[DEBUG][39m[0m:   	checking for sigrelse... yes
[1m[90m[DEBUG][39m[0m:   	checking for sigtimedwait... yes
[1m[90m[DEBUG][39m[0m:   	checking for sigwait... yes
[1m[90m[DEBUG][39m[0m:   	checking for sigwaitinfo... yes
[1m[90m[DEBUG][39m[0m:   	checking for snprintf... yes
[1m[90m[DEBUG][39m[0m:   	checking for splice... yes
[1m[90m[DEBUG][39m[0m:   	checking for strftime... yes
[1m[90m[DEBUG][39m[0m:   	checking for strlcpy... no
[1m[90m[DEBUG][39m[0m:   	checking for strsignal... yes
[1m[90m[DEBUG][39m[0m:   	checking for symlinkat... yes
[1m[90m[DEBUG][39m[0m:   	checking for sync... yes
[1m[90m[DEBUG][39m[0m:   	checking for sysconf... yes
[1m[90m[DEBUG][39m[0m:   	checking for system... yes
[1m[90m[DEBUG][39m[0m:   	checking for tcgetpgrp... yes
[1m[90m[DEBUG][39m[0m:   	checking for tcsetpgrp... yes
[1m[90m[DEBUG][39m[0m:   	checking for tempnam... yes
[1m[90m[DEBUG][39m[0m:   	checking for timegm... yes
[1m[90m[DEBUG][39m[0m:   	checking for times... yes
[1m[90m[DEBUG][39m[0m:   	checking for tmpfile... yes
[1m[90m[DEBUG][39m[0m:   	checking for tmpnam... yes
[1m[90m[DEBUG][39m[0m:   	checking for tmpnam_r... yes
[1m[90m[DEBUG][39m[0m:   	checking for truncate... yes
[1m[90m[DEBUG][39m[0m:   	checking for ttyname... yes
[1m[90m[DEBUG][39m[0m:   	checking for umask... yes
[1m[90m[DEBUG][39m[0m:   	checking for uname... yes
[1m[90m[DEBUG][39m[0m:   	checking for unlinkat... yes
[1m[90m[DEBUG][39m[0m:   	checking for utimensat... yes
[1m[90m[DEBUG][39m[0m:   	checking for utimes... yes
[1m[90m[DEBUG][39m[0m:   	checking for vfork... yes
[1m[90m[DEBUG][39m[0m:   	checking for wait... yes
[1m[90m[DEBUG][39m[0m:   	checking for wait3... yes
[1m[90m[DEBUG][39m[0m:   	checking for wait4... yes
[1m[90m[DEBUG][39m[0m:   	checking for waitid... yes
[1m[90m[DEBUG][39m[0m:   	checking for waitpid... yes
[1m[90m[DEBUG][39m[0m:   	checking for wcscoll... yes
[1m[90m[DEBUG][39m[0m:   	checking for wcsftime... yes
[1m[90m[DEBUG][39m[0m:   	checking for wcsxfrm... yes
[1m[90m[DEBUG][39m[0m:   	checking for wmemcmp... yes
[1m[90m[DEBUG][39m[0m:   	checking for writev... yes
[1m[90m[DEBUG][39m[0m:   	checking whether dirfd is declared... yes
[1m[90m[DEBUG][39m[0m:   	checking for chroot... yes
[1m[90m[DEBUG][39m[0m:   	checking for link... yes
[1m[90m[DEBUG][39m[0m:   	checking for symlink... yes
[1m[90m[DEBUG][39m[0m:   	checking for fchdir... yes
[1m[90m[DEBUG][39m[0m:   	checking for fsync... yes
[1m[90m[DEBUG][39m[0m:   	checking for fdatasync... yes
[1m[90m[DEBUG][39m[0m:   	checking for epoll_create... yes
[1m[90m[DEBUG][39m[0m:   	checking for epoll_create1... yes
[1m[90m[DEBUG][39m[0m:   	checking for kqueue... no
[1m[90m[DEBUG][39m[0m:   	checking for prlimit... yes
[1m[90m[DEBUG][39m[0m:   	checking for _dyld_shared_cache_contains_path... no
[1m[90m[DEBUG][39m[0m:   	checking for memfd_create... yes
[1m[90m[DEBUG][39m[0m:   	checking for eventfd... yes
[1m[90m[DEBUG][39m[0m:   	checking for ctermid_r... no
[1m[90m[DEBUG][39m[0m:   	checking for flock declaration... yes
[1m[90m[DEBUG][39m[0m:   	checking for flock... yes
[1m[90m[DEBUG][39m[0m:   	checking for getpagesize... yes
[1m[90m[DEBUG][39m[0m:   	checking for broken unsetenv... no
[1m[90m[DEBUG][39m[0m:   	checking for true... true
[1m[90m[DEBUG][39m[0m:   	checking for inet_aton in -lc... yes
[1m[90m[DEBUG][39m[0m:   	checking for chflags... no
[1m[90m[DEBUG][39m[0m:   	checking for lchflags... no
[1m[90m[DEBUG][39m[0m:   	checking for ZLIB... yes
[1m[90m[DEBUG][39m[0m:   	checking for BZIP2... yes
[1m[90m[DEBUG][39m[0m:   	checking for LIBLZMA... yes
[1m[90m[DEBUG][39m[0m:   	checking for hstrerror... yes
[1m[90m[DEBUG][39m[0m:   	checking for getservbyname... yes
[1m[90m[DEBUG][39m[0m:   	checking for getservbyport... yes
[1m[90m[DEBUG][39m[0m:   	checking for gethostbyname... yes
[1m[90m[DEBUG][39m[0m:   	checking for gethostbyaddr... yes
[1m[90m[DEBUG][39m[0m:   	checking for getprotobyname... yes
[1m[90m[DEBUG][39m[0m:   	checking for inet_aton... yes
[1m[90m[DEBUG][39m[0m:   	checking for inet_ntoa... yes
[1m[90m[DEBUG][39m[0m:   	checking for inet_pton... yes
[1m[90m[DEBUG][39m[0m:   	checking for getpeername... (cached) yes
[1m[90m[DEBUG][39m[0m:   	checking for getsockname... yes
[1m[90m[DEBUG][39m[0m:   	checking for accept... yes
[1m[90m[DEBUG][39m[0m:   	checking for bind... yes
[1m[90m[DEBUG][39m[0m:   	checking for connect... yes
[1m[90m[DEBUG][39m[0m:   	checking for listen... yes
[1m[90m[DEBUG][39m[0m:   	checking for recvfrom... yes
[1m[90m[DEBUG][39m[0m:   	checking for sendto... yes
[1m[90m[DEBUG][39m[0m:   	checking for setsockopt... yes
[1m[90m[DEBUG][39m[0m:   	checking for socket... yes
[1m[90m[DEBUG][39m[0m:   	checking for setgroups... yes
[1m[90m[DEBUG][39m[0m:   	checking for openpty... no
[1m[90m[DEBUG][39m[0m:   	checking for openpty in -lutil... yes
[1m[90m[DEBUG][39m[0m:   	checking for library containing login_tty... none required
[1m[90m[DEBUG][39m[0m:   	checking for forkpty... yes
[1m[90m[DEBUG][39m[0m:   	checking for fseek64... no
[1m[90m[DEBUG][39m[0m:   	checking for fseeko... yes
[1m[90m[DEBUG][39m[0m:   	checking for fstatvfs... yes
[1m[90m[DEBUG][39m[0m:   	checking for ftell64... no
[1m[90m[DEBUG][39m[0m:   	checking for ftello... yes
[1m[90m[DEBUG][39m[0m:   	checking for statvfs... yes
[1m[90m[DEBUG][39m[0m:   	checking for dup2... yes
[1m[90m[DEBUG][39m[0m:   	checking for getpgrp... yes
[1m[90m[DEBUG][39m[0m:   	checking for setpgrp... (cached) yes
[1m[90m[DEBUG][39m[0m:   	checking for LIBCRYPT... yes
[1m[90m[DEBUG][39m[0m:   	checking for crypt or crypt_r... yes
[1m[90m[DEBUG][39m[0m:   	checking for clock_gettime... yes
[1m[90m[DEBUG][39m[0m:   	checking for clock_getres... yes
[1m[90m[DEBUG][39m[0m:   	checking for clock_settime... yes
[1m[90m[DEBUG][39m[0m:   	checking for clock_nanosleep... yes
[1m[90m[DEBUG][39m[0m:   	checking for nanosleep... yes
[1m[90m[DEBUG][39m[0m:   	checking for major, minor, and makedev... yes
[1m[90m[DEBUG][39m[0m:   	checking for getaddrinfo... yes
[1m[90m[DEBUG][39m[0m:   	checking getaddrinfo bug... no
[1m[90m[DEBUG][39m[0m:   	checking for getnameinfo... yes
[1m[90m[DEBUG][39m[0m:   	checking whether struct tm is in sys/time.h or time.h... time.h
[1m[90m[DEBUG][39m[0m:   	checking for struct tm.tm_zone... yes
[1m[90m[DEBUG][39m[0m:   	checking for struct stat.st_rdev... yes
[1m[90m[DEBUG][39m[0m:   	checking for struct stat.st_blksize... yes
[1m[90m[DEBUG][39m[0m:   	checking for struct stat.st_flags... no
[1m[90m[DEBUG][39m[0m:   	checking for struct stat.st_gen... no
[1m[90m[DEBUG][39m[0m:   	checking for struct stat.st_birthtime... no
[1m[90m[DEBUG][39m[0m:   	checking for struct stat.st_blocks... yes
[1m[90m[DEBUG][39m[0m:   	checking for struct passwd.pw_gecos... yes
[1m[90m[DEBUG][39m[0m:   	checking for struct passwd.pw_passwd... yes
[1m[90m[DEBUG][39m[0m:   	checking for siginfo_t.si_band... yes
[1m[90m[DEBUG][39m[0m:   	checking for time.h that defines altzone... no
[1m[90m[DEBUG][39m[0m:   	checking for addrinfo... yes
[1m[90m[DEBUG][39m[0m:   	checking for sockaddr_storage... yes
[1m[90m[DEBUG][39m[0m:   	checking for sockaddr_alg... yes
[1m[90m[DEBUG][39m[0m:   	checking for an ANSI C-conforming const... yes
[1m[90m[DEBUG][39m[0m:   	checking for working signed char... yes
[1m[90m[DEBUG][39m[0m:   	checking for prototypes... yes
[1m[90m[DEBUG][39m[0m:   	checking for variable length prototypes and stdarg.h... yes
[1m[90m[DEBUG][39m[0m:   	checking for socketpair... yes
[1m[90m[DEBUG][39m[0m:   	checking if sockaddr has sa_len member... no
[1m[90m[DEBUG][39m[0m:   	checking for gethostbyname_r... yes
[1m[90m[DEBUG][39m[0m:   	checking gethostbyname_r with 6 args... yes
[1m[90m[DEBUG][39m[0m:   	checking for __fpu_control... yes
[1m[90m[DEBUG][39m[0m:   	checking for --with-libm=STRING... default LIBM="-lm"
[1m[90m[DEBUG][39m[0m:   	checking for --with-libc=STRING... default LIBC=""
[1m[90m[DEBUG][39m[0m:   	checking for x64 gcc inline assembler... yes
[1m[90m[DEBUG][39m[0m:   	checking whether float word ordering is bigendian... no
[1m[90m[DEBUG][39m[0m:   	checking whether we can use gcc inline assembler to get and set x87 control word... yes
[1m[90m[DEBUG][39m[0m:   	checking whether we can use gcc inline assembler to get and set mc68881 fpcr... no
[1m[90m[DEBUG][39m[0m:   	checking for x87-style double rounding... no
[1m[90m[DEBUG][39m[0m:   	checking for acosh... yes
[1m[90m[DEBUG][39m[0m:   	checking for asinh... yes
[1m[90m[DEBUG][39m[0m:   	checking for atanh... yes
[1m[90m[DEBUG][39m[0m:   	checking for erf... yes
[1m[90m[DEBUG][39m[0m:   	checking for erfc... yes
[1m[90m[DEBUG][39m[0m:   	checking for expm1... yes
[1m[90m[DEBUG][39m[0m:   	checking for log1p... yes
[1m[90m[DEBUG][39m[0m:   	checking for log2... yes
[1m[90m[DEBUG][39m[0m:   	checking whether POSIX semaphores are enabled... yes
[1m[90m[DEBUG][39m[0m:   	checking for broken sem_getvalue... no
[1m[90m[DEBUG][39m[0m:   	checking whether RTLD_LAZY is declared... yes
[1m[90m[DEBUG][39m[0m:   	checking whether RTLD_NOW is declared... yes
[1m[90m[DEBUG][39m[0m:   	checking whether RTLD_GLOBAL is declared... yes
[1m[90m[DEBUG][39m[0m:   	checking whether RTLD_LOCAL is declared... yes
[1m[90m[DEBUG][39m[0m:   	checking whether RTLD_NODELETE is declared... yes
[1m[90m[DEBUG][39m[0m:   	checking whether RTLD_NOLOAD is declared... yes
[1m[90m[DEBUG][39m[0m:   	checking whether RTLD_DEEPBIND is declared... yes
[1m[90m[DEBUG][39m[0m:   	checking whether RTLD_MEMBER is declared... no
[1m[90m[DEBUG][39m[0m:   	checking digit size for Python's longs... no value specified
[1m[90m[DEBUG][39m[0m:   	checking wchar.h usability... yes
[1m[90m[DEBUG][39m[0m:   	checking wchar.h presence... yes
[1m[90m[DEBUG][39m[0m:   	checking for wchar.h... yes
[1m[90m[DEBUG][39m[0m:   	checking size of wchar_t... 4
[1m[90m[DEBUG][39m[0m:   	checking whether wchar_t is signed... yes
[1m[90m[DEBUG][39m[0m:   	checking whether wchar_t is usable... no
[1m[90m[DEBUG][39m[0m:   	checking whether byte ordering is bigendian... no
[1m[90m[DEBUG][39m[0m:   	checking ABIFLAGS...
[1m[90m[DEBUG][39m[0m:   	checking SOABI... cpython-311-x86_64-linux-gnu
[1m[90m[DEBUG][39m[0m:   	checking LDVERSION... $(VERSION)$(ABIFLAGS)
[1m[90m[DEBUG][39m[0m:   	checking for --with-platlibdir... no
[1m[90m[DEBUG][39m[0m:   	checking for --with-wheel-pkg-dir... no
[1m[90m[DEBUG][39m[0m:   	checking whether right shift extends the sign bit... yes
[1m[90m[DEBUG][39m[0m:   	checking for getc_unlocked() and friends... yes
[1m[90m[DEBUG][39m[0m:   	checking how to link readline libs... -lreadline
[1m[90m[DEBUG][39m[0m:   	checking whether rl_completion_append_character is declared... yes
[1m[90m[DEBUG][39m[0m:   	checking whether rl_completion_suppress_append is declared... yes
[1m[90m[DEBUG][39m[0m:   	checking for rl_pre_input_hook in -lreadline... yes
[1m[90m[DEBUG][39m[0m:   	checking for rl_completion_display_matches_hook in -lreadline... yes
[1m[90m[DEBUG][39m[0m:   	checking for rl_resize_terminal in -lreadline... yes
[1m[90m[DEBUG][39m[0m:   	checking for rl_completion_matches in -lreadline... yes
[1m[90m[DEBUG][39m[0m:   	checking whether rl_catch_signals is declared... yes
[1m[90m[DEBUG][39m[0m:   	checking for append_history in -lreadline... yes
[1m[90m[DEBUG][39m[0m:   	checking for broken nice()... no
[1m[90m[DEBUG][39m[0m:   	checking for broken poll()... no
[1m[90m[DEBUG][39m[0m:   	checking for working tzset()... yes
[1m[90m[DEBUG][39m[0m:   	checking for tv_nsec in struct stat... yes
[1m[90m[DEBUG][39m[0m:   	checking for tv_nsec2 in struct stat... no
[1m[90m[DEBUG][39m[0m:   	checking curses.h usability... yes
[1m[90m[DEBUG][39m[0m:   	checking curses.h presence... yes
[1m[90m[DEBUG][39m[0m:   	checking for curses.h... yes
[1m[90m[DEBUG][39m[0m:   	checking ncurses.h usability... yes
[1m[90m[DEBUG][39m[0m:   	checking ncurses.h presence... yes
[1m[90m[DEBUG][39m[0m:   	checking for ncurses.h... yes
[1m[90m[DEBUG][39m[0m:   	checking for term.h... yes
[1m[90m[DEBUG][39m[0m:   	checking whether mvwdelch is an expression... yes
[1m[90m[DEBUG][39m[0m:   	checking whether WINDOW has _flags... yes
[1m[90m[DEBUG][39m[0m:   	checking for curses function is_pad... yes
[1m[90m[DEBUG][39m[0m:   	checking for curses function is_term_resized... yes
[1m[90m[DEBUG][39m[0m:   	checking for curses function resize_term... yes
[1m[90m[DEBUG][39m[0m:   	checking for curses function resizeterm... yes
[1m[90m[DEBUG][39m[0m:   	checking for curses function immedok... yes
[1m[90m[DEBUG][39m[0m:   	checking for curses function syncok... yes
[1m[90m[DEBUG][39m[0m:   	checking for curses function wchgat... yes
[1m[90m[DEBUG][39m[0m:   	checking for curses function filter... yes
[1m[90m[DEBUG][39m[0m:   	checking for curses function has_key... yes
[1m[90m[DEBUG][39m[0m:   	checking for curses function typeahead... yes
[1m[90m[DEBUG][39m[0m:   	checking for curses function use_env... yes
[1m[90m[DEBUG][39m[0m:   	configure: checking for device files
[1m[90m[DEBUG][39m[0m:   	checking for /dev/ptmx... yes
[1m[90m[DEBUG][39m[0m:   	checking for /dev/ptc... no
[1m[90m[DEBUG][39m[0m:   	checking for %zd printf() format support... yes
[1m[90m[DEBUG][39m[0m:   	checking for socklen_t... yes
[1m[90m[DEBUG][39m[0m:   	checking for broken mbstowcs... no
[1m[90m[DEBUG][39m[0m:   	checking for --with-computed-gotos... no value specified
[1m[90m[DEBUG][39m[0m:   	checking whether gcc -pthread supports computed gotos... yes
[1m[90m[DEBUG][39m[0m:   	checking for build directories... done
[1m[90m[DEBUG][39m[0m:   	checking for -O2... yes
[1m[90m[DEBUG][39m[0m:   	checking for glibc _FORTIFY_SOURCE/memmove bug... no
[1m[90m[DEBUG][39m[0m:   	checking for gcc ipa-pure-const bug... no
[1m[90m[DEBUG][39m[0m:   	checking for stdatomic.h... yes
[1m[90m[DEBUG][39m[0m:   	checking for builtin __atomic_load_n and __atomic_store_n functions... yes
[1m[90m[DEBUG][39m[0m:   	checking for ensurepip... upgrade
[1m[90m[DEBUG][39m[0m:   	checking if the dirent structure of a d_type field... yes
[1m[90m[DEBUG][39m[0m:   	checking for the Linux getrandom() syscall... yes
[1m[90m[DEBUG][39m[0m:   	checking for the getrandom() function... yes
[1m[90m[DEBUG][39m[0m:   	checking for library containing shm_open... -lrt
[1m[90m[DEBUG][39m[0m:   	checking for shm_open... yes
[1m[90m[DEBUG][39m[0m:   	checking for shm_unlink... yes
[1m[90m[DEBUG][39m[0m:   	checking for pkg-config... /usr/bin/pkg-config
[1m[90m[DEBUG][39m[0m:   	checking whether compiling and linking against OpenSSL works... yes
[1m[90m[DEBUG][39m[0m:   	checking for --with-openssl-rpath...
[1m[90m[DEBUG][39m[0m:   	checking whether OpenSSL provides required ssl module APIs... yes
[1m[90m[DEBUG][39m[0m:   	checking whether OpenSSL provides required hashlib module APIs... yes
[1m[90m[DEBUG][39m[0m:   	checking for --with-ssl-default-suites... python
[1m[90m[DEBUG][39m[0m:   	checking for --with-builtin-hashlib-hashes... md5,sha1,sha256,sha512,sha3,blake2
[1m[90m[DEBUG][39m[0m:   	checking for LIBB2... no
[1m[90m[DEBUG][39m[0m:   	checking for --disable-test-modules... yes
[1m[90m[DEBUG][39m[0m:   	checking for additional Modules/Setup files...
[1m[90m[DEBUG][39m[0m:   	checking for stdlib extension module _multiprocessing... yes
[1m[90m[DEBUG][39m[0m:   	checking for stdlib extension module _posixshmem... yes
[1m[90m[DEBUG][39m[0m:   	checking for stdlib extension module fcntl... yes
[1m[90m[DEBUG][39m[0m:   	checking for stdlib extension module mmap... yes
[1m[90m[DEBUG][39m[0m:   	checking for stdlib extension module _socket... yes
[1m[90m[DEBUG][39m[0m:   	checking for stdlib extension module grp... yes
[1m[90m[DEBUG][39m[0m:   	checking for stdlib extension module ossaudiodev... yes
[1m[90m[DEBUG][39m[0m:   	checking for stdlib extension module pwd... yes
[1m[90m[DEBUG][39m[0m:   	checking for stdlib extension module resource... yes
[1m[90m[DEBUG][39m[0m:   	checking for stdlib extension module _scproxy... n/a
[1m[90m[DEBUG][39m[0m:   	checking for stdlib extension module spwd... yes
[1m[90m[DEBUG][39m[0m:   	checking for stdlib extension module syslog... yes
[1m[90m[DEBUG][39m[0m:   	checking for stdlib extension module termios... yes
[1m[90m[DEBUG][39m[0m:   	checking for stdlib extension module pyexpat... yes
[1m[90m[DEBUG][39m[0m:   	checking for stdlib extension module _elementtree... yes
[1m[90m[DEBUG][39m[0m:   	checking for stdlib extension module _md5... yes
[1m[90m[DEBUG][39m[0m:   	checking for stdlib extension module _sha1... yes
[1m[90m[DEBUG][39m[0m:   	checking for stdlib extension module _sha256... yes
[1m[90m[DEBUG][39m[0m:   	checking for stdlib extension module _sha512... yes
[1m[90m[DEBUG][39m[0m:   	checking for stdlib extension module _sha3... yes
[1m[90m[DEBUG][39m[0m:   	checking for stdlib extension module _blake2... yes
[1m[90m[DEBUG][39m[0m:   	checking for stdlib extension module _crypt... yes
[1m[90m[DEBUG][39m[0m:   	checking for stdlib extension module _decimal... yes
[1m[90m[DEBUG][39m[0m:   	checking for stdlib extension module _gdbm... missing
[1m[90m[DEBUG][39m[0m:   	checking for stdlib extension module nis... missing
[1m[90m[DEBUG][39m[0m:   	checking for stdlib extension module _sqlite3... yes
[1m[90m[DEBUG][39m[0m:   	checking for stdlib extension module _tkinter... yes
[1m[90m[DEBUG][39m[0m:   	checking for stdlib extension module _uuid... yes
[1m[90m[DEBUG][39m[0m:   	checking for stdlib extension module zlib... yes
[1m[90m[DEBUG][39m[0m:   	checking for stdlib extension module _bz2... yes
[1m[90m[DEBUG][39m[0m:   	checking for stdlib extension module _lzma... yes
[1m[90m[DEBUG][39m[0m:   	checking for stdlib extension module _ssl... yes
[1m[90m[DEBUG][39m[0m:   	checking for stdlib extension module _hashlib... yes
[1m[90m[DEBUG][39m[0m:   	checking for stdlib extension module _testcapi... yes
[1m[90m[DEBUG][39m[0m:   	checking for stdlib extension module _testclinic... yes
[1m[90m[DEBUG][39m[0m:   	checking for stdlib extension module _testinternalcapi... yes
[1m[90m[DEBUG][39m[0m:   	checking for stdlib extension module _testbuffer... yes
[1m[90m[DEBUG][39m[0m:   	checking for stdlib extension module _testimportmultiple... yes
[1m[90m[DEBUG][39m[0m:   	checking for stdlib extension module _testmultiphase... yes
[1m[90m[DEBUG][39m[0m:   	checking for stdlib extension module _xxtestfuzz... yes
[1m[90m[DEBUG][39m[0m:   	checking for stdlib extension module _ctypes_test... yes
[1m[90m[DEBUG][39m[0m:   	checking for stdlib extension module xxlimited... yes
[1m[90m[DEBUG][39m[0m:   	checking for stdlib extension module xxlimited_35... yes
[1m[90m[DEBUG][39m[0m:   	configure: creating ./config.status
[1m[90m[DEBUG][39m[0m:   	config.status: creating Makefile.pre
[1m[90m[DEBUG][39m[0m:   	config.status: creating Misc/python.pc
[1m[90m[DEBUG][39m[0m:   	config.status: creating Misc/python-embed.pc
[1m[90m[DEBUG][39m[0m:   	config.status: creating Misc/python-config.sh
[1m[90m[DEBUG][39m[0m:   	config.status: creating Modules/Setup.bootstrap
[1m[90m[DEBUG][39m[0m:   	config.status: creating Modules/Setup.stdlib
[1m[90m[DEBUG][39m[0m:   	config.status: creating Modules/ld_so_aix
[1m[90m[DEBUG][39m[0m:   	config.status: creating pyconfig.h
[1m[90m[DEBUG][39m[0m:   	configure: creating Modules/Setup.local
[1m[90m[DEBUG][39m[0m:   	configure: creating Makefile
[1m[90m[DEBUG][39m[0m:   	configure:
[1m[90m[DEBUG][39m[0m:   	
[1m[90m[DEBUG][39m[0m:   	If you want a release build with all stable optimizations active (PGO, etc),
[1m[90m[DEBUG][39m[0m:   	please run ./configure --enable-optimizations
[1m[90m[DEBUG][39m[0m:   	
[1m[INFO][0m:    [36m<- directory context /ddnB/project/shpyang/shpyang/WL/engine/.buildozer/android/platform/python-for-android[39m
[1m[INFO][0m:    [36m-> directory context /ddnB/project/shpyang/shpyang/WL/engine/.buildozer/android/platform/build-arm64-v8a/build/other_builds/hostpython3/desktop/hostpython3[39m
[1m[90m[DEBUG][39m[0m:   [90m->[0m running make -j 64 -C /ddnB/project/shpyang/shpyang/WL/engine/.buildozer/android/platform/build-arm64-v8a/build/other_builds/hostpython3/desktop/hostpython3/native-build[0m
[1m[90m[DEBUG][39m[0m:   	make: Entering directory '/ddnB/project/shpyang/shpyang/WL/engine/.buildozer/android/platform/build-arm64-v8a/build/other_builds/hostpython3/desktop/hostpython3/native-build'
[1m[90m[DEBUG][39m[0m:   	gcc -pthread -c -Wsign-compare -DNDEBUG -g -fwrapv -O3 -Wall    -std=c11 -Wextra -Wno-unused-parameter -Wno-missing-field-initializers -Werror=implicit-function-declaration -fvisibility=hidden  -I/ddnB/project/shpyang/shpyang/WL/engine/.buildozer/android/platform/build-arm64-v8a/build/other_builds/hostpython3/desktop/hostpython3/Include/internal -IObjects -IInclude -IPython -I. -I/ddnB/project/shpyang/shpyang/WL/engine/.buildozer/android/platform/build-arm64-v8a/build/other_builds/hostpython3/desktop/hostpython3/Include    -DPy_BUILD_CORE -o Programs/python.o /ddnB/project/shpyang/shpyang/WL/engine/.buildozer/android/platform/build-arm64-v8a/build/other_builds/hostpython3/desktop/hostpython3/Programs/python.c
[1m[90m[DEBUG][39m[0m:   	gcc -pthread -c -Wsign-compare -DNDEBUG -g -fwrapv -O3 -Wall    -std=c11 -Wextra -Wno-unused-parameter -Wno-missing-field-initializers -Werror=implicit-function-declaration -fvisibility=hidden  -I/ddnB/project/shpyang/shpyang/WL/engine/.buildozer/android/platform/build-arm64-v8a/build/other_builds/hostpython3/desktop/hostpython3/Include/internal -IObjects -IInclude -IPython -I. -I/ddnB/project/shpyang/shpyang/WL/engine/.buildozer/android/platform/build-arm64-v8a/build/other_builds/hostpython3/desktop/hostpython3/Include    -DPy_BUILD_CORE -o Parser/token.o /ddnB/project/shpyang/shpyang/WL/engine/.buildozer/android/platform/build-arm64-v8a/build/other_builds/hostpython3/desktop/hostpython3/Parser/token.c
[1m[90m[DEBUG][39m[0m:   	gcc -pthread -c -Wsign-compare -DNDEBUG -g -fwrapv -O3 -Wall    -std=c11 -Wextra -Wno-unused-parameter -Wno-missing-field-initializers -Werror=implicit-function-declaration -fvisibility=hidden  -I/ddnB/project/shpyang/shpyang/WL/engine/.buildozer/android/platform/build-arm64-v8a/build/other_builds/hostpython3/desktop/hostpython3/Include/internal -IObjects -IInclude -IPython -I. -I/ddnB/project/shpyang/shpyang/WL/engine/.buildozer/android/platform/build-arm64-v8a/build/other_builds/hostpython3/desktop/hostpython3/Include    -DPy_BUILD_CORE -o Parser/pegen.o /ddnB/project/shpyang/shpyang/WL/engine/.buildozer/android/platform/build-arm64-v8a/build/other_builds/hostpython3/desktop/hostpython3/Parser/pegen.c
[1m[90m[DEBUG][39m[0m:   	gcc -pthread -c -Wsign-compare -DNDEBUG -g -fwrapv -O3 -Wall    -std=c11 -Wextra -Wno-unused-parameter -Wno-missing-field-initializers -Werror=implicit-function-declaration -fvisibility=hidden  -I/ddnB/project/shpyang/shpyang/WL/engine/.buildozer/android/platform/build-arm64-v8a/build/other_builds/hostpython3/desktop/hostpython3/Include/internal -IObjects -IInclude -IPython -I. -I/ddnB/project/shpyang/shpyang/WL/engine/.buildozer/android/platform/build-arm64-v8a/build/other_builds/hostpython3/desktop/hostpython3/Include    -DPy_BUILD_CORE -o Parser/pegen_errors.o /ddnB/project/shpyang/shpyang/WL/engine/.buildozer/android/platform/build-arm64-v8a/build/other_builds/hostpython3/desktop/hostpython3/Parser/pegen_errors.c
[1m[90m[DEBUG][39m[0m:   	gcc -pthread -c -Wsign-compare -DNDEBUG -g -fwrapv -O3 -Wall    -std=c11 -Wextra -Wno-unused-parameter -Wno-missing-field-initializers -Werror=implicit-function-declaration -fvisibility=hidden  -I/ddnB/project/shpyang/shpyang/WL/engine/.buildozer/android/platform/build-arm64-v8a/build/other_builds/hostpython3/desktop/hostpython3/Include/internal -IObjects -IInclude -IPython -I. -I/ddnB/project/shpyang/shpyang/WL/engine/.buildozer/android/platform/build-arm64-v8a/build/other_builds/hostpython3/desktop/hostpython3/Include    -DPy_BUILD_CORE -o Parser/action_helpers.o /ddnB/project/shpyang/shpyang/WL/engine/.buildozer/android/platform/build-arm64-v8a/build/other_builds/hostpython3/desktop/hostpython3/Parser/action_helpers.c
[1m[90m[DEBUG][39m[0m:   	gcc -pthread -c -Wsign-compare -DNDEBUG -g -fwrapv -O3 -Wall    -std=c11 -Wextra -Wno-unused-parameter -Wno-missing-field-initializers -Werror=implicit-function-declaration -fvisibility=hidden  -I/ddnB/project/shpyang/shpyang/WL/engine/.buildozer/android/platform/build-arm64-v8a/build/other_builds/hostpython3/desktop/hostpython3/Include/internal -IObjects -IInclude -IPython -I. -I/ddnB/project/shpyang/shpyang/WL/engine/.buildozer/android/platform/build-arm64-v8a/build/other_builds/hostpython3/desktop/hostpython3/Include    -DPy_BUILD_CORE -o Parser/parser.o /ddnB/project/shpyang/shpyang/WL/engine/.buildozer/android/platform/build-arm64-v8a/build/other_builds/hostpython3/desktop/hostpython3/Parser/parser.c
[1m[90m[DEBUG][39m[0m:   	gcc -pthread -c -Wsign-compare -DNDEBUG -g -fwrapv -O3 -Wall    -std=c11 -Wextra -Wno-unused-parameter -Wno-missing-field-initializers -Werror=implicit-function-declaration -fvisibility=hidden  -I/ddnB/project/shpyang/shpyang/WL/engine/.buildozer/android/platform/build-arm64-v8a/build/other_builds/hostpython3/desktop/hostpython3/Include/internal -IObjects -IInclude -IPython -I. -I/ddnB/project/shpyang/shpyang/WL/engine/.buildozer/android/platform/build-arm64-v8a/build/other_builds/hostpython3/desktop/hostpython3/Include    -DPy_BUILD_CORE -o Parser/string_parser.o /ddnB/project/shpyang/shpyang/WL/engine/.buildozer/android/platform/build-arm64-v8a/build/other_builds/hostpython3/desktop/hostpython3/Parser/string_parser.c
[1m[90m[DEBUG][39m[0m:   	gcc -pthread -c -Wsign-compare -DNDEBUG -g -fwrapv -O3 -Wall    -std=c11 -Wextra -Wno-unused-parameter -Wno-missing-field-initializers -Werror=implicit-function-declaration -fvisibility=hidden  -I/ddnB/project/shpyang/shpyang/WL/engine/.buildozer/android/platform/build-arm64-v8a/build/other_builds/hostpython3/desktop/hostpython3/Include/internal -IObjects -IInclude -IPython -I. -I/ddnB/project/shpyang/shpyang/WL/engine/.buildozer/android/platform/build-arm64-v8a/build/other_builds/hostpython3/desktop/hostpython3/Include    -DPy_BUILD_CORE -o Parser/peg_api.o /ddnB/project/shpyang/shpyang/WL/engine/.buildozer/android/platform/build-arm64-v8a/build/other_builds/hostpython3/desktop/hostpython3/Parser/peg_api.c
[1m[90m[DEBUG][39m[0m:   	gcc -pthread -c -Wsign-compare -DNDEBUG -g -fwrapv -O3 -Wall    -std=c11 -Wextra -Wno-unused-parameter -Wno-missing-field-initializers -Werror=implicit-function-declaration -fvisibility=hidden  -I/ddnB/project/shpyang/shpyang/WL/engine/.buildozer/android/platform/build-arm64-v8a/build/other_builds/hostpython3/desktop/hostpython3/Include/internal -IObjects -IInclude -IPython -I. -I/ddnB/project/shpyang/shpyang/WL/engine/.buildozer/android/platform/build-arm64-v8a/build/other_builds/hostpython3/desktop/hostpython3/Include    -DPy_BUILD_CORE -o Parser/myreadline.o /ddnB/project/shpyang/shpyang/WL/engine/.buildozer/android/platform/build-arm64-v8a/build/other_builds/hostpython3/desktop/hostpython3/Parser/myreadline.c
[1m[90m[DEBUG][39m[0m:   	gcc -pthread -c -Wsign-compare -DNDEBUG -g -fwrapv -O3 -Wall    -std=c11 -Wextra -Wno-unused-parameter -Wno-missing-field-initializers -Werror=implicit-function-declaration -fvisibility=hidden  -I/ddnB/project/shpyang/shpyang/WL/engine/.buildozer/android/platform/build-arm64-v8a/build/other_builds/hostpython3/desktop/hostpython3/Include/internal -IObjects -IInclude -IPython -I. -I/ddnB/project/shpyang/shpyang/WL/engine/.buildozer/android/platform/build-arm64-v8a/build/other_builds/hostpython3/desktop/hostpython3/Include    -DPy_BUILD_CORE -o Parser/tokenizer.o /ddnB/project/shpyang/shpyang/WL/engine/.buildozer/android/platform/build-arm64-v8a/build/other_builds/hostpython3/desktop/hostpython3/Parser/tokenizer.c
[1m[90m[DEBUG][39m[0m:   	gcc -pthread -c -Wsign-compare -DNDEBUG -g -fwrapv -O3 -Wall    -std=c11 -Wextra -Wno-unused-parameter -Wno-missing-field-initializers -Werror=implicit-function-declaration -fvisibility=hidden  -I/ddnB/project/shpyang/shpyang/WL/engine/.buildozer/android/platform/build-arm64-v8a/build/other_builds/hostpython3/desktop/hostpython3/Include/internal -IObjects -IInclude -IPython -I. -I/ddnB/project/shpyang/shpyang/WL/engine/.buildozer/android/platform/build-arm64-v8a/build/other_builds/hostpython3/desktop/hostpython3/Include    -DPy_BUILD_CORE -o Objects/abstract.o /ddnB/project/shpyang/shpyang/WL/engine/.buildozer/android/platform/build-arm64-v8a/build/other_builds/hostpython3/desktop/hostpython3/Objects/abstract.c
[1m[90m[DEBUG][39m[0m:   	gcc -pthread -c -Wsign-compare -DNDEBUG -g -fwrapv -O3 -Wall    -std=c11 -Wextra -Wno-unused-parameter -Wno-missing-field-initializers -Werror=implicit-function-declaration -fvisibility=hidden  -I/ddnB/project/shpyang/shpyang/WL/engine/.buildozer/android/platform/build-arm64-v8a/build/other_builds/hostpython3/desktop/hostpython3/Include/internal -IObjects -IInclude -IPython -I. -I/ddnB/project/shpyang/shpyang/WL/engine/.buildozer/android/platform/build-arm64-v8a/build/other_builds/hostpython3/desktop/hostpython3/Include    -DPy_BUILD_CORE -o Objects/accu.o /ddnB/project/shpyang/shpyang/WL/engine/.buildozer/android/platform/build-arm64-v8a/build/other_builds/hostpython3/desktop/hostpython3/Objects/accu.c
[1m[90m[DEBUG][39m[0m:   	gcc -pthread -c -Wsign-compare -DNDEBUG -g -fwrapv -O3 -Wall    -std=c11 -Wextra -Wno-unused-parameter -Wno-missing-field-initializers -Werror=implicit-function-declaration -fvisibility=hidden  -I/ddnB/project/shpyang/shpyang/WL/engine/.buildozer/android/platform/build-arm64-v8a/build/other_builds/hostpython3/desktop/hostpython3/Include/internal -IObjects -IInclude -IPython -I. -I/ddnB/project/shpyang/shpyang/WL/engine/.buildozer/android/platform/build-arm64-v8a/build/other_builds/hostpython3/desktop/hostpython3/Include    -DPy_BUILD_CORE -o Objects/boolobject.o /ddnB/project/shpyang/shpyang/WL/engine/.buildozer/android/platform/build-arm64-v8a/build/other_builds/hostpython3/desktop/hostpython3/Objects/boolobject.c
[1m[90m[DEBUG][39m[0m:   	gcc -pthread -c -Wsign-compare -DNDEBUG -g -fwrapv -O3 -Wall    -std=c11 -Wextra -Wno-unused-parameter -Wno-missing-field-initializers -Werror=implicit-function-declaration -fvisibility=hidden  -I/ddnB/project/shpyang/shpyang/WL/engine/.buildozer/android/platform/build-arm64-v8a/build/other_builds/hostpython3/desktop/hostpython3/Include/internal -IObjects -IInclude -IPython -I. -I/ddnB/project/shpyang/shpyang/WL/engine/.buildozer/android/platform/build-arm64-v8a/build/other_builds/hostpython3/desktop/hostpython3/Include    -DPy_BUILD_CORE -o Objects/bytes_methods.o /ddnB/project/shpyang/shpyang/WL/engine/.buildozer/android/platform/build-arm64-v8a/build/other_builds/hostpython3/desktop/hostpython3/Objects/bytes_methods.c
[1m[90m[DEBUG][39m[0m:   	gcc -pthread -c -Wsign-compare -DNDEBUG -g -fwrapv -O3 -Wall    -std=c11 -Wextra -Wno-unused-parameter -Wno-missing-field-initializers -Werror=implicit-function-declaration -fvisibility=hidden  -I/ddnB/project/shpyang/shpyang/WL/engine/.buildozer/android/platform/build-arm64-v8a/build/other_builds/hostpython3/desktop/hostpython3/Include/internal -IObjects -IInclude -IPython -I. -I/ddnB/project/shpyang/shpyang/WL/engine/.buildozer/android/platform/build-arm64-v8a/build/other_builds/hostpython3/desktop/hostpython3/Include    -DPy_BUILD_CORE -o Objects/bytearrayobject.o /ddnB/project/shpyang/shpyang/WL/engine/.buildozer/android/platform/build-arm64-v8a/build/other_builds/hostpython3/desktop/hostpython3/Objects/bytearrayobject.c
[1m[90m[DEBUG][39m[0m:   	gcc -pthread -c -Wsign-compare -DNDEBUG -g -fwrapv -O3 -Wall    -std=c11 -Wextra -Wno-unused-parameter -Wno-missing-field-initializers -Werror=implicit-function-declaration -fvisibility=hidden  -I/ddnB/project/shpyang/shpyang/WL/engine/.buildozer/android/platform/build-arm64-v8a/build/other_builds/hostpython3/desktop/hostpython3/Include/internal -IObjects -IInclude -IPython -I. -I/ddnB/project/shpyang/shpyang/WL/engine/.buildozer/android/platform/build-arm64-v8a/build/other_builds/hostpython3/desktop/hostpython3/Include    -DPy_BUILD_CORE -o Objects/bytesobject.o /ddnB/project/shpyang/shpyang/WL/engine/.buildozer/android/platform/build-arm64-v8a/build/other_builds/hostpython3/desktop/hostpython3/Objects/bytesobject.c
[1m[90m[DEBUG][39m[0m:   	gcc -pthread -c -Wsign-compare -DNDEBUG -g -fwrapv -O3 -Wall    -std=c11 -Wextra -Wno-unused-parameter -Wno-missing-field-initializers -Werror=implicit-function-declaration -fvisibility=hidden  -I/ddnB/project/shpyang/shpyang/WL/engine/.buildozer/android/platform/build-arm64-v8a/build/other_builds/hostpython3/desktop/hostpython3/Include/internal -IObjects -IInclude -IPython -I. -I/ddnB/project/shpyang/shpyang/WL/engine/.buildozer/android/platform/build-arm64-v8a/build/other_builds/hostpython3/desktop/hostpython3/Include    -DPy_BUILD_CORE -o Objects/call.o /ddnB/project/shpyang/shpyang/WL/engine/.buildozer/android/platform/build-arm64-v8a/build/other_builds/hostpython3/desktop/hostpython3/Objects/call.c
[1m[90m[DEBUG][39m[0m:   	gcc -pthread -c -Wsign-compare -DNDEBUG -g -fwrapv -O3 -Wall    -std=c11 -Wextra -Wno-unused-parameter -Wno-missing-field-initializers -Werror=implicit-function-declaration -fvisibility=hidden  -I/ddnB/project/shpyang/shpyang/WL/engine/.buildozer/android/platform/build-arm64-v8a/build/other_builds/hostpython3/desktop/hostpython3/Include/internal -IObjects -IInclude -IPython -I. -I/ddnB/project/shpyang/shpyang/WL/engine/.buildozer/android/platform/build-arm64-v8a/build/other_builds/hostpython3/desktop/hostpython3/Include    -DPy_BUILD_CORE -o Objects/capsule.o /ddnB/project/shpyang/shpyang/WL/engine/.buildozer/android/platform/build-arm64-v8a/build/other_builds/hostpython3/desktop/hostpython3/Objects/capsule.c
[1m[90m[DEBUG][39m[0m:   	gcc -pthread -c -Wsign-compare -DNDEBUG -g -fwrapv -O3 -Wall    -std=c11 -Wextra -Wno-unused-parameter -Wno-missing-field-initializers -Werror=implicit-function-declaration -fvisibility=hidden  -I/ddnB/project/shpyang/shpyang/WL/engine/.buildozer/android/platform/build-arm64-v8a/build/other_builds/hostpython3/desktop/hostpython3/Include/internal -IObjects -IInclude -IPython -I. -I/ddnB/project/shpyang/shpyang/WL/engine/.buildozer/android/platform/build-arm64-v8a/build/other_builds/hostpython3/desktop/hostpython3/Include    -DPy_BUILD_CORE -o Objects/cellobject.o /ddnB/project/shpyang/shpyang/WL/engine/.buildozer/android/platform/build-arm64-v8a/build/other_builds/hostpython3/desktop/hostpython3/Objects/cellobject.c
[1m[90m[DEBUG][39m[0m:   	gcc -pthread -c -Wsign-compare -DNDEBUG -g -fwrapv -O3 -Wall    -std=c11 -Wextra -Wno-unused-parameter -Wno-missing-field-initializers -Werror=implicit-function-declaration -fvisibility=hidden  -I/ddnB/project/shpyang/shpyang/WL/engine/.buildozer/android/platform/build-arm64-v8a/build/other_builds/hostpython3/desktop/hostpython3/Include/internal -IObjects -IInclude -IPython -I. -I/ddnB/project/shpyang/shpyang/WL/engine/.buildozer/android/platform/build-arm64-v8a/build/other_builds/hostpython3/desktop/hostpython3/Include    -DPy_BUILD_CORE -o Objects/classobject.o /ddnB/project/shpyang/shpyang/WL/engine/.buildozer/android/platform/build-arm64-v8a/build/other_builds/hostpython3/desktop/hostpython3/Objects/classobject.c
[1m[90m[DEBUG][39m[0m:   	gcc -pthread -c -Wsign-compare -DNDEBUG -g -fwrapv -O3 -Wall    -std=c11 -Wextra -Wno-unused-parameter -Wno-missing-field-initializers -Werror=implicit-function-declaration -fvisibility=hidden  -I/ddnB/project/shpyang/shpyang/WL/engine/.buildozer/android/platform/build-arm64-v8a/build/other_builds/hostpython3/desktop/hostpython3/Include/internal -IObjects -IInclude -IPython -I. -I/ddnB/project/shpyang/shpyang/WL/engine/.buildozer/android/platform/build-arm64-v8a/build/other_builds/hostpython3/desktop/hostpython3/Include    -DPy_BUILD_CORE -o Objects/codeobject.o /ddnB/project/shpyang/shpyang/WL/engine/.buildozer/android/platform/build-arm64-v8a/build/other_builds/hostpython3/desktop/hostpython3/Objects/codeobject.c
[1m[90m[DEBUG][39m[0m:   	gcc -pthread -c -Wsign-compare -DNDEBUG -g -fwrapv -O3 -Wall    -std=c11 -Wextra -Wno-unused-parameter -Wno-missing-field-initializers -Werror=implicit-function-declaration -fvisibility=hidden  -I/ddnB/project/shpyang/shpyang/WL/engine/.buildozer/android/platform/build-arm64-v8a/build/other_builds/hostpython3/desktop/hostpython3/Include/internal -IObjects -IInclude -IPython -I. -I/ddnB/project/shpyang/shpyang/WL/engine/.buildozer/android/platform/build-arm64-v8a/build/other_builds/hostpython3/desktop/hostpython3/Include    -DPy_BUILD_CORE -o Objects/complexobject.o /ddnB/project/shpyang/shpyang/WL/engine/.buildozer/android/platform/build-arm64-v8a/build/other_builds/hostpython3/desktop/hostpython3/Objects/complexobject.c
[1m[90m[DEBUG][39m[0m:   	gcc -pthread -c -Wsign-compare -DNDEBUG -g -fwrapv -O3 -Wall    -std=c11 -Wextra -Wno-unused-parameter -Wno-missing-field-initializers -Werror=implicit-function-declaration -fvisibility=hidden  -I/ddnB/project/shpyang/shpyang/WL/engine/.buildozer/android/platform/build-arm64-v8a/build/other_builds/hostpython3/desktop/hostpython3/Include/internal -IObjects -IInclude -IPython -I. -I/ddnB/project/shpyang/shpyang/WL/engine/.buildozer/android/platform/build-arm64-v8a/build/other_builds/hostpython3/desktop/hostpython3/Include    -DPy_BUILD_CORE -o Objects/descrobject.o /ddnB/project/shpyang/shpyang/WL/engine/.buildozer/android/platform/build-arm64-v8a/build/other_builds/hostpython3/desktop/hostpython3/Objects/descrobject.c
[1m[90m[DEBUG][39m[0m:   	gcc -pthread -c -Wsign-compare -DNDEBUG -g -fwrapv -O3 -Wall    -std=c11 -Wextra -Wno-unused-parameter -Wno-missing-field-initializers -Werror=implicit-function-declaration -fvisibility=hidden  -I/ddnB/project/shpyang/shpyang/WL/engine/.buildozer/android/platform/build-arm64-v8a/build/other_builds/hostpython3/desktop/hostpython3/Include/internal -IObjects -IInclude -IPython -I. -I/ddnB/project/shpyang/shpyang/WL/engine/.buildozer/android/platform/build-arm64-v8a/build/other_builds/hostpython3/desktop/hostpython3/Include    -DPy_BUILD_CORE -o Objects/enumobject.o /ddnB/project/shpyang/shpyang/WL/engine/.buildozer/android/platform/build-arm64-v8a/build/other_builds/hostpython3/desktop/hostpython3/Objects/enumobject.c
[1m[90m[DEBUG][39m[0m:   	gcc -pthread -c -Wsign-compare -DNDEBUG -g -fwrapv -O3 -Wall    -std=c11 -Wextra -Wno-unused-parameter -Wno-missing-field-initializers -Werror=implicit-function-declaration -fvisibility=hidden  -I/ddnB/project/shpyang/shpyang/WL/engine/.buildozer/android/platform/build-arm64-v8a/build/other_builds/hostpython3/desktop/hostpython3/Include/internal -IObjects -IInclude -IPython -I. -I/ddnB/project/shpyang/shpyang/WL/engine/.buildozer/android/platform/build-arm64-v8a/build/other_builds/hostpython3/desktop/hostpython3/Include    -DPy_BUILD_CORE -o Objects/exceptions.o /ddnB/project/shpyang/shpyang/WL/engine/.buildozer/android/platform/build-arm64-v8a/build/other_builds/hostpython3/desktop/hostpython3/Objects/exceptions.c
[1m[90m[DEBUG][39m[0m:   	gcc -pthread -c -Wsign-compare -DNDEBUG -g -fwrapv -O3 -Wall    -std=c11 -Wextra -Wno-unused-parameter -Wno-missing-field-initializers -Werror=implicit-function-declaration -fvisibility=hidden  -I/ddnB/project/shpyang/shpyang/WL/engine/.buildozer/android/platform/build-arm64-v8a/build/other_builds/hostpython3/desktop/hostpython3/Include/internal -IObjects -IInclude -IPython -I. -I/ddnB/project/shpyang/shpyang/WL/engine/.buildozer/android/platform/build-arm64-v8a/build/other_builds/hostpython3/desktop/hostpython3/Include    -DPy_BUILD_CORE -o Objects/genericaliasobject.o /ddnB/project/shpyang/shpyang/WL/engine/.buildozer/android/platform/build-arm64-v8a/build/other_builds/hostpython3/desktop/hostpython3/Objects/genericaliasobject.c
[1m[90m[DEBUG][39m[0m:   	gcc -pthread -c -Wsign-compare -DNDEBUG -g -fwrapv -O3 -Wall    -std=c11 -Wextra -Wno-unused-parameter -Wno-missing-field-initializers -Werror=implicit-function-declaration -fvisibility=hidden  -I/ddnB/project/shpyang/shpyang/WL/engine/.buildozer/android/platform/build-arm64-v8a/build/other_builds/hostpython3/desktop/hostpython3/Include/internal -IObjects -IInclude -IPython -I. -I/ddnB/project/shpyang/shpyang/WL/engine/.buildozer/android/platform/build-arm64-v8a/build/other_builds/hostpython3/desktop/hostpython3/Include    -DPy_BUILD_CORE -o Objects/genobject.o /ddnB/project/shpyang/shpyang/WL/engine/.buildozer/android/platform/build-arm64-v8a/build/other_builds/hostpython3/desktop/hostpython3/Objects/genobject.c
[1m[90m[DEBUG][39m[0m:   	gcc -pthread -c -Wsign-compare -DNDEBUG -g -fwrapv -O3 -Wall    -std=c11 -Wextra -Wno-unused-parameter -Wno-missing-field-initializers -Werror=implicit-function-declaration -fvisibility=hidden  -I/ddnB/project/shpyang/shpyang/WL/engine/.buildozer/android/platform/build-arm64-v8a/build/other_builds/hostpython3/desktop/hostpython3/Include/internal -IObjects -IInclude -IPython -I. -I/ddnB/project/shpyang/shpyang/WL/engine/.buildozer/android/platform/build-arm64-v8a/build/other_builds/hostpython3/desktop/hostpython3/Include    -DPy_BUILD_CORE -o Objects/fileobject.o /ddnB/project/shpyang/shpyang/WL/engine/.buildozer/android/platform/build-arm64-v8a/build/other_builds/hostpython3/desktop/hostpython3/Objects/fileobject.c
[1m[90m[DEBUG][39m[0m:   	gcc -pthread -c -Wsign-compare -DNDEBUG -g -fwrapv -O3 -Wall    -std=c11 -Wextra -Wno-unused-parameter -Wno-missing-field-initializers -Werror=implicit-function-declaration -fvisibility=hidden  -I/ddnB/project/shpyang/shpyang/WL/engine/.buildozer/android/platform/build-arm64-v8a/build/other_builds/hostpython3/desktop/hostpython3/Include/internal -IObjects -IInclude -IPython -I. -I/ddnB/project/shpyang/shpyang/WL/engine/.buildozer/android/platform/build-arm64-v8a/build/other_builds/hostpython3/desktop/hostpython3/Include    -DPy_BUILD_CORE -o Objects/floatobject.o /ddnB/project/shpyang/shpyang/WL/engine/.buildozer/android/platform/build-arm64-v8a/build/other_builds/hostpython3/desktop/hostpython3/Objects/floatobject.c
[1m[90m[DEBUG][39m[0m:   	gcc -pthread -c -Wsign-compare -DNDEBUG -g -fwrapv -O3 -Wall    -std=c11 -Wextra -Wno-unused-parameter -Wno-missing-field-initializers -Werror=implicit-function-declaration -fvisibility=hidden  -I/ddnB/project/shpyang/shpyang/WL/engine/.buildozer/android/platform/build-arm64-v8a/build/other_builds/hostpython3/desktop/hostpython3/Include/internal -IObjects -IInclude -IPython -I. -I/ddnB/project/shpyang/shpyang/WL/engine/.buildozer/android/platform/build-arm64-v8a/build/other_builds/hostpython3/desktop/hostpython3/Include    -DPy_BUILD_CORE -o Objects/frameobject.o /ddnB/project/shpyang/shpyang/WL/engine/.buildozer/android/platform/build-arm64-v8a/build/other_builds/hostpython3/desktop/hostpython3/Objects/frameobject.c
[1m[90m[DEBUG][39m[0m:   	gcc -pthread -c -Wsign-compare -DNDEBUG -g -fwrapv -O3 -Wall    -std=c11 -Wextra -Wno-unused-parameter -Wno-missing-field-initializers -Werror=implicit-function-declaration -fvisibility=hidden  -I/ddnB/project/shpyang/shpyang/WL/engine/.buildozer/android/platform/build-arm64-v8a/build/other_builds/hostpython3/desktop/hostpython3/Include/internal -IObjects -IInclude -IPython -I. -I/ddnB/project/shpyang/shpyang/WL/engine/.buildozer/android/platform/build-arm64-v8a/build/other_builds/hostpython3/desktop/hostpython3/Include    -DPy_BUILD_CORE -o Objects/funcobject.o /ddnB/project/shpyang/shpyang/WL/engine/.buildozer/android/platform/build-arm64-v8a/build/other_builds/hostpython3/desktop/hostpython3/Objects/funcobject.c
[1m[90m[DEBUG][39m[0m:   	gcc -pthread -c -Wsign-compare -DNDEBUG -g -fwrapv -O3 -Wall    -std=c11 -Wextra -Wno-unused-parameter -Wno-missing-field-initializers -Werror=implicit-function-declaration -fvisibility=hidden  -I/ddnB/project/shpyang/shpyang/WL/engine/.buildozer/android/platform/build-arm64-v8a/build/other_builds/hostpython3/desktop/hostpython3/Include/internal -IObjects -IInclude -IPython -I. -I/ddnB/project/shpyang/shpyang/WL/engine/.buildozer/android/platform/build-arm64-v8a/build/other_builds/hostpython3/desktop/hostpython3/Include    -DPy_BUILD_CORE -o Objects/interpreteridobject.o /ddnB/project/shpyang/shpyang/WL/engine/.buildozer/android/platform/build-arm64-v8a/build/other_builds/hostpython3/desktop/hostpython3/Objects/interpreteridobject.c
[1m[90m[DEBUG][39m[0m:   	gcc -pthread -c -Wsign-compare -DNDEBUG -g -fwrapv -O3 -Wall    -std=c11 -Wextra -Wno-unused-parameter -Wno-missing-field-initializers -Werror=implicit-function-declaration -fvisibility=hidden  -I/ddnB/project/shpyang/shpyang/WL/engine/.buildozer/android/platform/build-arm64-v8a/build/other_builds/hostpython3/desktop/hostpython3/Include/internal -IObjects -IInclude -IPython -I. -I/ddnB/project/shpyang/shpyang/WL/engine/.buildozer/android/platform/build-arm64-v8a/build/other_builds/hostpython3/desktop/hostpython3/Include    -DPy_BUILD_CORE -o Objects/iterobject.o /ddnB/project/shpyang/shpyang/WL/engine/.buildozer/android/platform/build-arm64-v8a/build/other_builds/hostpython3/desktop/hostpython3/Objects/iterobject.c
[1m[90m[DEBUG][39m[0m:   	gcc -pthread -c -Wsign-compare -DNDEBUG -g -fwrapv -O3 -Wall    -std=c11 -Wextra -Wno-unused-parameter -Wno-missing-field-initializers -Werror=implicit-function-declaration -fvisibility=hidden  -I/ddnB/project/shpyang/shpyang/WL/engine/.buildozer/android/platform/build-arm64-v8a/build/other_builds/hostpython3/desktop/hostpython3/Include/internal -IObjects -IInclude -IPython -I. -I/ddnB/project/shpyang/shpyang/WL/engine/.buildozer/android/platform/build-arm64-v8a/build/other_builds/hostpython3/desktop/hostpython3/Include    -DPy_BUILD_CORE -o Objects/listobject.o /ddnB/project/shpyang/shpyang/WL/engine/.buildozer/android/platform/build-arm64-v8a/build/other_builds/hostpython3/desktop/hostpython3/Objects/listobject.c
[1m[90m[DEBUG][39m[0m:   	gcc -pthread -c -Wsign-compare -DNDEBUG -g -fwrapv -O3 -Wall    -std=c11 -Wextra -Wno-unused-parameter -Wno-missing-field-initializers -Werror=implicit-function-declaration -fvisibility=hidden  -I/ddnB/project/shpyang/shpyang/WL/engine/.buildozer/android/platform/build-arm64-v8a/build/other_builds/hostpython3/desktop/hostpython3/Include/internal -IObjects -IInclude -IPython -I. -I/ddnB/project/shpyang/shpyang/WL/engine/.buildozer/android/platform/build-arm64-v8a/build/other_builds/hostpython3/desktop/hostpython3/Include    -DPy_BUILD_CORE -o Objects/longobject.o /ddnB/project/shpyang/shpyang/WL/engine/.buildozer/android/platform/build-arm64-v8a/build/other_builds/hostpython3/desktop/hostpython3/Objects/longobject.c
[1m[90m[DEBUG][39m[0m:   	gcc -pthread -c -Wsign-compare -DNDEBUG -g -fwrapv -O3 -Wall    -std=c11 -Wextra -Wno-unused-parameter -Wno-missing-field-initializers -Werror=implicit-function-declaration -fvisibility=hidden  -I/ddnB/project/shpyang/shpyang/WL/engine/.buildozer/android/platform/build-arm64-v8a/build/other_builds/hostpython3/desktop/hostpython3/Include/internal -IObjects -IInclude -IPython -I. -I/ddnB/project/shpyang/shpyang/WL/engine/.buildozer/android/platform/build-arm64-v8a/build/other_builds/hostpython3/desktop/hostpython3/Include    -DPy_BUILD_CORE -o Objects/dictobject.o /ddnB/project/shpyang/shpyang/WL/engine/.buildozer/android/platform/build-arm64-v8a/build/other_builds/hostpython3/desktop/hostpython3/Objects/dictobject.c
[1m[90m[DEBUG][39m[0m:   	gcc -pthread -c -Wsign-compare -DNDEBUG -g -fwrapv -O3 -Wall    -std=c11 -Wextra -Wno-unused-parameter -Wno-missing-field-initializers -Werror=implicit-function-declaration -fvisibility=hidden  -I/ddnB/project/shpyang/shpyang/WL/engine/.buildozer/android/platform/build-arm64-v8a/build/other_builds/hostpython3/desktop/hostpython3/Include/internal -IObjects -IInclude -IPython -I. -I/ddnB/project/shpyang/shpyang/WL/engine/.buildozer/android/platform/build-arm64-v8a/build/other_builds/hostpython3/desktop/hostpython3/Include    -DPy_BUILD_CORE -o Objects/odictobject.o /ddnB/project/shpyang/shpyang/WL/engine/.buildozer/android/platform/build-arm64-v8a/build/other_builds/hostpython3/desktop/hostpython3/Objects/odictobject.c
[1m[90m[DEBUG][39m[0m:   	gcc -pthread -c -Wsign-compare -DNDEBUG -g -fwrapv -O3 -Wall    -std=c11 -Wextra -Wno-unused-parameter -Wno-missing-field-initializers -Werror=implicit-function-declaration -fvisibility=hidden  -I/ddnB/project/shpyang/shpyang/WL/engine/.buildozer/android/platform/build-arm64-v8a/build/other_builds/hostpython3/desktop/hostpython3/Include/internal -IObjects -IInclude -IPython -I. -I/ddnB/project/shpyang/shpyang/WL/engine/.buildozer/android/platform/build-arm64-v8a/build/other_builds/hostpython3/desktop/hostpython3/Include    -DPy_BUILD_CORE -o Objects/memoryobject.o /ddnB/project/shpyang/shpyang/WL/engine/.buildozer/android/platform/build-arm64-v8a/build/other_builds/hostpython3/desktop/hostpython3/Objects/memoryobject.c
[1m[90m[DEBUG][39m[0m:   	gcc -pthread -c -Wsign-compare -DNDEBUG -g -fwrapv -O3 -Wall    -std=c11 -Wextra -Wno-unused-parameter -Wno-missing-field-initializers -Werror=implicit-function-declaration -fvisibility=hidden  -I/ddnB/project/shpyang/shpyang/WL/engine/.buildozer/android/platform/build-arm64-v8a/build/other_builds/hostpython3/desktop/hostpython3/Include/internal -IObjects -IInclude -IPython -I. -I/ddnB/project/shpyang/shpyang/WL/engine/.buildozer/android/platform/build-arm64-v8a/build/other_builds/hostpython3/desktop/hostpython3/Include    -DPy_BUILD_CORE -o Objects/methodobject.o /ddnB/project/shpyang/shpyang/WL/engine/.buildozer/android/platform/build-arm64-v8a/build/other_builds/hostpython3/desktop/hostpython3/Objects/methodobject.c
[1m[90m[DEBUG][39m[0m:   	gcc -pthread -c -Wsign-compare -DNDEBUG -g -fwrapv -O3 -Wall    -std=c11 -Wextra -Wno-unused-parameter -Wno-missing-field-initializers -Werror=implicit-function-declaration -fvisibility=hidden  -I/ddnB/project/shpyang/shpyang/WL/engine/.buildozer/android/platform/build-arm64-v8a/build/other_builds/hostpython3/desktop/hostpython3/Include/internal -IObjects -IInclude -IPython -I. -I/ddnB/project/shpyang/shpyang/WL/engine/.buildozer/android/platform/build-arm64-v8a/build/other_builds/hostpython3/desktop/hostpython3/Include    -DPy_BUILD_CORE -o Objects/moduleobject.o /ddnB/project/shpyang/shpyang/WL/engine/.buildozer/android/platform/build-arm64-v8a/build/other_builds/hostpython3/desktop/hostpython3/Objects/moduleobject.c
[1m[90m[DEBUG][39m[0m:   	gcc -pthread -c -Wsign-compare -DNDEBUG -g -fwrapv -O3 -Wall    -std=c11 -Wextra -Wno-unused-parameter -Wno-missing-field-initializers -Werror=implicit-function-declaration -fvisibility=hidden  -I/ddnB/project/shpyang/shpyang/WL/engine/.buildozer/android/platform/build-arm64-v8a/build/other_builds/hostpython3/desktop/hostpython3/Include/internal -IObjects -IInclude -IPython -I. -I/ddnB/project/shpyang/shpyang/WL/engine/.buildozer/android/platform/build-arm64-v8a/build/other_builds/hostpython3/desktop/hostpython3/Include    -DPy_BUILD_CORE -o Objects/namespaceobject.o /ddnB/project/shpyang/shpyang/WL/engine/.buildozer/android/platform/build-arm64-v8a/build/other_builds/hostpython3/desktop/hostpython3/Objects/namespaceobject.c
[1m[90m[DEBUG][39m[0m:   	gcc -pthread -c -Wsign-compare -DNDEBUG -g -fwrapv -O3 -Wall    -std=c11 -Wextra -Wno-unused-parameter -Wno-missing-field-initializers -Werror=implicit-function-declaration -fvisibility=hidden  -I/ddnB/project/shpyang/shpyang/WL/engine/.buildozer/android/platform/build-arm64-v8a/build/other_builds/hostpython3/desktop/hostpython3/Include/internal -IObjects -IInclude -IPython -I. -I/ddnB/project/shpyang/shpyang/WL/engine/.buildozer/android/platform/build-arm64-v8a/build/other_builds/hostpython3/desktop/hostpython3/Include    -DPy_BUILD_CORE -o Objects/object.o /ddnB/project/shpyang/shpyang/WL/engine/.buildozer/android/platform/build-arm64-v8a/build/other_builds/hostpython3/desktop/hostpython3/Objects/object.c
[1m[90m[DEBUG][39m[0m:   	gcc -pthread -c -Wsign-compare -DNDEBUG -g -fwrapv -O3 -Wall    -std=c11 -Wextra -Wno-unused-parameter -Wno-missing-field-initializers -Werror=implicit-function-declaration -fvisibility=hidden  -I/ddnB/project/shpyang/shpyang/WL/engine/.buildozer/android/platform/build-arm64-v8a/build/other_builds/hostpython3/desktop/hostpython3/Include/internal -IObjects -IInclude -IPython -I. -I/ddnB/project/shpyang/shpyang/WL/engine/.buildozer/android/platform/build-arm64-v8a/build/other_builds/hostpython3/desktop/hostpython3/Include    -DPy_BUILD_CORE -o Objects/obmalloc.o /ddnB/project/shpyang/shpyang/WL/engine/.buildozer/android/platform/build-arm64-v8a/build/other_builds/hostpython3/desktop/hostpython3/Objects/obmalloc.c
[1m[90m[DEBUG][39m[0m:   	gcc -pthread -c -Wsign-compare -DNDEBUG -g -fwrapv -O3 -Wall    -std=c11 -Wextra -Wno-unused-parameter -Wno-missing-field-initializers -Werror=implicit-function-declaration -fvisibility=hidden  -I/ddnB/project/shpyang/shpyang/WL/engine/.buildozer/android/platform/build-arm64-v8a/build/other_builds/hostpython3/desktop/hostpython3/Include/internal -IObjects -IInclude -IPython -I. -I/ddnB/project/shpyang/shpyang/WL/engine/.buildozer/android/platform/build-arm64-v8a/build/other_builds/hostpython3/desktop/hostpython3/Include    -DPy_BUILD_CORE -o Objects/picklebufobject.o /ddnB/project/shpyang/shpyang/WL/engine/.buildozer/android/platform/build-arm64-v8a/build/other_builds/hostpython3/desktop/hostpython3/Objects/picklebufobject.c
[1m[90m[DEBUG][39m[0m:   	gcc -pthread -c -Wsign-compare -DNDEBUG -g -fwrapv -O3 -Wall    -std=c11 -Wextra -Wno-unused-parameter -Wno-missing-field-initializers -Werror=implicit-function-declaration -fvisibility=hidden  -I/ddnB/project/shpyang/shpyang/WL/engine/.buildozer/android/platform/build-arm64-v8a/build/other_builds/hostpython3/desktop/hostpython3/Include/internal -IObjects -IInclude -IPython -I. -I/ddnB/project/shpyang/shpyang/WL/engine/.buildozer/android/platform/build-arm64-v8a/build/other_builds/hostpython3/desktop/hostpython3/Include    -DPy_BUILD_CORE -o Objects/rangeobject.o /ddnB/project/shpyang/shpyang/WL/engine/.buildozer/android/platform/build-arm64-v8a/build/other_builds/hostpython3/desktop/hostpython3/Objects/rangeobject.c
[1m[90m[DEBUG][39m[0m:   	gcc -pthread -c -Wsign-compare -DNDEBUG -g -fwrapv -O3 -Wall    -std=c11 -Wextra -Wno-unused-parameter -Wno-missing-field-initializers -Werror=implicit-function-declaration -fvisibility=hidden  -I/ddnB/project/shpyang/shpyang/WL/engine/.buildozer/android/platform/build-arm64-v8a/build/other_builds/hostpython3/desktop/hostpython3/Include/internal -IObjects -IInclude -IPython -I. -I/ddnB/project/shpyang/shpyang/WL/engine/.buildozer/android/platform/build-arm64-v8a/build/other_builds/hostpython3/desktop/hostpython3/Include    -DPy_BUILD_CORE -o Objects/setobject.o /ddnB/project/shpyang/shpyang/WL/engine/.buildozer/android/platform/build-arm64-v8a/build/other_builds/hostpython3/desktop/hostpython3/Objects/setobject.c
[1m[90m[DEBUG][39m[0m:   	gcc -pthread -c -Wsign-compare -DNDEBUG -g -fwrapv -O3 -Wall    -std=c11 -Wextra -Wno-unused-parameter -Wno-missing-field-initializers -Werror=implicit-function-declaration -fvisibility=hidden  -I/ddnB/project/shpyang/shpyang/WL/engine/.buildozer/android/platform/build-arm64-v8a/build/other_builds/hostpython3/desktop/hostpython3/Include/internal -IObjects -IInclude -IPython -I. -I/ddnB/project/shpyang/shpyang/WL/engine/.buildozer/android/platform/build-arm64-v8a/build/other_builds/hostpython3/desktop/hostpython3/Include    -DPy_BUILD_CORE -o Objects/sliceobject.o /ddnB/project/shpyang/shpyang/WL/engine/.buildozer/android/platform/build-arm64-v8a/build/other_builds/hostpython3/desktop/hostpython3/Objects/sliceobject.c
[1m[90m[DEBUG][39m[0m:   	gcc -pthread -c -Wsign-compare -DNDEBUG -g -fwrapv -O3 -Wall    -std=c11 -Wextra -Wno-unused-parameter -Wno-missing-field-initializers -Werror=implicit-function-declaration -fvisibility=hidden  -I/ddnB/project/shpyang/shpyang/WL/engine/.buildozer/android/platform/build-arm64-v8a/build/other_builds/hostpython3/desktop/hostpython3/Include/internal -IObjects -IInclude -IPython -I. -I/ddnB/project/shpyang/shpyang/WL/engine/.buildozer/android/platform/build-arm64-v8a/build/other_builds/hostpython3/desktop/hostpython3/Include    -DPy_BUILD_CORE -o Objects/structseq.o /ddnB/project/shpyang/shpyang/WL/engine/.buildozer/android/platform/build-arm64-v8a/build/other_builds/hostpython3/desktop/hostpython3/Objects/structseq.c
[1m[90m[DEBUG][39m[0m:   	gcc -pthread -c -Wsign-compare -DNDEBUG -g -fwrapv -O3 -Wall    -std=c11 -Wextra -Wno-unused-parameter -Wno-missing-field-initializers -Werror=implicit-function-declaration -fvisibility=hidden  -I/ddnB/project/shpyang/shpyang/WL/engine/.buildozer/android/platform/build-arm64-v8a/build/other_builds/hostpython3/desktop/hostpython3/Include/internal -IObjects -IInclude -IPython -I. -I/ddnB/project/shpyang/shpyang/WL/engine/.buildozer/android/platform/build-arm64-v8a/build/other_builds/hostpython3/desktop/hostpython3/Include    -DPy_BUILD_CORE -o Objects/tupleobject.o /ddnB/project/shpyang/shpyang/WL/engine/.buildozer/android/platform/build-arm64-v8a/build/other_builds/hostpython3/desktop/hostpython3/Objects/tupleobject.c
[1m[90m[DEBUG][39m[0m:   	gcc -pthread -c -Wsign-compare -DNDEBUG -g -fwrapv -O3 -Wall    -std=c11 -Wextra -Wno-unused-parameter -Wno-missing-field-initializers -Werror=implicit-function-declaration -fvisibility=hidden  -I/ddnB/project/shpyang/shpyang/WL/engine/.buildozer/android/platform/build-arm64-v8a/build/other_builds/hostpython3/desktop/hostpython3/Include/internal -IObjects -IInclude -IPython -I. -I/ddnB/project/shpyang/shpyang/WL/engine/.buildozer/android/platform/build-arm64-v8a/build/other_builds/hostpython3/desktop/hostpython3/Include    -DPy_BUILD_CORE -o Objects/typeobject.o /ddnB/project/shpyang/shpyang/WL/engine/.buildozer/android/platform/build-arm64-v8a/build/other_builds/hostpython3/desktop/hostpython3/Objects/typeobject.c
[1m[90m[DEBUG][39m[0m:   	gcc -pthread -c -Wsign-compare -DNDEBUG -g -fwrapv -O3 -Wall    -std=c11 -Wextra -Wno-unused-parameter -Wno-missing-field-initializers -Werror=implicit-function-declaration -fvisibility=hidden  -I/ddnB/project/shpyang/shpyang/WL/engine/.buildozer/android/platform/build-arm64-v8a/build/other_builds/hostpython3/desktop/hostpython3/Include/internal -IObjects -IInclude -IPython -I. -I/ddnB/project/shpyang/shpyang/WL/engine/.buildozer/android/platform/build-arm64-v8a/build/other_builds/hostpython3/desktop/hostpython3/Include    -DPy_BUILD_CORE -o Objects/unicodeobject.o /ddnB/project/shpyang/shpyang/WL/engine/.buildozer/android/platform/build-arm64-v8a/build/other_builds/hostpython3/desktop/hostpython3/Objects/unicodeobject.c
[1m[90m[DEBUG][39m[0m:   	gcc -pthread -c -Wsign-compare -DNDEBUG -g -fwrapv -O3 -Wall    -std=c11 -Wextra -Wno-unused-parameter -Wno-missing-field-initializers -Werror=implicit-function-declaration -fvisibility=hidden  -I/ddnB/project/shpyang/shpyang/WL/engine/.buildozer/android/platform/build-arm64-v8a/build/other_builds/hostpython3/desktop/hostpython3/Include/internal -IObjects -IInclude -IPython -I. -I/ddnB/project/shpyang/shpyang/WL/engine/.buildozer/android/platform/build-arm64-v8a/build/other_builds/hostpython3/desktop/hostpython3/Include    -DPy_BUILD_CORE -o Objects/unicodectype.o /ddnB/project/shpyang/shpyang/WL/engine/.buildozer/android/platform/build-arm64-v8a/build/other_builds/hostpython3/desktop/hostpython3/Objects/unicodectype.c
[1m[90m[DEBUG][39m[0m:   	gcc -pthread -c -Wsign-compare -DNDEBUG -g -fwrapv -O3 -Wall    -std=c11 -Wextra -Wno-unused-parameter -Wno-missing-field-initializers -Werror=implicit-function-declaration -fvisibility=hidden  -I/ddnB/project/shpyang/shpyang/WL/engine/.buildozer/android/platform/build-arm64-v8a/build/other_builds/hostpython3/desktop/hostpython3/Include/internal -IObjects -IInclude -IPython -I. -I/ddnB/project/shpyang/shpyang/WL/engine/.buildozer/android/platform/build-arm64-v8a/build/other_builds/hostpython3/desktop/hostpython3/Include    -DPy_BUILD_CORE -o Objects/unionobject.o /ddnB/project/shpyang/shpyang/WL/engine/.buildozer/android/platform/build-arm64-v8a/build/other_builds/hostpython3/desktop/hostpython3/Objects/unionobject.c
[1m[90m[DEBUG][39m[0m:   	gcc -pthread -c -Wsign-compare -DNDEBUG -g -fwrapv -O3 -Wall    -std=c11 -Wextra -Wno-unused-parameter -Wno-missing-field-initializers -Werror=implicit-function-declaration -fvisibility=hidden  -I/ddnB/project/shpyang/shpyang/WL/engine/.buildozer/android/platform/build-arm64-v8a/build/other_builds/hostpython3/desktop/hostpython3/Include/internal -IObjects -IInclude -IPython -I. -I/ddnB/project/shpyang/shpyang/WL/engine/.buildozer/android/platform/build-arm64-v8a/build/other_builds/hostpython3/desktop/hostpython3/Include    -DPy_BUILD_CORE -o Objects/weakrefobject.o /ddnB/project/shpyang/shpyang/WL/engine/.buildozer/android/platform/build-arm64-v8a/build/other_builds/hostpython3/desktop/hostpython3/Objects/weakrefobject.c
[1m[90m[DEBUG][39m[0m:   	gcc -pthread -c -Wsign-compare -DNDEBUG -g -fwrapv -O3 -Wall    -std=c11 -Wextra -Wno-unused-parameter -Wno-missing-field-initializers -Werror=implicit-function-declaration -fvisibility=hidden  -I/ddnB/project/shpyang/shpyang/WL/engine/.buildozer/android/platform/build-arm64-v8a/build/other_builds/hostpython3/desktop/hostpython3/Include/internal -IObjects -IInclude -IPython -I. -I/ddnB/project/shpyang/shpyang/WL/engine/.buildozer/android/platform/build-arm64-v8a/build/other_builds/hostpython3/desktop/hostpython3/Include    -DPy_BUILD_CORE -o Python/_warnings.o /ddnB/project/shpyang/shpyang/WL/engine/.buildozer/android/platform/build-arm64-v8a/build/other_builds/hostpython3/desktop/hostpython3/Python/_warnings.c
[1m[90m[DEBUG][39m[0m:   	gcc -pthread -c -Wsign-compare -DNDEBUG -g -fwrapv -O3 -Wall    -std=c11 -Wextra -Wno-unused-parameter -Wno-missing-field-initializers -Werror=implicit-function-declaration -fvisibility=hidden  -I/ddnB/project/shpyang/shpyang/WL/engine/.buildozer/android/platform/build-arm64-v8a/build/other_builds/hostpython3/desktop/hostpython3/Include/internal -IObjects -IInclude -IPython -I. -I/ddnB/project/shpyang/shpyang/WL/engine/.buildozer/android/platform/build-arm64-v8a/build/other_builds/hostpython3/desktop/hostpython3/Include    -DPy_BUILD_CORE -o Python/Python-ast.o /ddnB/project/shpyang/shpyang/WL/engine/.buildozer/android/platform/build-arm64-v8a/build/other_builds/hostpython3/desktop/hostpython3/Python/Python-ast.c
[1m[90m[DEBUG][39m[0m:   	gcc -pthread -c -Wsign-compare -DNDEBUG -g -fwrapv -O3 -Wall    -std=c11 -Wextra -Wno-unused-parameter -Wno-missing-field-initializers -Werror=implicit-function-declaration -fvisibility=hidden  -I/ddnB/project/shpyang/shpyang/WL/engine/.buildozer/android/platform/build-arm64-v8a/build/other_builds/hostpython3/desktop/hostpython3/Include/internal -IObjects -IInclude -IPython -I. -I/ddnB/project/shpyang/shpyang/WL/engine/.buildozer/android/platform/build-arm64-v8a/build/other_builds/hostpython3/desktop/hostpython3/Include    -DPy_BUILD_CORE -o Python/Python-tokenize.o /ddnB/project/shpyang/shpyang/WL/engine/.buildozer/android/platform/build-arm64-v8a/build/other_builds/hostpython3/desktop/hostpython3/Python/Python-tokenize.c
[1m[90m[DEBUG][39m[0m:   	gcc -pthread -c -Wsign-compare -DNDEBUG -g -fwrapv -O3 -Wall    -std=c11 -Wextra -Wno-unused-parameter -Wno-missing-field-initializers -Werror=implicit-function-declaration -fvisibility=hidden  -I/ddnB/project/shpyang/shpyang/WL/engine/.buildozer/android/platform/build-arm64-v8a/build/other_builds/hostpython3/desktop/hostpython3/Include/internal -IObjects -IInclude -IPython -I. -I/ddnB/project/shpyang/shpyang/WL/engine/.buildozer/android/platform/build-arm64-v8a/build/other_builds/hostpython3/desktop/hostpython3/Include    -DPy_BUILD_CORE -o Python/asdl.o /ddnB/project/shpyang/shpyang/WL/engine/.buildozer/android/platform/build-arm64-v8a/build/other_builds/hostpython3/desktop/hostpython3/Python/asdl.c
[1m[90m[DEBUG][39m[0m:   	gcc -pthread -c -Wsign-compare -DNDEBUG -g -fwrapv -O3 -Wall    -std=c11 -Wextra -Wno-unused-parameter -Wno-missing-field-initializers -Werror=implicit-function-declaration -fvisibility=hidden  -I/ddnB/project/shpyang/shpyang/WL/engine/.buildozer/android/platform/build-arm64-v8a/build/other_builds/hostpython3/desktop/hostpython3/Include/internal -IObjects -IInclude -IPython -I. -I/ddnB/project/shpyang/shpyang/WL/engine/.buildozer/android/platform/build-arm64-v8a/build/other_builds/hostpython3/desktop/hostpython3/Include    -DPy_BUILD_CORE -o Python/ast.o /ddnB/project/shpyang/shpyang/WL/engine/.buildozer/android/platform/build-arm64-v8a/build/other_builds/hostpython3/desktop/hostpython3/Python/ast.c
[1m[90m[DEBUG][39m[0m:   	gcc -pthread -c -Wsign-compare -DNDEBUG -g -fwrapv -O3 -Wall    -std=c11 -Wextra -Wno-unused-parameter -Wno-missing-field-initializers -Werror=implicit-function-declaration -fvisibility=hidden  -I/ddnB/project/shpyang/shpyang/WL/engine/.buildozer/android/platform/build-arm64-v8a/build/other_builds/hostpython3/desktop/hostpython3/Include/internal -IObjects -IInclude -IPython -I. -I/ddnB/project/shpyang/shpyang/WL/engine/.buildozer/android/platform/build-arm64-v8a/build/other_builds/hostpython3/desktop/hostpython3/Include    -DPy_BUILD_CORE -o Python/ast_opt.o /ddnB/project/shpyang/shpyang/WL/engine/.buildozer/android/platform/build-arm64-v8a/build/other_builds/hostpython3/desktop/hostpython3/Python/ast_opt.c
[1m[90m[DEBUG][39m[0m:   	gcc -pthread -c -Wsign-compare -DNDEBUG -g -fwrapv -O3 -Wall    -std=c11 -Wextra -Wno-unused-parameter -Wno-missing-field-initializers -Werror=implicit-function-declaration -fvisibility=hidden  -I/ddnB/project/shpyang/shpyang/WL/engine/.buildozer/android/platform/build-arm64-v8a/build/other_builds/hostpython3/desktop/hostpython3/Include/internal -IObjects -IInclude -IPython -I. -I/ddnB/project/shpyang/shpyang/WL/engine/.buildozer/android/platform/build-arm64-v8a/build/other_builds/hostpython3/desktop/hostpython3/Include    -DPy_BUILD_CORE -o Python/ast_unparse.o /ddnB/project/shpyang/shpyang/WL/engine/.buildozer/android/platform/build-arm64-v8a/build/other_builds/hostpython3/desktop/hostpython3/Python/ast_unparse.c
[1m[90m[DEBUG][39m[0m:   	gcc -pthread -c -Wsign-compare -DNDEBUG -g -fwrapv -O3 -Wall    -std=c11 -Wextra -Wno-unused-parameter -Wno-missing-field-initializers -Werror=implicit-function-declaration -fvisibility=hidden  -I/ddnB/project/shpyang/shpyang/WL/engine/.buildozer/android/platform/build-arm64-v8a/build/other_builds/hostpython3/desktop/hostpython3/Include/internal -IObjects -IInclude -IPython -I. -I/ddnB/project/shpyang/shpyang/WL/engine/.buildozer/android/platform/build-arm64-v8a/build/other_builds/hostpython3/desktop/hostpython3/Include    -DPy_BUILD_CORE -o Python/bltinmodule.o /ddnB/project/shpyang/shpyang/WL/engine/.buildozer/android/platform/build-arm64-v8a/build/other_builds/hostpython3/desktop/hostpython3/Python/bltinmodule.c
[1m[90m[DEBUG][39m[0m:   	gcc -pthread -c -Wsign-compare -DNDEBUG -g -fwrapv -O3 -Wall    -std=c11 -Wextra -Wno-unused-parameter -Wno-missing-field-initializers -Werror=implicit-function-declaration -fvisibility=hidden  -I/ddnB/project/shpyang/shpyang/WL/engine/.buildozer/android/platform/build-arm64-v8a/build/other_builds/hostpython3/desktop/hostpython3/Include/internal -IObjects -IInclude -IPython -I. -I/ddnB/project/shpyang/shpyang/WL/engine/.buildozer/android/platform/build-arm64-v8a/build/other_builds/hostpython3/desktop/hostpython3/Include    -DPy_BUILD_CORE -o Python/ceval.o /ddnB/project/shpyang/shpyang/WL/engine/.buildozer/android/platform/build-arm64-v8a/build/other_builds/hostpython3/desktop/hostpython3/Python/ceval.c
[1m[90m[DEBUG][39m[0m:   	gcc -pthread -c -Wsign-compare -DNDEBUG -g -fwrapv -O3 -Wall    -std=c11 -Wextra -Wno-unused-parameter -Wno-missing-field-initializers -Werror=implicit-function-declaration -fvisibility=hidden  -I/ddnB/project/shpyang/shpyang/WL/engine/.buildozer/android/platform/build-arm64-v8a/build/other_builds/hostpython3/desktop/hostpython3/Include/internal -IObjects -IInclude -IPython -I. -I/ddnB/project/shpyang/shpyang/WL/engine/.buildozer/android/platform/build-arm64-v8a/build/other_builds/hostpython3/desktop/hostpython3/Include    -DPy_BUILD_CORE -o Python/codecs.o /ddnB/project/shpyang/shpyang/WL/engine/.buildozer/android/platform/build-arm64-v8a/build/other_builds/hostpython3/desktop/hostpython3/Python/codecs.c
[1m[90m[DEBUG][39m[0m:   	gcc -pthread -c -Wsign-compare -DNDEBUG -g -fwrapv -O3 -Wall    -std=c11 -Wextra -Wno-unused-parameter -Wno-missing-field-initializers -Werror=implicit-function-declaration -fvisibility=hidden  -I/ddnB/project/shpyang/shpyang/WL/engine/.buildozer/android/platform/build-arm64-v8a/build/other_builds/hostpython3/desktop/hostpython3/Include/internal -IObjects -IInclude -IPython -I. -I/ddnB/project/shpyang/shpyang/WL/engine/.buildozer/android/platform/build-arm64-v8a/build/other_builds/hostpython3/desktop/hostpython3/Include    -DPy_BUILD_CORE -o Python/compile.o /ddnB/project/shpyang/shpyang/WL/engine/.buildozer/android/platform/build-arm64-v8a/build/other_builds/hostpython3/desktop/hostpython3/Python/compile.c
[1m[90m[DEBUG][39m[0m:   	gcc -pthread -c -Wsign-compare -DNDEBUG -g -fwrapv -O3 -Wall    -std=c11 -Wextra -Wno-unused-parameter -Wno-missing-field-initializers -Werror=implicit-function-declaration -fvisibility=hidden  -I/ddnB/project/shpyang/shpyang/WL/engine/.buildozer/android/platform/build-arm64-v8a/build/other_builds/hostpython3/desktop/hostpython3/Include/internal -IObjects -IInclude -IPython -I. -I/ddnB/project/shpyang/shpyang/WL/engine/.buildozer/android/platform/build-arm64-v8a/build/other_builds/hostpython3/desktop/hostpython3/Include    -DPy_BUILD_CORE -o Python/context.o /ddnB/project/shpyang/shpyang/WL/engine/.buildozer/android/platform/build-arm64-v8a/build/other_builds/hostpython3/desktop/hostpython3/Python/context.c
[1m[90m[DEBUG][39m[0m:   	gcc -pthread -c -Wsign-compare -DNDEBUG -g -fwrapv -O3 -Wall    -std=c11 -Wextra -Wno-unused-parameter -Wno-missing-field-initializers -Werror=implicit-function-declaration -fvisibility=hidden  -I/ddnB/project/shpyang/shpyang/WL/engine/.buildozer/android/platform/build-arm64-v8a/build/other_builds/hostpython3/desktop/hostpython3/Include/internal -IObjects -IInclude -IPython -I. -I/ddnB/project/shpyang/shpyang/WL/engine/.buildozer/android/platform/build-arm64-v8a/build/other_builds/hostpython3/desktop/hostpython3/Include    -DPy_BUILD_CORE -o Python/dynamic_annotations.o /ddnB/project/shpyang/shpyang/WL/engine/.buildozer/android/platform/build-arm64-v8a/build/other_builds/hostpython3/desktop/hostpython3/Python/dynamic_annotations.c
[1m[90m[DEBUG][39m[0m:   	gcc -pthread -c -Wsign-compare -DNDEBUG -g -fwrapv -O3 -Wall    -std=c11 -Wextra -Wno-unused-parameter -Wno-missing-field-initializers -Werror=implicit-function-declaration -fvisibility=hidden  -I/ddnB/project/shpyang/shpyang/WL/engine/.buildozer/android/platform/build-arm64-v8a/build/other_builds/hostpython3/desktop/hostpython3/Include/internal -IObjects -IInclude -IPython -I. -I/ddnB/project/shpyang/shpyang/WL/engine/.buildozer/android/platform/build-arm64-v8a/build/other_builds/hostpython3/desktop/hostpython3/Include    -DPy_BUILD_CORE -o Python/errors.o /ddnB/project/shpyang/shpyang/WL/engine/.buildozer/android/platform/build-arm64-v8a/build/other_builds/hostpython3/desktop/hostpython3/Python/errors.c
[1m[90m[DEBUG][39m[0m:   	gcc -pthread -c -Wsign-compare -DNDEBUG -g -fwrapv -O3 -Wall    -std=c11 -Wextra -Wno-unused-parameter -Wno-missing-field-initializers -Werror=implicit-function-declaration -fvisibility=hidden  -I/ddnB/project/shpyang/shpyang/WL/engine/.buildozer/android/platform/build-arm64-v8a/build/other_builds/hostpython3/desktop/hostpython3/Include/internal -IObjects -IInclude -IPython -I. -I/ddnB/project/shpyang/shpyang/WL/engine/.buildozer/android/platform/build-arm64-v8a/build/other_builds/hostpython3/desktop/hostpython3/Include    -DPy_BUILD_CORE -o Python/frame.o /ddnB/project/shpyang/shpyang/WL/engine/.buildozer/android/platform/build-arm64-v8a/build/other_builds/hostpython3/desktop/hostpython3/Python/frame.c
[1m[90m[DEBUG][39m[0m:   	gcc -pthread -c -Wsign-compare -DNDEBUG -g -fwrapv -O3 -Wall    -std=c11 -Wextra -Wno-unused-parameter -Wno-missing-field-initializers -Werror=implicit-function-declaration -fvisibility=hidden  -I/ddnB/project/shpyang/shpyang/WL/engine/.buildozer/android/platform/build-arm64-v8a/build/other_builds/hostpython3/desktop/hostpython3/Include/internal -IObjects -IInclude -IPython -I. -I/ddnB/project/shpyang/shpyang/WL/engine/.buildozer/android/platform/build-arm64-v8a/build/other_builds/hostpython3/desktop/hostpython3/Include    -DPy_BUILD_CORE -o Python/frozenmain.o /ddnB/project/shpyang/shpyang/WL/engine/.buildozer/android/platform/build-arm64-v8a/build/other_builds/hostpython3/desktop/hostpython3/Python/frozenmain.c
[1m[90m[DEBUG][39m[0m:   	gcc -pthread -c -Wsign-compare -DNDEBUG -g -fwrapv -O3 -Wall    -std=c11 -Wextra -Wno-unused-parameter -Wno-missing-field-initializers -Werror=implicit-function-declaration -fvisibility=hidden  -I/ddnB/project/shpyang/shpyang/WL/engine/.buildozer/android/platform/build-arm64-v8a/build/other_builds/hostpython3/desktop/hostpython3/Include/internal -IObjects -IInclude -IPython -I. -I/ddnB/project/shpyang/shpyang/WL/engine/.buildozer/android/platform/build-arm64-v8a/build/other_builds/hostpython3/desktop/hostpython3/Include    -DPy_BUILD_CORE -o Python/future.o /ddnB/project/shpyang/shpyang/WL/engine/.buildozer/android/platform/build-arm64-v8a/build/other_builds/hostpython3/desktop/hostpython3/Python/future.c
[1m[90m[DEBUG][39m[0m:   	gcc -pthread -c -Wsign-compare -DNDEBUG -g -fwrapv -O3 -Wall    -std=c11 -Wextra -Wno-unused-parameter -Wno-missing-field-initializers -Werror=implicit-function-declaration -fvisibility=hidden  -I/ddnB/project/shpyang/shpyang/WL/engine/.buildozer/android/platform/build-arm64-v8a/build/other_builds/hostpython3/desktop/hostpython3/Include/internal -IObjects -IInclude -IPython -I. -I/ddnB/project/shpyang/shpyang/WL/engine/.buildozer/android/platform/build-arm64-v8a/build/other_builds/hostpython3/desktop/hostpython3/Include    -DPy_BUILD_CORE -o Python/getargs.o /ddnB/project/shpyang/shpyang/WL/engine/.buildozer/android/platform/build-arm64-v8a/build/other_builds/hostpython3/desktop/hostpython3/Python/getargs.c
[1m[90m[DEBUG][39m[0m:   	gcc -pthread -c -Wsign-compare -DNDEBUG -g -fwrapv -O3 -Wall    -std=c11 -Wextra -Wno-unused-parameter -Wno-missing-field-initializers -Werror=implicit-function-declaration -fvisibility=hidden  -I/ddnB/project/shpyang/shpyang/WL/engine/.buildozer/android/platform/build-arm64-v8a/build/other_builds/hostpython3/desktop/hostpython3/Include/internal -IObjects -IInclude -IPython -I. -I/ddnB/project/shpyang/shpyang/WL/engine/.buildozer/android/platform/build-arm64-v8a/build/other_builds/hostpython3/desktop/hostpython3/Include    -DPy_BUILD_CORE -o Python/getcompiler.o /ddnB/project/shpyang/shpyang/WL/engine/.buildozer/android/platform/build-arm64-v8a/build/other_builds/hostpython3/desktop/hostpython3/Python/getcompiler.c
[1m[90m[DEBUG][39m[0m:   	gcc -pthread -c -Wsign-compare -DNDEBUG -g -fwrapv -O3 -Wall    -std=c11 -Wextra -Wno-unused-parameter -Wno-missing-field-initializers -Werror=implicit-function-declaration -fvisibility=hidden  -I/ddnB/project/shpyang/shpyang/WL/engine/.buildozer/android/platform/build-arm64-v8a/build/other_builds/hostpython3/desktop/hostpython3/Include/internal -IObjects -IInclude -IPython -I. -I/ddnB/project/shpyang/shpyang/WL/engine/.buildozer/android/platform/build-arm64-v8a/build/other_builds/hostpython3/desktop/hostpython3/Include    -DPy_BUILD_CORE -o Python/getcopyright.o /ddnB/project/shpyang/shpyang/WL/engine/.buildozer/android/platform/build-arm64-v8a/build/other_builds/hostpython3/desktop/hostpython3/Python/getcopyright.c
[1m[90m[DEBUG][39m[0m:   	gcc -pthread -c -Wsign-compare -DNDEBUG -g -fwrapv -O3 -Wall    -std=c11 -Wextra -Wno-unused-parameter -Wno-missing-field-initializers -Werror=implicit-function-declaration -fvisibility=hidden  -I/ddnB/project/shpyang/shpyang/WL/engine/.buildozer/android/platform/build-arm64-v8a/build/other_builds/hostpython3/desktop/hostpython3/Include/internal -IObjects -IInclude -IPython -I. -I/ddnB/project/shpyang/shpyang/WL/engine/.buildozer/android/platform/build-arm64-v8a/build/other_builds/hostpython3/desktop/hostpython3/Include    -DPy_BUILD_CORE -DPLATFORM='"linux"' -o Python/getplatform.o /ddnB/project/shpyang/shpyang/WL/engine/.buildozer/android/platform/build-arm64-v8a/build/other_builds/hostpython3/desktop/hostpython3/Python/getplatform.c
[1m[90m[DEBUG][39m[0m:   	gcc -pthread -c -Wsign-compare -DNDEBUG -g -fwrapv -O3 -Wall    -std=c11 -Wextra -Wno-unused-parameter -Wno-missing-field-initializers -Werror=implicit-function-declaration -fvisibility=hidden  -I/ddnB/project/shpyang/shpyang/WL/engine/.buildozer/android/platform/build-arm64-v8a/build/other_builds/hostpython3/desktop/hostpython3/Include/internal -IObjects -IInclude -IPython -I. -I/ddnB/project/shpyang/shpyang/WL/engine/.buildozer/android/platform/build-arm64-v8a/build/other_builds/hostpython3/desktop/hostpython3/Include    -DPy_BUILD_CORE -o Python/getversion.o /ddnB/project/shpyang/shpyang/WL/engine/.buildozer/android/platform/build-arm64-v8a/build/other_builds/hostpython3/desktop/hostpython3/Python/getversion.c
[1m[90m[DEBUG][39m[0m:   	gcc -pthread -c -Wsign-compare -DNDEBUG -g -fwrapv -O3 -Wall    -std=c11 -Wextra -Wno-unused-parameter -Wno-missing-field-initializers -Werror=implicit-function-declaration -fvisibility=hidden  -I/ddnB/project/shpyang/shpyang/WL/engine/.buildozer/android/platform/build-arm64-v8a/build/other_builds/hostpython3/desktop/hostpython3/Include/internal -IObjects -IInclude -IPython -I. -I/ddnB/project/shpyang/shpyang/WL/engine/.buildozer/android/platform/build-arm64-v8a/build/other_builds/hostpython3/desktop/hostpython3/Include    -DPy_BUILD_CORE -o Python/hamt.o /ddnB/project/shpyang/shpyang/WL/engine/.buildozer/android/platform/build-arm64-v8a/build/other_builds/hostpython3/desktop/hostpython3/Python/hamt.c
[1m[90m[DEBUG][39m[0m:   	gcc -pthread -c -Wsign-compare -DNDEBUG -g -fwrapv -O3 -Wall    -std=c11 -Wextra -Wno-unused-parameter -Wno-missing-field-initializers -Werror=implicit-function-declaration -fvisibility=hidden  -I/ddnB/project/shpyang/shpyang/WL/engine/.buildozer/android/platform/build-arm64-v8a/build/other_builds/hostpython3/desktop/hostpython3/Include/internal -IObjects -IInclude -IPython -I. -I/ddnB/project/shpyang/shpyang/WL/engine/.buildozer/android/platform/build-arm64-v8a/build/other_builds/hostpython3/desktop/hostpython3/Include    -DPy_BUILD_CORE -o Python/hashtable.o /ddnB/project/shpyang/shpyang/WL/engine/.buildozer/android/platform/build-arm64-v8a/build/other_builds/hostpython3/desktop/hostpython3/Python/hashtable.c
[1m[90m[DEBUG][39m[0m:   	gcc -pthread -c -Wsign-compare -DNDEBUG -g -fwrapv -O3 -Wall    -std=c11 -Wextra -Wno-unused-parameter -Wno-missing-field-initializers -Werror=implicit-function-declaration -fvisibility=hidden  -I/ddnB/project/shpyang/shpyang/WL/engine/.buildozer/android/platform/build-arm64-v8a/build/other_builds/hostpython3/desktop/hostpython3/Include/internal -IObjects -IInclude -IPython -I. -I/ddnB/project/shpyang/shpyang/WL/engine/.buildozer/android/platform/build-arm64-v8a/build/other_builds/hostpython3/desktop/hostpython3/Include    -DPy_BUILD_CORE -o Python/import.o /ddnB/project/shpyang/shpyang/WL/engine/.buildozer/android/platform/build-arm64-v8a/build/other_builds/hostpython3/desktop/hostpython3/Python/import.c
[1m[90m[DEBUG][39m[0m:   	gcc -pthread -c -Wsign-compare -DNDEBUG -g -fwrapv -O3 -Wall    -std=c11 -Wextra -Wno-unused-parameter -Wno-missing-field-initializers -Werror=implicit-function-declaration -fvisibility=hidden  -I/ddnB/project/shpyang/shpyang/WL/engine/.buildozer/android/platform/build-arm64-v8a/build/other_builds/hostpython3/desktop/hostpython3/Include/internal -IObjects -IInclude -IPython -I. -I/ddnB/project/shpyang/shpyang/WL/engine/.buildozer/android/platform/build-arm64-v8a/build/other_builds/hostpython3/desktop/hostpython3/Include    -DPy_BUILD_CORE -I. -o Python/importdl.o /ddnB/project/shpyang/shpyang/WL/engine/.buildozer/android/platform/build-arm64-v8a/build/other_builds/hostpython3/desktop/hostpython3/Python/importdl.c
[1m[90m[DEBUG][39m[0m:   	gcc -pthread -c -Wsign-compare -DNDEBUG -g -fwrapv -O3 -Wall    -std=c11 -Wextra -Wno-unused-parameter -Wno-missing-field-initializers -Werror=implicit-function-declaration -fvisibility=hidden  -I/ddnB/project/shpyang/shpyang/WL/engine/.buildozer/android/platform/build-arm64-v8a/build/other_builds/hostpython3/desktop/hostpython3/Include/internal -IObjects -IInclude -IPython -I. -I/ddnB/project/shpyang/shpyang/WL/engine/.buildozer/android/platform/build-arm64-v8a/build/other_builds/hostpython3/desktop/hostpython3/Include    -DPy_BUILD_CORE -o Python/initconfig.o /ddnB/project/shpyang/shpyang/WL/engine/.buildozer/android/platform/build-arm64-v8a/build/other_builds/hostpython3/desktop/hostpython3/Python/initconfig.c
[1m[90m[DEBUG][39m[0m:   	gcc -pthread -c -Wsign-compare -DNDEBUG -g -fwrapv -O3 -Wall    -std=c11 -Wextra -Wno-unused-parameter -Wno-missing-field-initializers -Werror=implicit-function-declaration -fvisibility=hidden  -I/ddnB/project/shpyang/shpyang/WL/engine/.buildozer/android/platform/build-arm64-v8a/build/other_builds/hostpython3/desktop/hostpython3/Include/internal -IObjects -IInclude -IPython -I. -I/ddnB/project/shpyang/shpyang/WL/engine/.buildozer/android/platform/build-arm64-v8a/build/other_builds/hostpython3/desktop/hostpython3/Include    -DPy_BUILD_CORE -o Python/marshal.o /ddnB/project/shpyang/shpyang/WL/engine/.buildozer/android/platform/build-arm64-v8a/build/other_builds/hostpython3/desktop/hostpython3/Python/marshal.c
[1m[90m[DEBUG][39m[0m:   	gcc -pthread -c -Wsign-compare -DNDEBUG -g -fwrapv -O3 -Wall    -std=c11 -Wextra -Wno-unused-parameter -Wno-missing-field-initializers -Werror=implicit-function-declaration -fvisibility=hidden  -I/ddnB/project/shpyang/shpyang/WL/engine/.buildozer/android/platform/build-arm64-v8a/build/other_builds/hostpython3/desktop/hostpython3/Include/internal -IObjects -IInclude -IPython -I. -I/ddnB/project/shpyang/shpyang/WL/engine/.buildozer/android/platform/build-arm64-v8a/build/other_builds/hostpython3/desktop/hostpython3/Include    -DPy_BUILD_CORE -o Python/modsupport.o /ddnB/project/shpyang/shpyang/WL/engine/.buildozer/android/platform/build-arm64-v8a/build/other_builds/hostpython3/desktop/hostpython3/Python/modsupport.c
[1m[90m[DEBUG][39m[0m:   	gcc -pthread -c -Wsign-compare -DNDEBUG -g -fwrapv -O3 -Wall    -std=c11 -Wextra -Wno-unused-parameter -Wno-missing-field-initializers -Werror=implicit-function-declaration -fvisibility=hidden  -I/ddnB/project/shpyang/shpyang/WL/engine/.buildozer/android/platform/build-arm64-v8a/build/other_builds/hostpython3/desktop/hostpython3/Include/internal -IObjects -IInclude -IPython -I. -I/ddnB/project/shpyang/shpyang/WL/engine/.buildozer/android/platform/build-arm64-v8a/build/other_builds/hostpython3/desktop/hostpython3/Include    -DPy_BUILD_CORE -o Python/mysnprintf.o /ddnB/project/shpyang/shpyang/WL/engine/.buildozer/android/platform/build-arm64-v8a/build/other_builds/hostpython3/desktop/hostpython3/Python/mysnprintf.c
[1m[90m[DEBUG][39m[0m:   	gcc -pthread -c -Wsign-compare -DNDEBUG -g -fwrapv -O3 -Wall    -std=c11 -Wextra -Wno-unused-parameter -Wno-missing-field-initializers -Werror=implicit-function-declaration -fvisibility=hidden  -I/ddnB/project/shpyang/shpyang/WL/engine/.buildozer/android/platform/build-arm64-v8a/build/other_builds/hostpython3/desktop/hostpython3/Include/internal -IObjects -IInclude -IPython -I. -I/ddnB/project/shpyang/shpyang/WL/engine/.buildozer/android/platform/build-arm64-v8a/build/other_builds/hostpython3/desktop/hostpython3/Include    -DPy_BUILD_CORE -o Python/mystrtoul.o /ddnB/project/shpyang/shpyang/WL/engine/.buildozer/android/platform/build-arm64-v8a/build/other_builds/hostpython3/desktop/hostpython3/Python/mystrtoul.c
[1m[90m[DEBUG][39m[0m:   	gcc -pthread -c -Wsign-compare -DNDEBUG -g -fwrapv -O3 -Wall    -std=c11 -Wextra -Wno-unused-parameter -Wno-missing-field-initializers -Werror=implicit-function-declaration -fvisibility=hidden  -I/ddnB/project/shpyang/shpyang/WL/engine/.buildozer/android/platform/build-arm64-v8a/build/other_builds/hostpython3/desktop/hostpython3/Include/internal -IObjects -IInclude -IPython -I. -I/ddnB/project/shpyang/shpyang/WL/engine/.buildozer/android/platform/build-arm64-v8a/build/other_builds/hostpython3/desktop/hostpython3/Include    -DPy_BUILD_CORE -o Python/pathconfig.o /ddnB/project/shpyang/shpyang/WL/engine/.buildozer/android/platform/build-arm64-v8a/build/other_builds/hostpython3/desktop/hostpython3/Python/pathconfig.c
[1m[90m[DEBUG][39m[0m:   	gcc -pthread -c -Wsign-compare -DNDEBUG -g -fwrapv -O3 -Wall    -std=c11 -Wextra -Wno-unused-parameter -Wno-missing-field-initializers -Werror=implicit-function-declaration -fvisibility=hidden  -I/ddnB/project/shpyang/shpyang/WL/engine/.buildozer/android/platform/build-arm64-v8a/build/other_builds/hostpython3/desktop/hostpython3/Include/internal -IObjects -IInclude -IPython -I. -I/ddnB/project/shpyang/shpyang/WL/engine/.buildozer/android/platform/build-arm64-v8a/build/other_builds/hostpython3/desktop/hostpython3/Include    -DPy_BUILD_CORE -o Python/preconfig.o /ddnB/project/shpyang/shpyang/WL/engine/.buildozer/android/platform/build-arm64-v8a/build/other_builds/hostpython3/desktop/hostpython3/Python/preconfig.c
[1m[90m[DEBUG][39m[0m:   	gcc -pthread -c -Wsign-compare -DNDEBUG -g -fwrapv -O3 -Wall    -std=c11 -Wextra -Wno-unused-parameter -Wno-missing-field-initializers -Werror=implicit-function-declaration -fvisibility=hidden  -I/ddnB/project/shpyang/shpyang/WL/engine/.buildozer/android/platform/build-arm64-v8a/build/other_builds/hostpython3/desktop/hostpython3/Include/internal -IObjects -IInclude -IPython -I. -I/ddnB/project/shpyang/shpyang/WL/engine/.buildozer/android/platform/build-arm64-v8a/build/other_builds/hostpython3/desktop/hostpython3/Include    -DPy_BUILD_CORE -o Python/pyarena.o /ddnB/project/shpyang/shpyang/WL/engine/.buildozer/android/platform/build-arm64-v8a/build/other_builds/hostpython3/desktop/hostpython3/Python/pyarena.c
[1m[90m[DEBUG][39m[0m:   	gcc -pthread -c -Wsign-compare -DNDEBUG -g -fwrapv -O3 -Wall    -std=c11 -Wextra -Wno-unused-parameter -Wno-missing-field-initializers -Werror=implicit-function-declaration -fvisibility=hidden  -I/ddnB/project/shpyang/shpyang/WL/engine/.buildozer/android/platform/build-arm64-v8a/build/other_builds/hostpython3/desktop/hostpython3/Include/internal -IObjects -IInclude -IPython -I. -I/ddnB/project/shpyang/shpyang/WL/engine/.buildozer/android/platform/build-arm64-v8a/build/other_builds/hostpython3/desktop/hostpython3/Include    -DPy_BUILD_CORE -o Python/pyctype.o /ddnB/project/shpyang/shpyang/WL/engine/.buildozer/android/platform/build-arm64-v8a/build/other_builds/hostpython3/desktop/hostpython3/Python/pyctype.c
[1m[90m[DEBUG][39m[0m:   	gcc -pthread -c -Wsign-compare -DNDEBUG -g -fwrapv -O3 -Wall    -std=c11 -Wextra -Wno-unused-parameter -Wno-missing-field-initializers -Werror=implicit-function-declaration -fvisibility=hidden  -I/ddnB/project/shpyang/shpyang/WL/engine/.buildozer/android/platform/build-arm64-v8a/build/other_builds/hostpython3/desktop/hostpython3/Include/internal -IObjects -IInclude -IPython -I. -I/ddnB/project/shpyang/shpyang/WL/engine/.buildozer/android/platform/build-arm64-v8a/build/other_builds/hostpython3/desktop/hostpython3/Include    -DPy_BUILD_CORE -o Python/pyfpe.o /ddnB/project/shpyang/shpyang/WL/engine/.buildozer/android/platform/build-arm64-v8a/build/other_builds/hostpython3/desktop/hostpython3/Python/pyfpe.c
[1m[90m[DEBUG][39m[0m:   	gcc -pthread -c -Wsign-compare -DNDEBUG -g -fwrapv -O3 -Wall    -std=c11 -Wextra -Wno-unused-parameter -Wno-missing-field-initializers -Werror=implicit-function-declaration -fvisibility=hidden  -I/ddnB/project/shpyang/shpyang/WL/engine/.buildozer/android/platform/build-arm64-v8a/build/other_builds/hostpython3/desktop/hostpython3/Include/internal -IObjects -IInclude -IPython -I. -I/ddnB/project/shpyang/shpyang/WL/engine/.buildozer/android/platform/build-arm64-v8a/build/other_builds/hostpython3/desktop/hostpython3/Include    -DPy_BUILD_CORE -o Python/pyhash.o /ddnB/project/shpyang/shpyang/WL/engine/.buildozer/android/platform/build-arm64-v8a/build/other_builds/hostpython3/desktop/hostpython3/Python/pyhash.c
[1m[90m[DEBUG][39m[0m:   	gcc -pthread -c -Wsign-compare -DNDEBUG -g -fwrapv -O3 -Wall    -std=c11 -Wextra -Wno-unused-parameter -Wno-missing-field-initializers -Werror=implicit-function-declaration -fvisibility=hidden  -I/ddnB/project/shpyang/shpyang/WL/engine/.buildozer/android/platform/build-arm64-v8a/build/other_builds/hostpython3/desktop/hostpython3/Include/internal -IObjects -IInclude -IPython -I. -I/ddnB/project/shpyang/shpyang/WL/engine/.buildozer/android/platform/build-arm64-v8a/build/other_builds/hostpython3/desktop/hostpython3/Include    -DPy_BUILD_CORE -o Python/pylifecycle.o /ddnB/project/shpyang/shpyang/WL/engine/.buildozer/android/platform/build-arm64-v8a/build/other_builds/hostpython3/desktop/hostpython3/Python/pylifecycle.c
[1m[90m[DEBUG][39m[0m:   	gcc -pthread -c -Wsign-compare -DNDEBUG -g -fwrapv -O3 -Wall    -std=c11 -Wextra -Wno-unused-parameter -Wno-missing-field-initializers -Werror=implicit-function-declaration -fvisibility=hidden  -I/ddnB/project/shpyang/shpyang/WL/engine/.buildozer/android/platform/build-arm64-v8a/build/other_builds/hostpython3/desktop/hostpython3/Include/internal -IObjects -IInclude -IPython -I. -I/ddnB/project/shpyang/shpyang/WL/engine/.buildozer/android/platform/build-arm64-v8a/build/other_builds/hostpython3/desktop/hostpython3/Include    -DPy_BUILD_CORE -o Python/pymath.o /ddnB/project/shpyang/shpyang/WL/engine/.buildozer/android/platform/build-arm64-v8a/build/other_builds/hostpython3/desktop/hostpython3/Python/pymath.c
[1m[90m[DEBUG][39m[0m:   	gcc -pthread -c -Wsign-compare -DNDEBUG -g -fwrapv -O3 -Wall    -std=c11 -Wextra -Wno-unused-parameter -Wno-missing-field-initializers -Werror=implicit-function-declaration -fvisibility=hidden  -I/ddnB/project/shpyang/shpyang/WL/engine/.buildozer/android/platform/build-arm64-v8a/build/other_builds/hostpython3/desktop/hostpython3/Include/internal -IObjects -IInclude -IPython -I. -I/ddnB/project/shpyang/shpyang/WL/engine/.buildozer/android/platform/build-arm64-v8a/build/other_builds/hostpython3/desktop/hostpython3/Include    -DPy_BUILD_CORE -o Python/pystate.o /ddnB/project/shpyang/shpyang/WL/engine/.buildozer/android/platform/build-arm64-v8a/build/other_builds/hostpython3/desktop/hostpython3/Python/pystate.c
[1m[90m[DEBUG][39m[0m:   	gcc -pthread -c -Wsign-compare -DNDEBUG -g -fwrapv -O3 -Wall    -std=c11 -Wextra -Wno-unused-parameter -Wno-missing-field-initializers -Werror=implicit-function-declaration -fvisibility=hidden  -I/ddnB/project/shpyang/shpyang/WL/engine/.buildozer/android/platform/build-arm64-v8a/build/other_builds/hostpython3/desktop/hostpython3/Include/internal -IObjects -IInclude -IPython -I. -I/ddnB/project/shpyang/shpyang/WL/engine/.buildozer/android/platform/build-arm64-v8a/build/other_builds/hostpython3/desktop/hostpython3/Include    -DPy_BUILD_CORE -o Python/pythonrun.o /ddnB/project/shpyang/shpyang/WL/engine/.buildozer/android/platform/build-arm64-v8a/build/other_builds/hostpython3/desktop/hostpython3/Python/pythonrun.c
[1m[90m[DEBUG][39m[0m:   	gcc -pthread -c -Wsign-compare -DNDEBUG -g -fwrapv -O3 -Wall    -std=c11 -Wextra -Wno-unused-parameter -Wno-missing-field-initializers -Werror=implicit-function-declaration -fvisibility=hidden  -I/ddnB/project/shpyang/shpyang/WL/engine/.buildozer/android/platform/build-arm64-v8a/build/other_builds/hostpython3/desktop/hostpython3/Include/internal -IObjects -IInclude -IPython -I. -I/ddnB/project/shpyang/shpyang/WL/engine/.buildozer/android/platform/build-arm64-v8a/build/other_builds/hostpython3/desktop/hostpython3/Include    -DPy_BUILD_CORE -o Python/pytime.o /ddnB/project/shpyang/shpyang/WL/engine/.buildozer/android/platform/build-arm64-v8a/build/other_builds/hostpython3/desktop/hostpython3/Python/pytime.c
[1m[90m[DEBUG][39m[0m:   	gcc -pthread -c -Wsign-compare -DNDEBUG -g -fwrapv -O3 -Wall    -std=c11 -Wextra -Wno-unused-parameter -Wno-missing-field-initializers -Werror=implicit-function-declaration -fvisibility=hidden  -I/ddnB/project/shpyang/shpyang/WL/engine/.buildozer/android/platform/build-arm64-v8a/build/other_builds/hostpython3/desktop/hostpython3/Include/internal -IObjects -IInclude -IPython -I. -I/ddnB/project/shpyang/shpyang/WL/engine/.buildozer/android/platform/build-arm64-v8a/build/other_builds/hostpython3/desktop/hostpython3/Include    -DPy_BUILD_CORE -o Python/bootstrap_hash.o /ddnB/project/shpyang/shpyang/WL/engine/.buildozer/android/platform/build-arm64-v8a/build/other_builds/hostpython3/desktop/hostpython3/Python/bootstrap_hash.c
[1m[90m[DEBUG][39m[0m:   	gcc -pthread -c -Wsign-compare -DNDEBUG -g -fwrapv -O3 -Wall    -std=c11 -Wextra -Wno-unused-parameter -Wno-missing-field-initializers -Werror=implicit-function-declaration -fvisibility=hidden  -I/ddnB/project/shpyang/shpyang/WL/engine/.buildozer/android/platform/build-arm64-v8a/build/other_builds/hostpython3/desktop/hostpython3/Include/internal -IObjects -IInclude -IPython -I. -I/ddnB/project/shpyang/shpyang/WL/engine/.buildozer/android/platform/build-arm64-v8a/build/other_builds/hostpython3/desktop/hostpython3/Include    -DPy_BUILD_CORE -o Python/specialize.o /ddnB/project/shpyang/shpyang/WL/engine/.buildozer/android/platform/build-arm64-v8a/build/other_builds/hostpython3/desktop/hostpython3/Python/specialize.c
[1m[90m[DEBUG][39m[0m:   	gcc -pthread -c -Wsign-compare -DNDEBUG -g -fwrapv -O3 -Wall    -std=c11 -Wextra -Wno-unused-parameter -Wno-missing-field-initializers -Werror=implicit-function-declaration -fvisibility=hidden  -I/ddnB/project/shpyang/shpyang/WL/engine/.buildozer/android/platform/build-arm64-v8a/build/other_builds/hostpython3/desktop/hostpython3/Include/internal -IObjects -IInclude -IPython -I. -I/ddnB/project/shpyang/shpyang/WL/engine/.buildozer/android/platform/build-arm64-v8a/build/other_builds/hostpython3/desktop/hostpython3/Include    -DPy_BUILD_CORE -o Python/structmember.o /ddnB/project/shpyang/shpyang/WL/engine/.buildozer/android/platform/build-arm64-v8a/build/other_builds/hostpython3/desktop/hostpython3/Python/structmember.c
[1m[90m[DEBUG][39m[0m:   	gcc -pthread -c -Wsign-compare -DNDEBUG -g -fwrapv -O3 -Wall    -std=c11 -Wextra -Wno-unused-parameter -Wno-missing-field-initializers -Werror=implicit-function-declaration -fvisibility=hidden  -I/ddnB/project/shpyang/shpyang/WL/engine/.buildozer/android/platform/build-arm64-v8a/build/other_builds/hostpython3/desktop/hostpython3/Include/internal -IObjects -IInclude -IPython -I. -I/ddnB/project/shpyang/shpyang/WL/engine/.buildozer/android/platform/build-arm64-v8a/build/other_builds/hostpython3/desktop/hostpython3/Include    -DPy_BUILD_CORE -o Python/symtable.o /ddnB/project/shpyang/shpyang/WL/engine/.buildozer/android/platform/build-arm64-v8a/build/other_builds/hostpython3/desktop/hostpython3/Python/symtable.c
[1m[90m[DEBUG][39m[0m:   	gcc -pthread -c -Wsign-compare -DNDEBUG -g -fwrapv -O3 -Wall    -std=c11 -Wextra -Wno-unused-parameter -Wno-missing-field-initializers -Werror=implicit-function-declaration -fvisibility=hidden  -I/ddnB/project/shpyang/shpyang/WL/engine/.buildozer/android/platform/build-arm64-v8a/build/other_builds/hostpython3/desktop/hostpython3/Include/internal -IObjects -IInclude -IPython -I. -I/ddnB/project/shpyang/shpyang/WL/engine/.buildozer/android/platform/build-arm64-v8a/build/other_builds/hostpython3/desktop/hostpython3/Include    -DPy_BUILD_CORE \
[1m[90m[DEBUG][39m[0m:   		-DABIFLAGS='""' \
[1m[90m[DEBUG][39m[0m:   		-DMULTIARCH=\"x86_64-linux-gnu\" \
[1m[90m[DEBUG][39m[0m:   		-o Python/sysmodule.o /ddnB/project/shpyang/shpyang/WL/engine/.buildozer/android/platform/build-arm64-v8a/build/other_builds/hostpython3/desktop/hostpython3/Python/sysmodule.c
[1m[90m[DEBUG][39m[0m:   	gcc -pthread -c -Wsign-compare -DNDEBUG -g -fwrapv -O3 -Wall    -std=c11 -Wextra -Wno-unused-parameter -Wno-missing-field-initializers -Werror=implicit-function-declaration -fvisibility=hidden  -I/ddnB/project/shpyang/shpyang/WL/engine/.buildozer/android/platform/build-arm64-v8a/build/other_builds/hostpython3/desktop/hostpython3/Include/internal -IObjects -IInclude -IPython -I. -I/ddnB/project/shpyang/shpyang/WL/engine/.buildozer/android/platform/build-arm64-v8a/build/other_builds/hostpython3/desktop/hostpython3/Include    -DPy_BUILD_CORE -o Python/thread.o /ddnB/project/shpyang/shpyang/WL/engine/.buildozer/android/platform/build-arm64-v8a/build/other_builds/hostpython3/desktop/hostpython3/Python/thread.c
[1m[90m[DEBUG][39m[0m:   	gcc -pthread -c -Wsign-compare -DNDEBUG -g -fwrapv -O3 -Wall    -std=c11 -Wextra -Wno-unused-parameter -Wno-missing-field-initializers -Werror=implicit-function-declaration -fvisibility=hidden  -I/ddnB/project/shpyang/shpyang/WL/engine/.buildozer/android/platform/build-arm64-v8a/build/other_builds/hostpython3/desktop/hostpython3/Include/internal -IObjects -IInclude -IPython -I. -I/ddnB/project/shpyang/shpyang/WL/engine/.buildozer/android/platform/build-arm64-v8a/build/other_builds/hostpython3/desktop/hostpython3/Include    -DPy_BUILD_CORE -o Python/traceback.o /ddnB/project/shpyang/shpyang/WL/engine/.buildozer/android/platform/build-arm64-v8a/build/other_builds/hostpython3/desktop/hostpython3/Python/traceback.c
[1m[90m[DEBUG][39m[0m:   	gcc -pthread -c -Wsign-compare -DNDEBUG -g -fwrapv -O3 -Wall    -std=c11 -Wextra -Wno-unused-parameter -Wno-missing-field-initializers -Werror=implicit-function-declaration -fvisibility=hidden  -I/ddnB/project/shpyang/shpyang/WL/engine/.buildozer/android/platform/build-arm64-v8a/build/other_builds/hostpython3/desktop/hostpython3/Include/internal -IObjects -IInclude -IPython -I. -I/ddnB/project/shpyang/shpyang/WL/engine/.buildozer/android/platform/build-arm64-v8a/build/other_builds/hostpython3/desktop/hostpython3/Include    -DPy_BUILD_CORE -o Python/getopt.o /ddnB/project/shpyang/shpyang/WL/engine/.buildozer/android/platform/build-arm64-v8a/build/other_builds/hostpython3/desktop/hostpython3/Python/getopt.c
[1m[90m[DEBUG][39m[0m:   	gcc -pthread -c -Wsign-compare -DNDEBUG -g -fwrapv -O3 -Wall    -std=c11 -Wextra -Wno-unused-parameter -Wno-missing-field-initializers -Werror=implicit-function-declaration -fvisibility=hidden  -I/ddnB/project/shpyang/shpyang/WL/engine/.buildozer/android/platform/build-arm64-v8a/build/other_builds/hostpython3/desktop/hostpython3/Include/internal -IObjects -IInclude -IPython -I. -I/ddnB/project/shpyang/shpyang/WL/engine/.buildozer/android/platform/build-arm64-v8a/build/other_builds/hostpython3/desktop/hostpython3/Include    -DPy_BUILD_CORE -o Python/pystrcmp.o /ddnB/project/shpyang/shpyang/WL/engine/.buildozer/android/platform/build-arm64-v8a/build/other_builds/hostpython3/desktop/hostpython3/Python/pystrcmp.c
[1m[90m[DEBUG][39m[0m:   	gcc -pthread -c -Wsign-compare -DNDEBUG -g -fwrapv -O3 -Wall    -std=c11 -Wextra -Wno-unused-parameter -Wno-missing-field-initializers -Werror=implicit-function-declaration -fvisibility=hidden  -I/ddnB/project/shpyang/shpyang/WL/engine/.buildozer/android/platform/build-arm64-v8a/build/other_builds/hostpython3/desktop/hostpython3/Include/internal -IObjects -IInclude -IPython -I. -I/ddnB/project/shpyang/shpyang/WL/engine/.buildozer/android/platform/build-arm64-v8a/build/other_builds/hostpython3/desktop/hostpython3/Include    -DPy_BUILD_CORE -o Python/pystrtod.o /ddnB/project/shpyang/shpyang/WL/engine/.buildozer/android/platform/build-arm64-v8a/build/other_builds/hostpython3/desktop/hostpython3/Python/pystrtod.c
[1m[90m[DEBUG][39m[0m:   	gcc -pthread -c -Wsign-compare -DNDEBUG -g -fwrapv -O3 -Wall    -std=c11 -Wextra -Wno-unused-parameter -Wno-missing-field-initializers -Werror=implicit-function-declaration -fvisibility=hidden  -I/ddnB/project/shpyang/shpyang/WL/engine/.buildozer/android/platform/build-arm64-v8a/build/other_builds/hostpython3/desktop/hostpython3/Include/internal -IObjects -IInclude -IPython -I. -I/ddnB/project/shpyang/shpyang/WL/engine/.buildozer/android/platform/build-arm64-v8a/build/other_builds/hostpython3/desktop/hostpython3/Include    -DPy_BUILD_CORE -o Python/pystrhex.o /ddnB/project/shpyang/shpyang/WL/engine/.buildozer/android/platform/build-arm64-v8a/build/other_builds/hostpython3/desktop/hostpython3/Python/pystrhex.c
[1m[90m[DEBUG][39m[0m:   	gcc -pthread -c -Wsign-compare -DNDEBUG -g -fwrapv -O3 -Wall    -std=c11 -Wextra -Wno-unused-parameter -Wno-missing-field-initializers -Werror=implicit-function-declaration -fvisibility=hidden  -I/ddnB/project/shpyang/shpyang/WL/engine/.buildozer/android/platform/build-arm64-v8a/build/other_builds/hostpython3/desktop/hostpython3/Include/internal -IObjects -IInclude -IPython -I. -I/ddnB/project/shpyang/shpyang/WL/engine/.buildozer/android/platform/build-arm64-v8a/build/other_builds/hostpython3/desktop/hostpython3/Include    -DPy_BUILD_CORE  -o Python/dtoa.o /ddnB/project/shpyang/shpyang/WL/engine/.buildozer/android/platform/build-arm64-v8a/build/other_builds/hostpython3/desktop/hostpython3/Python/dtoa.c
[1m[90m[DEBUG][39m[0m:   	gcc -pthread -c -Wsign-compare -DNDEBUG -g -fwrapv -O3 -Wall    -std=c11 -Wextra -Wno-unused-parameter -Wno-missing-field-initializers -Werror=implicit-function-declaration -fvisibility=hidden  -I/ddnB/project/shpyang/shpyang/WL/engine/.buildozer/android/platform/build-arm64-v8a/build/other_builds/hostpython3/desktop/hostpython3/Include/internal -IObjects -IInclude -IPython -I. -I/ddnB/project/shpyang/shpyang/WL/engine/.buildozer/android/platform/build-arm64-v8a/build/other_builds/hostpython3/desktop/hostpython3/Include    -DPy_BUILD_CORE -o Python/formatter_unicode.o /ddnB/project/shpyang/shpyang/WL/engine/.buildozer/android/platform/build-arm64-v8a/build/other_builds/hostpython3/desktop/hostpython3/Python/formatter_unicode.c
[1m[90m[DEBUG][39m[0m:   	gcc -pthread -c -Wsign-compare -DNDEBUG -g -fwrapv -O3 -Wall    -std=c11 -Wextra -Wno-unused-parameter -Wno-missing-field-initializers -Werror=implicit-function-declaration -fvisibility=hidden  -I/ddnB/project/shpyang/shpyang/WL/engine/.buildozer/android/platform/build-arm64-v8a/build/other_builds/hostpython3/desktop/hostpython3/Include/internal -IObjects -IInclude -IPython -I. -I/ddnB/project/shpyang/shpyang/WL/engine/.buildozer/android/platform/build-arm64-v8a/build/other_builds/hostpython3/desktop/hostpython3/Include    -DPy_BUILD_CORE -o Python/fileutils.o /ddnB/project/shpyang/shpyang/WL/engine/.buildozer/android/platform/build-arm64-v8a/build/other_builds/hostpython3/desktop/hostpython3/Python/fileutils.c
[1m[90m[DEBUG][39m[0m:   	gcc -pthread -c -Wsign-compare -DNDEBUG -g -fwrapv -O3 -Wall    -std=c11 -Wextra -Wno-unused-parameter -Wno-missing-field-initializers -Werror=implicit-function-declaration -fvisibility=hidden  -I/ddnB/project/shpyang/shpyang/WL/engine/.buildozer/android/platform/build-arm64-v8a/build/other_builds/hostpython3/desktop/hostpython3/Include/internal -IObjects -IInclude -IPython -I. -I/ddnB/project/shpyang/shpyang/WL/engine/.buildozer/android/platform/build-arm64-v8a/build/other_builds/hostpython3/desktop/hostpython3/Include    -DPy_BUILD_CORE -o Python/suggestions.o /ddnB/project/shpyang/shpyang/WL/engine/.buildozer/android/platform/build-arm64-v8a/build/other_builds/hostpython3/desktop/hostpython3/Python/suggestions.c
[1m[90m[DEBUG][39m[0m:   	gcc -pthread -c -Wsign-compare -DNDEBUG -g -fwrapv -O3 -Wall    -std=c11 -Wextra -Wno-unused-parameter -Wno-missing-field-initializers -Werror=implicit-function-declaration -fvisibility=hidden  -I/ddnB/project/shpyang/shpyang/WL/engine/.buildozer/android/platform/build-arm64-v8a/build/other_builds/hostpython3/desktop/hostpython3/Include/internal -IObjects -IInclude -IPython -I. -I/ddnB/project/shpyang/shpyang/WL/engine/.buildozer/android/platform/build-arm64-v8a/build/other_builds/hostpython3/desktop/hostpython3/Include    -DPy_BUILD_CORE \
[1m[90m[DEBUG][39m[0m:   		-DSOABI='"cpython-311-x86_64-linux-gnu"' \
[1m[90m[DEBUG][39m[0m:   		-o Python/dynload_shlib.o /ddnB/project/shpyang/shpyang/WL/engine/.buildozer/android/platform/build-arm64-v8a/build/other_builds/hostpython3/desktop/hostpython3/Python/dynload_shlib.c
[1m[90m[DEBUG][39m[0m:   	gcc -pthread -c -Wsign-compare -DNDEBUG -g -fwrapv -O3 -Wall    -std=c11 -Wextra -Wno-unused-parameter -Wno-missing-field-initializers -Werror=implicit-function-declaration -fvisibility=hidden  -I/ddnB/project/shpyang/shpyang/WL/engine/.buildozer/android/platform/build-arm64-v8a/build/other_builds/hostpython3/desktop/hostpython3/Include/internal -IObjects -IInclude -IPython -I. -I/ddnB/project/shpyang/shpyang/WL/engine/.buildozer/android/platform/build-arm64-v8a/build/other_builds/hostpython3/desktop/hostpython3/Include    -DPy_BUILD_CORE -o Modules/config.o Modules/config.c
[1m[90m[DEBUG][39m[0m:   	gcc -pthread -c -Wsign-compare -DNDEBUG -g -fwrapv -O3 -Wall    -std=c11 -Wextra -Wno-unused-parameter -Wno-missing-field-initializers -Werror=implicit-function-declaration -fvisibility=hidden  -I/ddnB/project/shpyang/shpyang/WL/engine/.buildozer/android/platform/build-arm64-v8a/build/other_builds/hostpython3/desktop/hostpython3/Include/internal -IObjects -IInclude -IPython -I. -I/ddnB/project/shpyang/shpyang/WL/engine/.buildozer/android/platform/build-arm64-v8a/build/other_builds/hostpython3/desktop/hostpython3/Include    -DPy_BUILD_CORE -o Modules/main.o /ddnB/project/shpyang/shpyang/WL/engine/.buildozer/android/platform/build-arm64-v8a/build/other_builds/hostpython3/desktop/hostpython3/Modules/main.c
[1m[90m[DEBUG][39m[0m:   	gcc -pthread -c -Wsign-compare -DNDEBUG -g -fwrapv -O3 -Wall    -std=c11 -Wextra -Wno-unused-parameter -Wno-missing-field-initializers -Werror=implicit-function-declaration -fvisibility=hidden  -I/ddnB/project/shpyang/shpyang/WL/engine/.buildozer/android/platform/build-arm64-v8a/build/other_builds/hostpython3/desktop/hostpython3/Include/internal -IObjects -IInclude -IPython -I. -I/ddnB/project/shpyang/shpyang/WL/engine/.buildozer/android/platform/build-arm64-v8a/build/other_builds/hostpython3/desktop/hostpython3/Include    -DPy_BUILD_CORE -o Modules/gcmodule.o /ddnB/project/shpyang/shpyang/WL/engine/.buildozer/android/platform/build-arm64-v8a/build/other_builds/hostpython3/desktop/hostpython3/Modules/gcmodule.c
[1m[90m[DEBUG][39m[0m:   	gcc -pthread  -Wsign-compare -DNDEBUG -g -fwrapv -O3 -Wall    -std=c11 -Wextra -Wno-unused-parameter -Wno-missing-field-initializers -Werror=implicit-function-declaration -fvisibility=hidden  -I/ddnB/project/shpyang/shpyang/WL/engine/.buildozer/android/platform/build-arm64-v8a/build/other_builds/hostpython3/desktop/hostpython3/Include/internal -IObjects -IInclude -IPython -I. -I/ddnB/project/shpyang/shpyang/WL/engine/.buildozer/android/platform/build-arm64-v8a/build/other_builds/hostpython3/desktop/hostpython3/Include    -DPy_BUILD_CORE_BUILTIN -c /ddnB/project/shpyang/shpyang/WL/engine/.buildozer/android/platform/build-arm64-v8a/build/other_builds/hostpython3/desktop/hostpython3/Modules/atexitmodule.c -o Modules/atexitmodule.o
[1m[90m[DEBUG][39m[0m:   	gcc -pthread  -Wsign-compare -DNDEBUG -g -fwrapv -O3 -Wall    -std=c11 -Wextra -Wno-unused-parameter -Wno-missing-field-initializers -Werror=implicit-function-declaration -fvisibility=hidden  -I/ddnB/project/shpyang/shpyang/WL/engine/.buildozer/android/platform/build-arm64-v8a/build/other_builds/hostpython3/desktop/hostpython3/Include/internal -IObjects -IInclude -IPython -I. -I/ddnB/project/shpyang/shpyang/WL/engine/.buildozer/android/platform/build-arm64-v8a/build/other_builds/hostpython3/desktop/hostpython3/Include    -DPy_BUILD_CORE_BUILTIN -c /ddnB/project/shpyang/shpyang/WL/engine/.buildozer/android/platform/build-arm64-v8a/build/other_builds/hostpython3/desktop/hostpython3/Modules/faulthandler.c -o Modules/faulthandler.o
[1m[90m[DEBUG][39m[0m:   	gcc -pthread  -Wsign-compare -DNDEBUG -g -fwrapv -O3 -Wall    -std=c11 -Wextra -Wno-unused-parameter -Wno-missing-field-initializers -Werror=implicit-function-declaration -fvisibility=hidden  -I/ddnB/project/shpyang/shpyang/WL/engine/.buildozer/android/platform/build-arm64-v8a/build/other_builds/hostpython3/desktop/hostpython3/Include/internal -IObjects -IInclude -IPython -I. -I/ddnB/project/shpyang/shpyang/WL/engine/.buildozer/android/platform/build-arm64-v8a/build/other_builds/hostpython3/desktop/hostpython3/Include    -DPy_BUILD_CORE_BUILTIN -c /ddnB/project/shpyang/shpyang/WL/engine/.buildozer/android/platform/build-arm64-v8a/build/other_builds/hostpython3/desktop/hostpython3/Modules/posixmodule.c -o Modules/posixmodule.o
[1m[90m[DEBUG][39m[0m:   	gcc -pthread  -Wsign-compare -DNDEBUG -g -fwrapv -O3 -Wall    -std=c11 -Wextra -Wno-unused-parameter -Wno-missing-field-initializers -Werror=implicit-function-declaration -fvisibility=hidden  -I/ddnB/project/shpyang/shpyang/WL/engine/.buildozer/android/platform/build-arm64-v8a/build/other_builds/hostpython3/desktop/hostpython3/Include/internal -IObjects -IInclude -IPython -I. -I/ddnB/project/shpyang/shpyang/WL/engine/.buildozer/android/platform/build-arm64-v8a/build/other_builds/hostpython3/desktop/hostpython3/Include    -DPy_BUILD_CORE_BUILTIN -c /ddnB/project/shpyang/shpyang/WL/engine/.buildozer/android/platform/build-arm64-v8a/build/other_builds/hostpython3/desktop/hostpython3/Modules/signalmodule.c -o Modules/signalmodule.o
[1m[90m[DEBUG][39m[0m:   	gcc -pthread  -Wsign-compare -DNDEBUG -g -fwrapv -O3 -Wall    -std=c11 -Wextra -Wno-unused-parameter -Wno-missing-field-initializers -Werror=implicit-function-declaration -fvisibility=hidden  -I/ddnB/project/shpyang/shpyang/WL/engine/.buildozer/android/platform/build-arm64-v8a/build/other_builds/hostpython3/desktop/hostpython3/Include/internal -IObjects -IInclude -IPython -I. -I/ddnB/project/shpyang/shpyang/WL/engine/.buildozer/android/platform/build-arm64-v8a/build/other_builds/hostpython3/desktop/hostpython3/Include    -DPy_BUILD_CORE_BUILTIN -c /ddnB/project/shpyang/shpyang/WL/engine/.buildozer/android/platform/build-arm64-v8a/build/other_builds/hostpython3/desktop/hostpython3/Modules/_tracemalloc.c -o Modules/_tracemalloc.o
[1m[90m[DEBUG][39m[0m:   	gcc -pthread  -Wsign-compare -DNDEBUG -g -fwrapv -O3 -Wall    -std=c11 -Wextra -Wno-unused-parameter -Wno-missing-field-initializers -Werror=implicit-function-declaration -fvisibility=hidden  -I/ddnB/project/shpyang/shpyang/WL/engine/.buildozer/android/platform/build-arm64-v8a/build/other_builds/hostpython3/desktop/hostpython3/Include/internal -IObjects -IInclude -IPython -I. -I/ddnB/project/shpyang/shpyang/WL/engine/.buildozer/android/platform/build-arm64-v8a/build/other_builds/hostpython3/desktop/hostpython3/Include    -DPy_BUILD_CORE_BUILTIN -c /ddnB/project/shpyang/shpyang/WL/engine/.buildozer/android/platform/build-arm64-v8a/build/other_builds/hostpython3/desktop/hostpython3/Modules/_codecsmodule.c -o Modules/_codecsmodule.o
[1m[90m[DEBUG][39m[0m:   	gcc -pthread  -Wsign-compare -DNDEBUG -g -fwrapv -O3 -Wall    -std=c11 -Wextra -Wno-unused-parameter -Wno-missing-field-initializers -Werror=implicit-function-declaration -fvisibility=hidden  -I/ddnB/project/shpyang/shpyang/WL/engine/.buildozer/android/platform/build-arm64-v8a/build/other_builds/hostpython3/desktop/hostpython3/Include/internal -IObjects -IInclude -IPython -I. -I/ddnB/project/shpyang/shpyang/WL/engine/.buildozer/android/platform/build-arm64-v8a/build/other_builds/hostpython3/desktop/hostpython3/Include    -DPy_BUILD_CORE_BUILTIN -c /ddnB/project/shpyang/shpyang/WL/engine/.buildozer/android/platform/build-arm64-v8a/build/other_builds/hostpython3/desktop/hostpython3/Modules/_collectionsmodule.c -o Modules/_collectionsmodule.o
[1m[90m[DEBUG][39m[0m:   	gcc -pthread  -Wsign-compare -DNDEBUG -g -fwrapv -O3 -Wall    -std=c11 -Wextra -Wno-unused-parameter -Wno-missing-field-initializers -Werror=implicit-function-declaration -fvisibility=hidden  -I/ddnB/project/shpyang/shpyang/WL/engine/.buildozer/android/platform/build-arm64-v8a/build/other_builds/hostpython3/desktop/hostpython3/Include/internal -IObjects -IInclude -IPython -I. -I/ddnB/project/shpyang/shpyang/WL/engine/.buildozer/android/platform/build-arm64-v8a/build/other_builds/hostpython3/desktop/hostpython3/Include    -DPy_BUILD_CORE_BUILTIN -c /ddnB/project/shpyang/shpyang/WL/engine/.buildozer/android/platform/build-arm64-v8a/build/other_builds/hostpython3/desktop/hostpython3/Modules/errnomodule.c -o Modules/errnomodule.o
[1m[90m[DEBUG][39m[0m:   	gcc -pthread -I/ddnB/project/shpyang/shpyang/WL/engine/.buildozer/android/platform/build-arm64-v8a/build/other_builds/hostpython3/desktop/hostpython3/Modules/_io -Wsign-compare -DNDEBUG -g -fwrapv -O3 -Wall    -std=c11 -Wextra -Wno-unused-parameter -Wno-missing-field-initializers -Werror=implicit-function-declaration -fvisibility=hidden  -I/ddnB/project/shpyang/shpyang/WL/engine/.buildozer/android/platform/build-arm64-v8a/build/other_builds/hostpython3/desktop/hostpython3/Include/internal -IObjects -IInclude -IPython -I. -I/ddnB/project/shpyang/shpyang/WL/engine/.buildozer/android/platform/build-arm64-v8a/build/other_builds/hostpython3/desktop/hostpython3/Include    -DPy_BUILD_CORE_BUILTIN -c /ddnB/project/shpyang/shpyang/WL/engine/.buildozer/android/platform/build-arm64-v8a/build/other_builds/hostpython3/desktop/hostpython3/Modules/_io/_iomodule.c -o Modules/_io/_iomodule.o
[1m[90m[DEBUG][39m[0m:   	gcc -pthread -I/ddnB/project/shpyang/shpyang/WL/engine/.buildozer/android/platform/build-arm64-v8a/build/other_builds/hostpython3/desktop/hostpython3/Modules/_io -Wsign-compare -DNDEBUG -g -fwrapv -O3 -Wall    -std=c11 -Wextra -Wno-unused-parameter -Wno-missing-field-initializers -Werror=implicit-function-declaration -fvisibility=hidden  -I/ddnB/project/shpyang/shpyang/WL/engine/.buildozer/android/platform/build-arm64-v8a/build/other_builds/hostpython3/desktop/hostpython3/Include/internal -IObjects -IInclude -IPython -I. -I/ddnB/project/shpyang/shpyang/WL/engine/.buildozer/android/platform/build-arm64-v8a/build/other_builds/hostpython3/desktop/hostpython3/Include    -DPy_BUILD_CORE_BUILTIN -c /ddnB/project/shpyang/shpyang/WL/engine/.buildozer/android/platform/build-arm64-v8a/build/other_builds/hostpython3/desktop/hostpython3/Modules/_io/iobase.c -o Modules/_io/iobase.o
[1m[90m[DEBUG][39m[0m:   	gcc -pthread -I/ddnB/project/shpyang/shpyang/WL/engine/.buildozer/android/platform/build-arm64-v8a/build/other_builds/hostpython3/desktop/hostpython3/Modules/_io -Wsign-compare -DNDEBUG -g -fwrapv -O3 -Wall    -std=c11 -Wextra -Wno-unused-parameter -Wno-missing-field-initializers -Werror=implicit-function-declaration -fvisibility=hidden  -I/ddnB/project/shpyang/shpyang/WL/engine/.buildozer/android/platform/build-arm64-v8a/build/other_builds/hostpython3/desktop/hostpython3/Include/internal -IObjects -IInclude -IPython -I. -I/ddnB/project/shpyang/shpyang/WL/engine/.buildozer/android/platform/build-arm64-v8a/build/other_builds/hostpython3/desktop/hostpython3/Include    -DPy_BUILD_CORE_BUILTIN -c /ddnB/project/shpyang/shpyang/WL/engine/.buildozer/android/platform/build-arm64-v8a/build/other_builds/hostpython3/desktop/hostpython3/Modules/_io/fileio.c -o Modules/_io/fileio.o
[1m[90m[DEBUG][39m[0m:   	gcc -pthread -I/ddnB/project/shpyang/shpyang/WL/engine/.buildozer/android/platform/build-arm64-v8a/build/other_builds/hostpython3/desktop/hostpython3/Modules/_io -Wsign-compare -DNDEBUG -g -fwrapv -O3 -Wall    -std=c11 -Wextra -Wno-unused-parameter -Wno-missing-field-initializers -Werror=implicit-function-declaration -fvisibility=hidden  -I/ddnB/project/shpyang/shpyang/WL/engine/.buildozer/android/platform/build-arm64-v8a/build/other_builds/hostpython3/desktop/hostpython3/Include/internal -IObjects -IInclude -IPython -I. -I/ddnB/project/shpyang/shpyang/WL/engine/.buildozer/android/platform/build-arm64-v8a/build/other_builds/hostpython3/desktop/hostpython3/Include    -DPy_BUILD_CORE_BUILTIN -c /ddnB/project/shpyang/shpyang/WL/engine/.buildozer/android/platform/build-arm64-v8a/build/other_builds/hostpython3/desktop/hostpython3/Modules/_io/bytesio.c -o Modules/_io/bytesio.o
[1m[90m[DEBUG][39m[0m:   	gcc -pthread -I/ddnB/project/shpyang/shpyang/WL/engine/.buildozer/android/platform/build-arm64-v8a/build/other_builds/hostpython3/desktop/hostpython3/Modules/_io -Wsign-compare -DNDEBUG -g -fwrapv -O3 -Wall    -std=c11 -Wextra -Wno-unused-parameter -Wno-missing-field-initializers -Werror=implicit-function-declaration -fvisibility=hidden  -I/ddnB/project/shpyang/shpyang/WL/engine/.buildozer/android/platform/build-arm64-v8a/build/other_builds/hostpython3/desktop/hostpython3/Include/internal -IObjects -IInclude -IPython -I. -I/ddnB/project/shpyang/shpyang/WL/engine/.buildozer/android/platform/build-arm64-v8a/build/other_builds/hostpython3/desktop/hostpython3/Include    -DPy_BUILD_CORE_BUILTIN -c /ddnB/project/shpyang/shpyang/WL/engine/.buildozer/android/platform/build-arm64-v8a/build/other_builds/hostpython3/desktop/hostpython3/Modules/_io/bufferedio.c -o Modules/_io/bufferedio.o
[1m[90m[DEBUG][39m[0m:   	gcc -pthread -I/ddnB/project/shpyang/shpyang/WL/engine/.buildozer/android/platform/build-arm64-v8a/build/other_builds/hostpython3/desktop/hostpython3/Modules/_io -Wsign-compare -DNDEBUG -g -fwrapv -O3 -Wall    -std=c11 -Wextra -Wno-unused-parameter -Wno-missing-field-initializers -Werror=implicit-function-declaration -fvisibility=hidden  -I/ddnB/project/shpyang/shpyang/WL/engine/.buildozer/android/platform/build-arm64-v8a/build/other_builds/hostpython3/desktop/hostpython3/Include/internal -IObjects -IInclude -IPython -I. -I/ddnB/project/shpyang/shpyang/WL/engine/.buildozer/android/platform/build-arm64-v8a/build/other_builds/hostpython3/desktop/hostpython3/Include    -DPy_BUILD_CORE_BUILTIN -c /ddnB/project/shpyang/shpyang/WL/engine/.buildozer/android/platform/build-arm64-v8a/build/other_builds/hostpython3/desktop/hostpython3/Modules/_io/textio.c -o Modules/_io/textio.o
[1m[90m[DEBUG][39m[0m:   	gcc -pthread -I/ddnB/project/shpyang/shpyang/WL/engine/.buildozer/android/platform/build-arm64-v8a/build/other_builds/hostpython3/desktop/hostpython3/Modules/_io -Wsign-compare -DNDEBUG -g -fwrapv -O3 -Wall    -std=c11 -Wextra -Wno-unused-parameter -Wno-missing-field-initializers -Werror=implicit-function-declaration -fvisibility=hidden  -I/ddnB/project/shpyang/shpyang/WL/engine/.buildozer/android/platform/build-arm64-v8a/build/other_builds/hostpython3/desktop/hostpython3/Include/internal -IObjects -IInclude -IPython -I. -I/ddnB/project/shpyang/shpyang/WL/engine/.buildozer/android/platform/build-arm64-v8a/build/other_builds/hostpython3/desktop/hostpython3/Include    -DPy_BUILD_CORE_BUILTIN -c /ddnB/project/shpyang/shpyang/WL/engine/.buildozer/android/platform/build-arm64-v8a/build/other_builds/hostpython3/desktop/hostpython3/Modules/_io/stringio.c -o Modules/_io/stringio.o
[1m[90m[DEBUG][39m[0m:   	gcc -pthread  -Wsign-compare -DNDEBUG -g -fwrapv -O3 -Wall    -std=c11 -Wextra -Wno-unused-parameter -Wno-missing-field-initializers -Werror=implicit-function-declaration -fvisibility=hidden  -I/ddnB/project/shpyang/shpyang/WL/engine/.buildozer/android/platform/build-arm64-v8a/build/other_builds/hostpython3/desktop/hostpython3/Include/internal -IObjects -IInclude -IPython -I. -I/ddnB/project/shpyang/shpyang/WL/engine/.buildozer/android/platform/build-arm64-v8a/build/other_builds/hostpython3/desktop/hostpython3/Include    -DPy_BUILD_CORE_BUILTIN -c /ddnB/project/shpyang/shpyang/WL/engine/.buildozer/android/platform/build-arm64-v8a/build/other_builds/hostpython3/desktop/hostpython3/Modules/itertoolsmodule.c -o Modules/itertoolsmodule.o
[1m[90m[DEBUG][39m[0m:   	gcc -pthread  -Wsign-compare -DNDEBUG -g -fwrapv -O3 -Wall    -std=c11 -Wextra -Wno-unused-parameter -Wno-missing-field-initializers -Werror=implicit-function-declaration -fvisibility=hidden  -I/ddnB/project/shpyang/shpyang/WL/engine/.buildozer/android/platform/build-arm64-v8a/build/other_builds/hostpython3/desktop/hostpython3/Include/internal -IObjects -IInclude -IPython -I. -I/ddnB/project/shpyang/shpyang/WL/engine/.buildozer/android/platform/build-arm64-v8a/build/other_builds/hostpython3/desktop/hostpython3/Include    -DPy_BUILD_CORE_BUILTIN -c /ddnB/project/shpyang/shpyang/WL/engine/.buildozer/android/platform/build-arm64-v8a/build/other_builds/hostpython3/desktop/hostpython3/Modules/_sre/sre.c -o Modules/_sre/sre.o
[1m[90m[DEBUG][39m[0m:   	gcc -pthread  -Wsign-compare -DNDEBUG -g -fwrapv -O3 -Wall    -std=c11 -Wextra -Wno-unused-parameter -Wno-missing-field-initializers -Werror=implicit-function-declaration -fvisibility=hidden  -I/ddnB/project/shpyang/shpyang/WL/engine/.buildozer/android/platform/build-arm64-v8a/build/other_builds/hostpython3/desktop/hostpython3/Include/internal -IObjects -IInclude -IPython -I. -I/ddnB/project/shpyang/shpyang/WL/engine/.buildozer/android/platform/build-arm64-v8a/build/other_builds/hostpython3/desktop/hostpython3/Include    -DPy_BUILD_CORE_BUILTIN -c /ddnB/project/shpyang/shpyang/WL/engine/.buildozer/android/platform/build-arm64-v8a/build/other_builds/hostpython3/desktop/hostpython3/Modules/_threadmodule.c -o Modules/_threadmodule.o
[1m[90m[DEBUG][39m[0m:   	gcc -pthread  -Wsign-compare -DNDEBUG -g -fwrapv -O3 -Wall    -std=c11 -Wextra -Wno-unused-parameter -Wno-missing-field-initializers -Werror=implicit-function-declaration -fvisibility=hidden  -I/ddnB/project/shpyang/shpyang/WL/engine/.buildozer/android/platform/build-arm64-v8a/build/other_builds/hostpython3/desktop/hostpython3/Include/internal -IObjects -IInclude -IPython -I. -I/ddnB/project/shpyang/shpyang/WL/engine/.buildozer/android/platform/build-arm64-v8a/build/other_builds/hostpython3/desktop/hostpython3/Include    -DPy_BUILD_CORE_BUILTIN -c /ddnB/project/shpyang/shpyang/WL/engine/.buildozer/android/platform/build-arm64-v8a/build/other_builds/hostpython3/desktop/hostpython3/Modules/timemodule.c -o Modules/timemodule.o
[1m[90m[DEBUG][39m[0m:   	gcc -pthread  -Wsign-compare -DNDEBUG -g -fwrapv -O3 -Wall    -std=c11 -Wextra -Wno-unused-parameter -Wno-missing-field-initializers -Werror=implicit-function-declaration -fvisibility=hidden  -I/ddnB/project/shpyang/shpyang/WL/engine/.buildozer/android/platform/build-arm64-v8a/build/other_builds/hostpython3/desktop/hostpython3/Include/internal -IObjects -IInclude -IPython -I. -I/ddnB/project/shpyang/shpyang/WL/engine/.buildozer/android/platform/build-arm64-v8a/build/other_builds/hostpython3/desktop/hostpython3/Include    -DPy_BUILD_CORE_BUILTIN -c /ddnB/project/shpyang/shpyang/WL/engine/.buildozer/android/platform/build-arm64-v8a/build/other_builds/hostpython3/desktop/hostpython3/Modules/_weakref.c -o Modules/_weakref.o
[1m[90m[DEBUG][39m[0m:   	gcc -pthread  -Wsign-compare -DNDEBUG -g -fwrapv -O3 -Wall    -std=c11 -Wextra -Wno-unused-parameter -Wno-missing-field-initializers -Werror=implicit-function-declaration -fvisibility=hidden  -I/ddnB/project/shpyang/shpyang/WL/engine/.buildozer/android/platform/build-arm64-v8a/build/other_builds/hostpython3/desktop/hostpython3/Include/internal -IObjects -IInclude -IPython -I. -I/ddnB/project/shpyang/shpyang/WL/engine/.buildozer/android/platform/build-arm64-v8a/build/other_builds/hostpython3/desktop/hostpython3/Include    -DPy_BUILD_CORE_BUILTIN -c /ddnB/project/shpyang/shpyang/WL/engine/.buildozer/android/platform/build-arm64-v8a/build/other_builds/hostpython3/desktop/hostpython3/Modules/_abc.c -o Modules/_abc.o
[1m[90m[DEBUG][39m[0m:   	gcc -pthread  -Wsign-compare -DNDEBUG -g -fwrapv -O3 -Wall    -std=c11 -Wextra -Wno-unused-parameter -Wno-missing-field-initializers -Werror=implicit-function-declaration -fvisibility=hidden  -I/ddnB/project/shpyang/shpyang/WL/engine/.buildozer/android/platform/build-arm64-v8a/build/other_builds/hostpython3/desktop/hostpython3/Include/internal -IObjects -IInclude -IPython -I. -I/ddnB/project/shpyang/shpyang/WL/engine/.buildozer/android/platform/build-arm64-v8a/build/other_builds/hostpython3/desktop/hostpython3/Include    -DPy_BUILD_CORE_BUILTIN -c /ddnB/project/shpyang/shpyang/WL/engine/.buildozer/android/platform/build-arm64-v8a/build/other_builds/hostpython3/desktop/hostpython3/Modules/_functoolsmodule.c -o Modules/_functoolsmodule.o
[1m[90m[DEBUG][39m[0m:   	gcc -pthread  -Wsign-compare -DNDEBUG -g -fwrapv -O3 -Wall    -std=c11 -Wextra -Wno-unused-parameter -Wno-missing-field-initializers -Werror=implicit-function-declaration -fvisibility=hidden  -I/ddnB/project/shpyang/shpyang/WL/engine/.buildozer/android/platform/build-arm64-v8a/build/other_builds/hostpython3/desktop/hostpython3/Include/internal -IObjects -IInclude -IPython -I. -I/ddnB/project/shpyang/shpyang/WL/engine/.buildozer/android/platform/build-arm64-v8a/build/other_builds/hostpython3/desktop/hostpython3/Include    -DPy_BUILD_CORE_BUILTIN -c /ddnB/project/shpyang/shpyang/WL/engine/.buildozer/android/platform/build-arm64-v8a/build/other_builds/hostpython3/desktop/hostpython3/Modules/_localemodule.c -o Modules/_localemodule.o
[1m[90m[DEBUG][39m[0m:   	gcc -pthread  -Wsign-compare -DNDEBUG -g -fwrapv -O3 -Wall    -std=c11 -Wextra -Wno-unused-parameter -Wno-missing-field-initializers -Werror=implicit-function-declaration -fvisibility=hidden  -I/ddnB/project/shpyang/shpyang/WL/engine/.buildozer/android/platform/build-arm64-v8a/build/other_builds/hostpython3/desktop/hostpython3/Include/internal -IObjects -IInclude -IPython -I. -I/ddnB/project/shpyang/shpyang/WL/engine/.buildozer/android/platform/build-arm64-v8a/build/other_builds/hostpython3/desktop/hostpython3/Include    -DPy_BUILD_CORE_BUILTIN -c /ddnB/project/shpyang/shpyang/WL/engine/.buildozer/android/platform/build-arm64-v8a/build/other_builds/hostpython3/desktop/hostpython3/Modules/_operator.c -o Modules/_operator.o
[1m[90m[DEBUG][39m[0m:   	gcc -pthread  -Wsign-compare -DNDEBUG -g -fwrapv -O3 -Wall    -std=c11 -Wextra -Wno-unused-parameter -Wno-missing-field-initializers -Werror=implicit-function-declaration -fvisibility=hidden  -I/ddnB/project/shpyang/shpyang/WL/engine/.buildozer/android/platform/build-arm64-v8a/build/other_builds/hostpython3/desktop/hostpython3/Include/internal -IObjects -IInclude -IPython -I. -I/ddnB/project/shpyang/shpyang/WL/engine/.buildozer/android/platform/build-arm64-v8a/build/other_builds/hostpython3/desktop/hostpython3/Include    -DPy_BUILD_CORE_BUILTIN -c /ddnB/project/shpyang/shpyang/WL/engine/.buildozer/android/platform/build-arm64-v8a/build/other_builds/hostpython3/desktop/hostpython3/Modules/_stat.c -o Modules/_stat.o
[1m[90m[DEBUG][39m[0m:   	gcc -pthread  -Wsign-compare -DNDEBUG -g -fwrapv -O3 -Wall    -std=c11 -Wextra -Wno-unused-parameter -Wno-missing-field-initializers -Werror=implicit-function-declaration -fvisibility=hidden  -I/ddnB/project/shpyang/shpyang/WL/engine/.buildozer/android/platform/build-arm64-v8a/build/other_builds/hostpython3/desktop/hostpython3/Include/internal -IObjects -IInclude -IPython -I. -I/ddnB/project/shpyang/shpyang/WL/engine/.buildozer/android/platform/build-arm64-v8a/build/other_builds/hostpython3/desktop/hostpython3/Include    -DPy_BUILD_CORE_BUILTIN -c /ddnB/project/shpyang/shpyang/WL/engine/.buildozer/android/platform/build-arm64-v8a/build/other_builds/hostpython3/desktop/hostpython3/Modules/symtablemodule.c -o Modules/symtablemodule.o
[1m[90m[DEBUG][39m[0m:   	gcc -pthread  -Wsign-compare -DNDEBUG -g -fwrapv -O3 -Wall    -std=c11 -Wextra -Wno-unused-parameter -Wno-missing-field-initializers -Werror=implicit-function-declaration -fvisibility=hidden  -I/ddnB/project/shpyang/shpyang/WL/engine/.buildozer/android/platform/build-arm64-v8a/build/other_builds/hostpython3/desktop/hostpython3/Include/internal -IObjects -IInclude -IPython -I. -I/ddnB/project/shpyang/shpyang/WL/engine/.buildozer/android/platform/build-arm64-v8a/build/other_builds/hostpython3/desktop/hostpython3/Include    -DPy_BUILD_CORE_BUILTIN -c /ddnB/project/shpyang/shpyang/WL/engine/.buildozer/android/platform/build-arm64-v8a/build/other_builds/hostpython3/desktop/hostpython3/Modules/pwdmodule.c -o Modules/pwdmodule.o
[1m[90m[DEBUG][39m[0m:   	gcc -pthread  -Wsign-compare -DNDEBUG -g -fwrapv -O3 -Wall    -std=c11 -Wextra -Wno-unused-parameter -Wno-missing-field-initializers -Werror=implicit-function-declaration -fvisibility=hidden  -I/ddnB/project/shpyang/shpyang/WL/engine/.buildozer/android/platform/build-arm64-v8a/build/other_builds/hostpython3/desktop/hostpython3/Include/internal -IObjects -IInclude -IPython -I. -I/ddnB/project/shpyang/shpyang/WL/engine/.buildozer/android/platform/build-arm64-v8a/build/other_builds/hostpython3/desktop/hostpython3/Include    -DPy_BUILD_CORE_BUILTIN -c /ddnB/project/shpyang/shpyang/WL/engine/.buildozer/android/platform/build-arm64-v8a/build/other_builds/hostpython3/desktop/hostpython3/Modules/xxsubtype.c -o Modules/xxsubtype.o
[1m[90m[DEBUG][39m[0m:   	gcc -pthread -c -Wsign-compare -DNDEBUG -g -fwrapv -O3 -Wall    -std=c11 -Wextra -Wno-unused-parameter -Wno-missing-field-initializers -Werror=implicit-function-declaration -fvisibility=hidden  -I/ddnB/project/shpyang/shpyang/WL/engine/.buildozer/android/platform/build-arm64-v8a/build/other_builds/hostpython3/desktop/hostpython3/Include/internal -IObjects -IInclude -IPython -I. -I/ddnB/project/shpyang/shpyang/WL/engine/.buildozer/android/platform/build-arm64-v8a/build/other_builds/hostpython3/desktop/hostpython3/Include    -DPy_BUILD_CORE -o Programs/_freeze_module.o /ddnB/project/shpyang/shpyang/WL/engine/.buildozer/android/platform/build-arm64-v8a/build/other_builds/hostpython3/desktop/hostpython3/Programs/_freeze_module.c
[1m[90m[DEBUG][39m[0m:   	gcc -pthread -c -Wsign-compare -DNDEBUG -g -fwrapv -O3 -Wall    -std=c11 -Wextra -Wno-unused-parameter -Wno-missing-field-initializers -Werror=implicit-function-declaration -fvisibility=hidden  -I/ddnB/project/shpyang/shpyang/WL/engine/.buildozer/android/platform/build-arm64-v8a/build/other_builds/hostpython3/desktop/hostpython3/Include/internal -IObjects -IInclude -IPython -I. -I/ddnB/project/shpyang/shpyang/WL/engine/.buildozer/android/platform/build-arm64-v8a/build/other_builds/hostpython3/desktop/hostpython3/Include    -DPy_BUILD_CORE -o Modules/getpath_noop.o /ddnB/project/shpyang/shpyang/WL/engine/.buildozer/android/platform/build-arm64-v8a/build/other_builds/hostpython3/desktop/hostpython3/Modules/getpath_noop.c
[1m[90m[DEBUG][39m[0m:   	gcc -pthread -c -I/ddnB/project/shpyang/shpyang/WL/engine/.buildozer/android/platform/build-arm64-v8a/build/other_builds/hostpython3/desktop/hostpython3/Modules/_decimal/libmpdec -DCONFIG_64=1 -DANSI=1 -DHAVE_UINT128_T=1 -Wsign-compare -DNDEBUG -g -fwrapv -O3 -Wall    -std=c11 -Wextra -Wno-unused-parameter -Wno-missing-field-initializers -Werror=implicit-function-declaration -fvisibility=hidden  -I/ddnB/project/shpyang/shpyang/WL/engine/.buildozer/android/platform/build-arm64-v8a/build/other_builds/hostpython3/desktop/hostpython3/Include/internal -IObjects -IInclude -IPython -I. -I/ddnB/project/shpyang/shpyang/WL/engine/.buildozer/android/platform/build-arm64-v8a/build/other_builds/hostpython3/desktop/hostpython3/Include    -fPIC -o Modules/_decimal/libmpdec/basearith.o /ddnB/project/shpyang/shpyang/WL/engine/.buildozer/android/platform/build-arm64-v8a/build/other_builds/hostpython3/desktop/hostpython3/Modules/_decimal/libmpdec/basearith.c
[1m[90m[DEBUG][39m[0m:   	gcc -pthread -c -I/ddnB/project/shpyang/shpyang/WL/engine/.buildozer/android/platform/build-arm64-v8a/build/other_builds/hostpython3/desktop/hostpython3/Modules/_decimal/libmpdec -DCONFIG_64=1 -DANSI=1 -DHAVE_UINT128_T=1 -Wsign-compare -DNDEBUG -g -fwrapv -O3 -Wall    -std=c11 -Wextra -Wno-unused-parameter -Wno-missing-field-initializers -Werror=implicit-function-declaration -fvisibility=hidden  -I/ddnB/project/shpyang/shpyang/WL/engine/.buildozer/android/platform/build-arm64-v8a/build/other_builds/hostpython3/desktop/hostpython3/Include/internal -IObjects -IInclude -IPython -I. -I/ddnB/project/shpyang/shpyang/WL/engine/.buildozer/android/platform/build-arm64-v8a/build/other_builds/hostpython3/desktop/hostpython3/Include    -fPIC -o Modules/_decimal/libmpdec/constants.o /ddnB/project/shpyang/shpyang/WL/engine/.buildozer/android/platform/build-arm64-v8a/build/other_builds/hostpython3/desktop/hostpython3/Modules/_decimal/libmpdec/constants.c
[1m[90m[DEBUG][39m[0m:   	gcc -pthread -c -I/ddnB/project/shpyang/shpyang/WL/engine/.buildozer/android/platform/build-arm64-v8a/build/other_builds/hostpython3/desktop/hostpython3/Modules/_decimal/libmpdec -DCONFIG_64=1 -DANSI=1 -DHAVE_UINT128_T=1 -Wsign-compare -DNDEBUG -g -fwrapv -O3 -Wall    -std=c11 -Wextra -Wno-unused-parameter -Wno-missing-field-initializers -Werror=implicit-function-declaration -fvisibility=hidden  -I/ddnB/project/shpyang/shpyang/WL/engine/.buildozer/android/platform/build-arm64-v8a/build/other_builds/hostpython3/desktop/hostpython3/Include/internal -IObjects -IInclude -IPython -I. -I/ddnB/project/shpyang/shpyang/WL/engine/.buildozer/android/platform/build-arm64-v8a/build/other_builds/hostpython3/desktop/hostpython3/Include    -fPIC -o Modules/_decimal/libmpdec/context.o /ddnB/project/shpyang/shpyang/WL/engine/.buildozer/android/platform/build-arm64-v8a/build/other_builds/hostpython3/desktop/hostpython3/Modules/_decimal/libmpdec/context.c
[1m[90m[DEBUG][39m[0m:   	gcc -pthread -c -I/ddnB/project/shpyang/shpyang/WL/engine/.buildozer/android/platform/build-arm64-v8a/build/other_builds/hostpython3/desktop/hostpython3/Modules/_decimal/libmpdec -DCONFIG_64=1 -DANSI=1 -DHAVE_UINT128_T=1 -Wsign-compare -DNDEBUG -g -fwrapv -O3 -Wall    -std=c11 -Wextra -Wno-unused-parameter -Wno-missing-field-initializers -Werror=implicit-function-declaration -fvisibility=hidden  -I/ddnB/project/shpyang/shpyang/WL/engine/.buildozer/android/platform/build-arm64-v8a/build/other_builds/hostpython3/desktop/hostpython3/Include/internal -IObjects -IInclude -IPython -I. -I/ddnB/project/shpyang/shpyang/WL/engine/.buildozer/android/platform/build-arm64-v8a/build/other_builds/hostpython3/desktop/hostpython3/Include    -fPIC -o Modules/_decimal/libmpdec/convolute.o /ddnB/project/shpyang/shpyang/WL/engine/.buildozer/android/platform/build-arm64-v8a/build/other_builds/hostpython3/desktop/hostpython3/Modules/_decimal/libmpdec/convolute.c
[1m[90m[DEBUG][39m[0m:   	gcc -pthread -c -I/ddnB/project/shpyang/shpyang/WL/engine/.buildozer/android/platform/build-arm64-v8a/build/other_builds/hostpython3/desktop/hostpython3/Modules/_decimal/libmpdec -DCONFIG_64=1 -DANSI=1 -DHAVE_UINT128_T=1 -Wsign-compare -DNDEBUG -g -fwrapv -O3 -Wall    -std=c11 -Wextra -Wno-unused-parameter -Wno-missing-field-initializers -Werror=implicit-function-declaration -fvisibility=hidden  -I/ddnB/project/shpyang/shpyang/WL/engine/.buildozer/android/platform/build-arm64-v8a/build/other_builds/hostpython3/desktop/hostpython3/Include/internal -IObjects -IInclude -IPython -I. -I/ddnB/project/shpyang/shpyang/WL/engine/.buildozer/android/platform/build-arm64-v8a/build/other_builds/hostpython3/desktop/hostpython3/Include    -fPIC -o Modules/_decimal/libmpdec/crt.o /ddnB/project/shpyang/shpyang/WL/engine/.buildozer/android/platform/build-arm64-v8a/build/other_builds/hostpython3/desktop/hostpython3/Modules/_decimal/libmpdec/crt.c
[1m[90m[DEBUG][39m[0m:   	gcc -pthread -c -I/ddnB/project/shpyang/shpyang/WL/engine/.buildozer/android/platform/build-arm64-v8a/build/other_builds/hostpython3/desktop/hostpython3/Modules/_decimal/libmpdec -DCONFIG_64=1 -DANSI=1 -DHAVE_UINT128_T=1 -Wsign-compare -DNDEBUG -g -fwrapv -O3 -Wall    -std=c11 -Wextra -Wno-unused-parameter -Wno-missing-field-initializers -Werror=implicit-function-declaration -fvisibility=hidden  -I/ddnB/project/shpyang/shpyang/WL/engine/.buildozer/android/platform/build-arm64-v8a/build/other_builds/hostpython3/desktop/hostpython3/Include/internal -IObjects -IInclude -IPython -I. -I/ddnB/project/shpyang/shpyang/WL/engine/.buildozer/android/platform/build-arm64-v8a/build/other_builds/hostpython3/desktop/hostpython3/Include    -fPIC -o Modules/_decimal/libmpdec/difradix2.o /ddnB/project/shpyang/shpyang/WL/engine/.buildozer/android/platform/build-arm64-v8a/build/other_builds/hostpython3/desktop/hostpython3/Modules/_decimal/libmpdec/difradix2.c
[1m[90m[DEBUG][39m[0m:   	gcc -pthread -c -I/ddnB/project/shpyang/shpyang/WL/engine/.buildozer/android/platform/build-arm64-v8a/build/other_builds/hostpython3/desktop/hostpython3/Modules/_decimal/libmpdec -DCONFIG_64=1 -DANSI=1 -DHAVE_UINT128_T=1 -Wsign-compare -DNDEBUG -g -fwrapv -O3 -Wall    -std=c11 -Wextra -Wno-unused-parameter -Wno-missing-field-initializers -Werror=implicit-function-declaration -fvisibility=hidden  -I/ddnB/project/shpyang/shpyang/WL/engine/.buildozer/android/platform/build-arm64-v8a/build/other_builds/hostpython3/desktop/hostpython3/Include/internal -IObjects -IInclude -IPython -I. -I/ddnB/project/shpyang/shpyang/WL/engine/.buildozer/android/platform/build-arm64-v8a/build/other_builds/hostpython3/desktop/hostpython3/Include    -fPIC -o Modules/_decimal/libmpdec/fnt.o /ddnB/project/shpyang/shpyang/WL/engine/.buildozer/android/platform/build-arm64-v8a/build/other_builds/hostpython3/desktop/hostpython3/Modules/_decimal/libmpdec/fnt.c
[1m[90m[DEBUG][39m[0m:   	gcc -pthread -c -I/ddnB/project/shpyang/shpyang/WL/engine/.buildozer/android/platform/build-arm64-v8a/build/other_builds/hostpython3/desktop/hostpython3/Modules/_decimal/libmpdec -DCONFIG_64=1 -DANSI=1 -DHAVE_UINT128_T=1 -Wsign-compare -DNDEBUG -g -fwrapv -O3 -Wall    -std=c11 -Wextra -Wno-unused-parameter -Wno-missing-field-initializers -Werror=implicit-function-declaration -fvisibility=hidden  -I/ddnB/project/shpyang/shpyang/WL/engine/.buildozer/android/platform/build-arm64-v8a/build/other_builds/hostpython3/desktop/hostpython3/Include/internal -IObjects -IInclude -IPython -I. -I/ddnB/project/shpyang/shpyang/WL/engine/.buildozer/android/platform/build-arm64-v8a/build/other_builds/hostpython3/desktop/hostpython3/Include    -fPIC -o Modules/_decimal/libmpdec/fourstep.o /ddnB/project/shpyang/shpyang/WL/engine/.buildozer/android/platform/build-arm64-v8a/build/other_builds/hostpython3/desktop/hostpython3/Modules/_decimal/libmpdec/fourstep.c
[1m[90m[DEBUG][39m[0m:   	gcc -pthread -c -I/ddnB/project/shpyang/shpyang/WL/engine/.buildozer/android/platform/build-arm64-v8a/build/other_builds/hostpython3/desktop/hostpython3/Modules/_decimal/libmpdec -DCONFIG_64=1 -DANSI=1 -DHAVE_UINT128_T=1 -Wsign-compare -DNDEBUG -g -fwrapv -O3 -Wall    -std=c11 -Wextra -Wno-unused-parameter -Wno-missing-field-initializers -Werror=implicit-function-declaration -fvisibility=hidden  -I/ddnB/project/shpyang/shpyang/WL/engine/.buildozer/android/platform/build-arm64-v8a/build/other_builds/hostpython3/desktop/hostpython3/Include/internal -IObjects -IInclude -IPython -I. -I/ddnB/project/shpyang/shpyang/WL/engine/.buildozer/android/platform/build-arm64-v8a/build/other_builds/hostpython3/desktop/hostpython3/Include    -fPIC -o Modules/_decimal/libmpdec/io.o /ddnB/project/shpyang/shpyang/WL/engine/.buildozer/android/platform/build-arm64-v8a/build/other_builds/hostpython3/desktop/hostpython3/Modules/_decimal/libmpdec/io.c
[1m[90m[DEBUG][39m[0m:   	gcc -pthread -c -I/ddnB/project/shpyang/shpyang/WL/engine/.buildozer/android/platform/build-arm64-v8a/build/other_builds/hostpython3/desktop/hostpython3/Modules/_decimal/libmpdec -DCONFIG_64=1 -DANSI=1 -DHAVE_UINT128_T=1 -Wsign-compare -DNDEBUG -g -fwrapv -O3 -Wall    -std=c11 -Wextra -Wno-unused-parameter -Wno-missing-field-initializers -Werror=implicit-function-declaration -fvisibility=hidden  -I/ddnB/project/shpyang/shpyang/WL/engine/.buildozer/android/platform/build-arm64-v8a/build/other_builds/hostpython3/desktop/hostpython3/Include/internal -IObjects -IInclude -IPython -I. -I/ddnB/project/shpyang/shpyang/WL/engine/.buildozer/android/platform/build-arm64-v8a/build/other_builds/hostpython3/desktop/hostpython3/Include    -fPIC -o Modules/_decimal/libmpdec/mpalloc.o /ddnB/project/shpyang/shpyang/WL/engine/.buildozer/android/platform/build-arm64-v8a/build/other_builds/hostpython3/desktop/hostpython3/Modules/_decimal/libmpdec/mpalloc.c
[1m[90m[DEBUG][39m[0m:   	gcc -pthread -c -I/ddnB/project/shpyang/shpyang/WL/engine/.buildozer/android/platform/build-arm64-v8a/build/other_builds/hostpython3/desktop/hostpython3/Modules/_decimal/libmpdec -DCONFIG_64=1 -DANSI=1 -DHAVE_UINT128_T=1 -Wsign-compare -DNDEBUG -g -fwrapv -O3 -Wall    -std=c11 -Wextra -Wno-unused-parameter -Wno-missing-field-initializers -Werror=implicit-function-declaration -fvisibility=hidden  -I/ddnB/project/shpyang/shpyang/WL/engine/.buildozer/android/platform/build-arm64-v8a/build/other_builds/hostpython3/desktop/hostpython3/Include/internal -IObjects -IInclude -IPython -I. -I/ddnB/project/shpyang/shpyang/WL/engine/.buildozer/android/platform/build-arm64-v8a/build/other_builds/hostpython3/desktop/hostpython3/Include    -fPIC -o Modules/_decimal/libmpdec/mpdecimal.o /ddnB/project/shpyang/shpyang/WL/engine/.buildozer/android/platform/build-arm64-v8a/build/other_builds/hostpython3/desktop/hostpython3/Modules/_decimal/libmpdec/mpdecimal.c
[1m[90m[DEBUG][39m[0m:   	gcc -pthread -c -I/ddnB/project/shpyang/shpyang/WL/engine/.buildozer/android/platform/build-arm64-v8a/build/other_builds/hostpython3/desktop/hostpython3/Modules/_decimal/libmpdec -DCONFIG_64=1 -DANSI=1 -DHAVE_UINT128_T=1 -Wsign-compare -DNDEBUG -g -fwrapv -O3 -Wall    -std=c11 -Wextra -Wno-unused-parameter -Wno-missing-field-initializers -Werror=implicit-function-declaration -fvisibility=hidden  -I/ddnB/project/shpyang/shpyang/WL/engine/.buildozer/android/platform/build-arm64-v8a/build/other_builds/hostpython3/desktop/hostpython3/Include/internal -IObjects -IInclude -IPython -I. -I/ddnB/project/shpyang/shpyang/WL/engine/.buildozer/android/platform/build-arm64-v8a/build/other_builds/hostpython3/desktop/hostpython3/Include    -fPIC -o Modules/_decimal/libmpdec/numbertheory.o /ddnB/project/shpyang/shpyang/WL/engine/.buildozer/android/platform/build-arm64-v8a/build/other_builds/hostpython3/desktop/hostpython3/Modules/_decimal/libmpdec/numbertheory.c
[1m[90m[DEBUG][39m[0m:   	gcc -pthread -c -I/ddnB/project/shpyang/shpyang/WL/engine/.buildozer/android/platform/build-arm64-v8a/build/other_builds/hostpython3/desktop/hostpython3/Modules/_decimal/libmpdec -DCONFIG_64=1 -DANSI=1 -DHAVE_UINT128_T=1 -Wsign-compare -DNDEBUG -g -fwrapv -O3 -Wall    -std=c11 -Wextra -Wno-unused-parameter -Wno-missing-field-initializers -Werror=implicit-function-declaration -fvisibility=hidden  -I/ddnB/project/shpyang/shpyang/WL/engine/.buildozer/android/platform/build-arm64-v8a/build/other_builds/hostpython3/desktop/hostpython3/Include/internal -IObjects -IInclude -IPython -I. -I/ddnB/project/shpyang/shpyang/WL/engine/.buildozer/android/platform/build-arm64-v8a/build/other_builds/hostpython3/desktop/hostpython3/Include    -fPIC -o Modules/_decimal/libmpdec/sixstep.o /ddnB/project/shpyang/shpyang/WL/engine/.buildozer/android/platform/build-arm64-v8a/build/other_builds/hostpython3/desktop/hostpython3/Modules/_decimal/libmpdec/sixstep.c
[1m[90m[DEBUG][39m[0m:   	gcc -pthread -c -I/ddnB/project/shpyang/shpyang/WL/engine/.buildozer/android/platform/build-arm64-v8a/build/other_builds/hostpython3/desktop/hostpython3/Modules/_decimal/libmpdec -DCONFIG_64=1 -DANSI=1 -DHAVE_UINT128_T=1 -Wsign-compare -DNDEBUG -g -fwrapv -O3 -Wall    -std=c11 -Wextra -Wno-unused-parameter -Wno-missing-field-initializers -Werror=implicit-function-declaration -fvisibility=hidden  -I/ddnB/project/shpyang/shpyang/WL/engine/.buildozer/android/platform/build-arm64-v8a/build/other_builds/hostpython3/desktop/hostpython3/Include/internal -IObjects -IInclude -IPython -I. -I/ddnB/project/shpyang/shpyang/WL/engine/.buildozer/android/platform/build-arm64-v8a/build/other_builds/hostpython3/desktop/hostpython3/Include    -fPIC -o Modules/_decimal/libmpdec/transpose.o /ddnB/project/shpyang/shpyang/WL/engine/.buildozer/android/platform/build-arm64-v8a/build/other_builds/hostpython3/desktop/hostpython3/Modules/_decimal/libmpdec/transpose.c
[1m[90m[DEBUG][39m[0m:   	gcc -pthread -c -I/ddnB/project/shpyang/shpyang/WL/engine/.buildozer/android/platform/build-arm64-v8a/build/other_builds/hostpython3/desktop/hostpython3/Modules/expat -Wsign-compare -DNDEBUG -g -fwrapv -O3 -Wall    -std=c11 -Wextra -Wno-unused-parameter -Wno-missing-field-initializers -Werror=implicit-function-declaration -fvisibility=hidden  -I/ddnB/project/shpyang/shpyang/WL/engine/.buildozer/android/platform/build-arm64-v8a/build/other_builds/hostpython3/desktop/hostpython3/Include/internal -IObjects -IInclude -IPython -I. -I/ddnB/project/shpyang/shpyang/WL/engine/.buildozer/android/platform/build-arm64-v8a/build/other_builds/hostpython3/desktop/hostpython3/Include    -fPIC -o Modules/expat/xmlparse.o /ddnB/project/shpyang/shpyang/WL/engine/.buildozer/android/platform/build-arm64-v8a/build/other_builds/hostpython3/desktop/hostpython3/Modules/expat/xmlparse.c
[1m[90m[DEBUG][39m[0m:   	gcc -pthread -c -I/ddnB/project/shpyang/shpyang/WL/engine/.buildozer/android/platform/build-arm64-v8a/build/other_builds/hostpython3/desktop/hostpython3/Modules/expat -Wsign-compare -DNDEBUG -g -fwrapv -O3 -Wall    -std=c11 -Wextra -Wno-unused-parameter -Wno-missing-field-initializers -Werror=implicit-function-declaration -fvisibility=hidden  -I/ddnB/project/shpyang/shpyang/WL/engine/.buildozer/android/platform/build-arm64-v8a/build/other_builds/hostpython3/desktop/hostpython3/Include/internal -IObjects -IInclude -IPython -I. -I/ddnB/project/shpyang/shpyang/WL/engine/.buildozer/android/platform/build-arm64-v8a/build/other_builds/hostpython3/desktop/hostpython3/Include    -fPIC -o Modules/expat/xmlrole.o /ddnB/project/shpyang/shpyang/WL/engine/.buildozer/android/platform/build-arm64-v8a/build/other_builds/hostpython3/desktop/hostpython3/Modules/expat/xmlrole.c
[1m[90m[DEBUG][39m[0m:   	gcc -pthread -c -I/ddnB/project/shpyang/shpyang/WL/engine/.buildozer/android/platform/build-arm64-v8a/build/other_builds/hostpython3/desktop/hostpython3/Modules/expat -Wsign-compare -DNDEBUG -g -fwrapv -O3 -Wall    -std=c11 -Wextra -Wno-unused-parameter -Wno-missing-field-initializers -Werror=implicit-function-declaration -fvisibility=hidden  -I/ddnB/project/shpyang/shpyang/WL/engine/.buildozer/android/platform/build-arm64-v8a/build/other_builds/hostpython3/desktop/hostpython3/Include/internal -IObjects -IInclude -IPython -I. -I/ddnB/project/shpyang/shpyang/WL/engine/.buildozer/android/platform/build-arm64-v8a/build/other_builds/hostpython3/desktop/hostpython3/Include    -fPIC -o Modules/expat/xmltok.o /ddnB/project/shpyang/shpyang/WL/engine/.buildozer/android/platform/build-arm64-v8a/build/other_builds/hostpython3/desktop/hostpython3/Modules/expat/xmltok.c
[1m[90m[DEBUG][39m[0m:   	/usr/bin/install -c -m 644 /ddnB/project/shpyang/shpyang/WL/engine/.buildozer/android/platform/build-arm64-v8a/build/other_builds/hostpython3/desktop/hostpython3/Tools/gdb/libpython.py python-gdb.py
[1m[90m[DEBUG][39m[0m:   	gcc -pthread -c -Wsign-compare -DNDEBUG -g -fwrapv -O3 -Wall    -std=c11 -Wextra -Wno-unused-parameter -Wno-missing-field-initializers -Werror=implicit-function-declaration -fvisibility=hidden  -I/ddnB/project/shpyang/shpyang/WL/engine/.buildozer/android/platform/build-arm64-v8a/build/other_builds/hostpython3/desktop/hostpython3/Include/internal -IObjects -IInclude -IPython -I. -I/ddnB/project/shpyang/shpyang/WL/engine/.buildozer/android/platform/build-arm64-v8a/build/other_builds/hostpython3/desktop/hostpython3/Include    -DPy_BUILD_CORE -o Programs/_testembed.o /ddnB/project/shpyang/shpyang/WL/engine/.buildozer/android/platform/build-arm64-v8a/build/other_builds/hostpython3/desktop/hostpython3/Programs/_testembed.c
[1m[90m[DEBUG][39m[0m:   	sed -e "s,@EXENAME@,/usr/local/bin/python3.11," < /ddnB/project/shpyang/shpyang/WL/engine/.buildozer/android/platform/build-arm64-v8a/build/other_builds/hostpython3/desktop/hostpython3/Misc/python-config.in >python-config.py
[1m[90m[DEBUG][39m[0m:   	LC_ALL=C sed -e 's,\$(\([A-Za-z0-9_]*\)),\$\{\1\},g' < Misc/python-config.sh >python-config
[1m[90m[DEBUG][39m[0m:   	rm -f Modules/_decimal/libmpdec/libmpdec.a
[1m[90m[DEBUG][39m[0m:   	ar rcs Modules/_decimal/libmpdec/libmpdec.a Modules/_decimal/libmpdec/basearith.o Modules/_decimal/libmpdec/constants.o Modules/_decimal/libmpdec/context.o Modules/_decimal/libmpdec/convolute.o Modules/_decimal/libmpdec/crt.o Modules/_decimal/libmpdec/difradix2.o Modules/_decimal/libmpdec/fnt.o Modules/_decimal/libmpdec/fourstep.o Modules/_decimal/libmpdec/io.o Modules/_decimal/libmpdec/mpalloc.o Modules/_decimal/libmpdec/mpdecimal.o Modules/_decimal/libmpdec/numbertheory.o Modules/_decimal/libmpdec/sixstep.o Modules/_decimal/libmpdec/transpose.o
[1m[90m[DEBUG][39m[0m:   	rm -f Modules/expat/libexpat.a
[1m[90m[DEBUG][39m[0m:   	ar rcs Modules/expat/libexpat.a Modules/expat/xmlparse.o Modules/expat/xmlrole.o Modules/expat/xmltok.o
[1m[90m[DEBUG][39m[0m:   	gcc -pthread -c -Wsign-compare -DNDEBUG -g -fwrapv -O3 -Wall    -std=c11 -Wextra -Wno-unused-parameter -Wno-missing-field-initializers -Werror=implicit-function-declaration -fvisibility=hidden  -I/ddnB/project/shpyang/shpyang/WL/engine/.buildozer/android/platform/build-arm64-v8a/build/other_builds/hostpython3/desktop/hostpython3/Include/internal -IObjects -IInclude -IPython -I. -I/ddnB/project/shpyang/shpyang/WL/engine/.buildozer/android/platform/build-arm64-v8a/build/other_builds/hostpython3/desktop/hostpython3/Include    -DPy_BUILD_CORE \
[1m[90m[DEBUG][39m[0m:   	      -DGITVERSION="\"`LC_ALL=C `\"" \
[1m[90m[DEBUG][39m[0m:   	      -DGITTAG="\"`LC_ALL=C `\"" \
[1m[90m[DEBUG][39m[0m:   	      -DGITBRANCH="\"`LC_ALL=C `\"" \
[1m[90m[DEBUG][39m[0m:   	      -o Modules/getbuildinfo.o /ddnB/project/shpyang/shpyang/WL/engine/.buildozer/android/platform/build-arm64-v8a/build/other_builds/hostpython3/desktop/hostpython3/Modules/getbuildinfo.c
[1m[90m[DEBUG][39m[0m:   	gcc -pthread     -o Programs/_freeze_module Programs/_freeze_module.o Modules/getpath_noop.o Modules/getbuildinfo.o Parser/token.o  Parser/pegen.o Parser/pegen_errors.o Parser/action_helpers.o Parser/parser.o Parser/string_parser.o Parser/peg_api.o Parser/myreadline.o Parser/tokenizer.o Objects/abstract.o Objects/accu.o Objects/boolobject.o Objects/bytes_methods.o Objects/bytearrayobject.o Objects/bytesobject.o Objects/call.o Objects/capsule.o Objects/cellobject.o Objects/classobject.o Objects/codeobject.o Objects/complexobject.o Objects/descrobject.o Objects/enumobject.o Objects/exceptions.o Objects/genericaliasobject.o Objects/genobject.o Objects/fileobject.o Objects/floatobject.o Objects/frameobject.o Objects/funcobject.o Objects/interpreteridobject.o Objects/iterobject.o Objects/listobject.o Objects/longobject.o Objects/dictobject.o Objects/odictobject.o Objects/memoryobject.o Objects/methodobject.o Objects/moduleobject.o Objects/namespaceobject.o Objects/object.o Objects/obmalloc.o Objects/picklebufobject.o Objects/rangeobject.o Objects/setobject.o Objects/sliceobject.o Objects/structseq.o Objects/tupleobject.o Objects/typeobject.o Objects/unicodeobject.o Objects/unicodectype.o Objects/unionobject.o Objects/weakrefobject.o Python/_warnings.o Python/Python-ast.o Python/Python-tokenize.o Python/asdl.o Python/ast.o Python/ast_opt.o Python/ast_unparse.o Python/bltinmodule.o Python/ceval.o Python/codecs.o Python/compile.o Python/context.o Python/dynamic_annotations.o Python/errors.o Python/frame.o Python/frozenmain.o Python/future.o Python/getargs.o Python/getcompiler.o Python/getcopyright.o Python/getplatform.o Python/getversion.o Python/hamt.o Python/hashtable.o Python/import.o Python/importdl.o Python/initconfig.o Python/marshal.o Python/modsupport.o Python/mysnprintf.o Python/mystrtoul.o Python/pathconfig.o Python/preconfig.o Python/pyarena.o Python/pyctype.o Python/pyfpe.o Python/pyhash.o Python/pylifecycle.o Python/pymath.o Python/pystate.o Python/pythonrun.o Python/pytime.o Python/bootstrap_hash.o Python/specialize.o Python/structmember.o Python/symtable.o Python/sysmodule.o Python/thread.o Python/traceback.o Python/getopt.o Python/pystrcmp.o Python/pystrtod.o Python/pystrhex.o Python/dtoa.o Python/formatter_unicode.o Python/fileutils.o Python/suggestions.o Python/dynload_shlib.o     Modules/config.o Modules/main.o Modules/gcmodule.o Modules/atexitmodule.o  Modules/faulthandler.o  Modules/posixmodule.o  Modules/signalmodule.o  Modules/_tracemalloc.o  Modules/_codecsmodule.o  Modules/_collectionsmodule.o  Modules/errnomodule.o  Modules/_io/_iomodule.o Modules/_io/iobase.o Modules/_io/fileio.o Modules/_io/bytesio.o Modules/_io/bufferedio.o Modules/_io/textio.o Modules/_io/stringio.o  Modules/itertoolsmodule.o  Modules/_sre/sre.o  Modules/_threadmodule.o  Modules/timemodule.o  Modules/_weakref.o  Modules/_abc.o  Modules/_functoolsmodule.o  Modules/_localemodule.o  Modules/_operator.o  Modules/_stat.o  Modules/symtablemodule.o  Modules/pwdmodule.o  Modules/xxsubtype.o -lpthread -ldl  -lutil                        -lm
[1m[90m[DEBUG][39m[0m:   	./Programs/_freeze_module importlib._bootstrap /ddnB/project/shpyang/shpyang/WL/engine/.buildozer/android/platform/build-arm64-v8a/build/other_builds/hostpython3/desktop/hostpython3/Lib/importlib/_bootstrap.py Python/frozen_modules/importlib._bootstrap.h
[1m[90m[DEBUG][39m[0m:   	./Programs/_freeze_module importlib._bootstrap_external /ddnB/project/shpyang/shpyang/WL/engine/.buildozer/android/platform/build-arm64-v8a/build/other_builds/hostpython3/desktop/hostpython3/Lib/importlib/_bootstrap_external.py Python/frozen_modules/importlib._bootstrap_external.h
[1m[90m[DEBUG][39m[0m:   	./Programs/_freeze_module getpath /ddnB/project/shpyang/shpyang/WL/engine/.buildozer/android/platform/build-arm64-v8a/build/other_builds/hostpython3/desktop/hostpython3/Modules/getpath.py Python/frozen_modules/getpath.h
[1m[90m[DEBUG][39m[0m:   	./Programs/_freeze_module zipimport /ddnB/project/shpyang/shpyang/WL/engine/.buildozer/android/platform/build-arm64-v8a/build/other_builds/hostpython3/desktop/hostpython3/Lib/zipimport.py Python/frozen_modules/zipimport.h
[1m[90m[DEBUG][39m[0m:   	gcc -pthread -c -Wsign-compare -DNDEBUG -g -fwrapv -O3 -Wall    -std=c11 -Wextra -Wno-unused-parameter -Wno-missing-field-initializers -Werror=implicit-function-declaration -fvisibility=hidden  -I/ddnB/project/shpyang/shpyang/WL/engine/.buildozer/android/platform/build-arm64-v8a/build/other_builds/hostpython3/desktop/hostpython3/Include/internal -IObjects -IInclude -IPython -I. -I/ddnB/project/shpyang/shpyang/WL/engine/.buildozer/android/platform/build-arm64-v8a/build/other_builds/hostpython3/desktop/hostpython3/Include    -DPy_BUILD_CORE -DPYTHONPATH='""' \
[1m[90m[DEBUG][39m[0m:   		-DPREFIX='"/usr/local"' \
[1m[90m[DEBUG][39m[0m:   		-DEXEC_PREFIX='"/usr/local"' \
[1m[90m[DEBUG][39m[0m:   		-DVERSION='"3.11"' \
[1m[90m[DEBUG][39m[0m:   		-DVPATH='"/ddnB/project/shpyang/shpyang/WL/engine/.buildozer/android/platform/build-arm64-v8a/build/other_builds/hostpython3/desktop/hostpython3"' \
[1m[90m[DEBUG][39m[0m:   		-DPLATLIBDIR='"lib"' \
[1m[90m[DEBUG][39m[0m:   		-DPYTHONFRAMEWORK='""' \
[1m[90m[DEBUG][39m[0m:   		-o Modules/getpath.o /ddnB/project/shpyang/shpyang/WL/engine/.buildozer/android/platform/build-arm64-v8a/build/other_builds/hostpython3/desktop/hostpython3/Modules/getpath.c
[1m[90m[DEBUG][39m[0m:   	gcc -pthread -c -Wsign-compare -DNDEBUG -g -fwrapv -O3 -Wall    -std=c11 -Wextra -Wno-unused-parameter -Wno-missing-field-initializers -Werror=implicit-function-declaration -fvisibility=hidden  -I/ddnB/project/shpyang/shpyang/WL/engine/.buildozer/android/platform/build-arm64-v8a/build/other_builds/hostpython3/desktop/hostpython3/Include/internal -IObjects -IInclude -IPython -I. -I/ddnB/project/shpyang/shpyang/WL/engine/.buildozer/android/platform/build-arm64-v8a/build/other_builds/hostpython3/desktop/hostpython3/Include    -DPy_BUILD_CORE -o Programs/_bootstrap_python.o /ddnB/project/shpyang/shpyang/WL/engine/.buildozer/android/platform/build-arm64-v8a/build/other_builds/hostpython3/desktop/hostpython3/Programs/_bootstrap_python.c
[1m[90m[DEBUG][39m[0m:   	gcc -pthread     -o _bootstrap_python Modules/getbuildinfo.o Parser/token.o  Parser/pegen.o Parser/pegen_errors.o Parser/action_helpers.o Parser/parser.o Parser/string_parser.o Parser/peg_api.o Parser/myreadline.o Parser/tokenizer.o Objects/abstract.o Objects/accu.o Objects/boolobject.o Objects/bytes_methods.o Objects/bytearrayobject.o Objects/bytesobject.o Objects/call.o Objects/capsule.o Objects/cellobject.o Objects/classobject.o Objects/codeobject.o Objects/complexobject.o Objects/descrobject.o Objects/enumobject.o Objects/exceptions.o Objects/genericaliasobject.o Objects/genobject.o Objects/fileobject.o Objects/floatobject.o Objects/frameobject.o Objects/funcobject.o Objects/interpreteridobject.o Objects/iterobject.o Objects/listobject.o Objects/longobject.o Objects/dictobject.o Objects/odictobject.o Objects/memoryobject.o Objects/methodobject.o Objects/moduleobject.o Objects/namespaceobject.o Objects/object.o Objects/obmalloc.o Objects/picklebufobject.o Objects/rangeobject.o Objects/setobject.o Objects/sliceobject.o Objects/structseq.o Objects/tupleobject.o Objects/typeobject.o Objects/unicodeobject.o Objects/unicodectype.o Objects/unionobject.o Objects/weakrefobject.o Python/_warnings.o Python/Python-ast.o Python/Python-tokenize.o Python/asdl.o Python/ast.o Python/ast_opt.o Python/ast_unparse.o Python/bltinmodule.o Python/ceval.o Python/codecs.o Python/compile.o Python/context.o Python/dynamic_annotations.o Python/errors.o Python/frame.o Python/frozenmain.o Python/future.o Python/getargs.o Python/getcompiler.o Python/getcopyright.o Python/getplatform.o Python/getversion.o Python/hamt.o Python/hashtable.o Python/import.o Python/importdl.o Python/initconfig.o Python/marshal.o Python/modsupport.o Python/mysnprintf.o Python/mystrtoul.o Python/pathconfig.o Python/preconfig.o Python/pyarena.o Python/pyctype.o Python/pyfpe.o Python/pyhash.o Python/pylifecycle.o Python/pymath.o Python/pystate.o Python/pythonrun.o Python/pytime.o Python/bootstrap_hash.o Python/specialize.o Python/structmember.o Python/symtable.o Python/sysmodule.o Python/thread.o Python/traceback.o Python/getopt.o Python/pystrcmp.o Python/pystrtod.o Python/pystrhex.o Python/dtoa.o Python/formatter_unicode.o Python/fileutils.o Python/suggestions.o Python/dynload_shlib.o     Modules/config.o Modules/main.o Modules/gcmodule.o Modules/atexitmodule.o  Modules/faulthandler.o  Modules/posixmodule.o  Modules/signalmodule.o  Modules/_tracemalloc.o  Modules/_codecsmodule.o  Modules/_collectionsmodule.o  Modules/errnomodule.o  Modules/_io/_iomodule.o Modules/_io/iobase.o Modules/_io/fileio.o Modules/_io/bytesio.o Modules/_io/bufferedio.o Modules/_io/textio.o Modules/_io/stringio.o  Modules/itertoolsmodule.o  Modules/_sre/sre.o  Modules/_threadmodule.o  Modules/timemodule.o  Modules/_weakref.o  Modules/_abc.o  Modules/_functoolsmodule.o  Modules/_localemodule.o  Modules/_operator.o  Modules/_stat.o  Modules/symtablemodule.o  Modules/pwdmodule.o  Modules/xxsubtype.o \
[1m[90m[DEBUG][39m[0m:   		Programs/_bootstrap_python.o Modules/getpath.o -lpthread -ldl  -lutil                        -lm
[1m[90m[DEBUG][39m[0m:   	./_bootstrap_python /ddnB/project/shpyang/shpyang/WL/engine/.buildozer/android/platform/build-arm64-v8a/build/other_builds/hostpython3/desktop/hostpython3/Programs/_freeze_module.py abc /ddnB/project/shpyang/shpyang/WL/engine/.buildozer/android/platform/build-arm64-v8a/build/other_builds/hostpython3/desktop/hostpython3/Lib/abc.py Python/frozen_modules/abc.h
[1m[90m[DEBUG][39m[0m:   	./_bootstrap_python /ddnB/project/shpyang/shpyang/WL/engine/.buildozer/android/platform/build-arm64-v8a/build/other_builds/hostpython3/desktop/hostpython3/Programs/_freeze_module.py codecs /ddnB/project/shpyang/shpyang/WL/engine/.buildozer/android/platform/build-arm64-v8a/build/other_builds/hostpython3/desktop/hostpython3/Lib/codecs.py Python/frozen_modules/codecs.h
[1m[90m[DEBUG][39m[0m:   	./_bootstrap_python /ddnB/project/shpyang/shpyang/WL/engine/.buildozer/android/platform/build-arm64-v8a/build/other_builds/hostpython3/desktop/hostpython3/Programs/_freeze_module.py io /ddnB/project/shpyang/shpyang/WL/engine/.buildozer/android/platform/build-arm64-v8a/build/other_builds/hostpython3/desktop/hostpython3/Lib/io.py Python/frozen_modules/io.h
[1m[90m[DEBUG][39m[0m:   	./_bootstrap_python /ddnB/project/shpyang/shpyang/WL/engine/.buildozer/android/platform/build-arm64-v8a/build/other_builds/hostpython3/desktop/hostpython3/Programs/_freeze_module.py _collections_abc /ddnB/project/shpyang/shpyang/WL/engine/.buildozer/android/platform/build-arm64-v8a/build/other_builds/hostpython3/desktop/hostpython3/Lib/_collections_abc.py Python/frozen_modules/_collections_abc.h
[1m[90m[DEBUG][39m[0m:   	./_bootstrap_python /ddnB/project/shpyang/shpyang/WL/engine/.buildozer/android/platform/build-arm64-v8a/build/other_builds/hostpython3/desktop/hostpython3/Programs/_freeze_module.py _sitebuiltins /ddnB/project/shpyang/shpyang/WL/engine/.buildozer/android/platform/build-arm64-v8a/build/other_builds/hostpython3/desktop/hostpython3/Lib/_sitebuiltins.py Python/frozen_modules/_sitebuiltins.h
[1m[90m[DEBUG][39m[0m:   	./_bootstrap_python /ddnB/project/shpyang/shpyang/WL/engine/.buildozer/android/platform/build-arm64-v8a/build/other_builds/hostpython3/desktop/hostpython3/Programs/_freeze_module.py genericpath /ddnB/project/shpyang/shpyang/WL/engine/.buildozer/android/platform/build-arm64-v8a/build/other_builds/hostpython3/desktop/hostpython3/Lib/genericpath.py Python/frozen_modules/genericpath.h
[1m[90m[DEBUG][39m[0m:   	./_bootstrap_python /ddnB/project/shpyang/shpyang/WL/engine/.buildozer/android/platform/build-arm64-v8a/build/other_builds/hostpython3/desktop/hostpython3/Programs/_freeze_module.py ntpath /ddnB/project/shpyang/shpyang/WL/engine/.buildozer/android/platform/build-arm64-v8a/build/other_builds/hostpython3/desktop/hostpython3/Lib/ntpath.py Python/frozen_modules/ntpath.h
[1m[90m[DEBUG][39m[0m:   	./_bootstrap_python /ddnB/project/shpyang/shpyang/WL/engine/.buildozer/android/platform/build-arm64-v8a/build/other_builds/hostpython3/desktop/hostpython3/Programs/_freeze_module.py posixpath /ddnB/project/shpyang/shpyang/WL/engine/.buildozer/android/platform/build-arm64-v8a/build/other_builds/hostpython3/desktop/hostpython3/Lib/posixpath.py Python/frozen_modules/posixpath.h
[1m[90m[DEBUG][39m[0m:   	./_bootstrap_python /ddnB/project/shpyang/shpyang/WL/engine/.buildozer/android/platform/build-arm64-v8a/build/other_builds/hostpython3/desktop/hostpython3/Programs/_freeze_module.py os /ddnB/project/shpyang/shpyang/WL/engine/.buildozer/android/platform/build-arm64-v8a/build/other_builds/hostpython3/desktop/hostpython3/Lib/os.py Python/frozen_modules/os.h
[1m[90m[DEBUG][39m[0m:   	./_bootstrap_python /ddnB/project/shpyang/shpyang/WL/engine/.buildozer/android/platform/build-arm64-v8a/build/other_builds/hostpython3/desktop/hostpython3/Programs/_freeze_module.py site /ddnB/project/shpyang/shpyang/WL/engine/.buildozer/android/platform/build-arm64-v8a/build/other_builds/hostpython3/desktop/hostpython3/Lib/site.py Python/frozen_modules/site.h
[1m[90m[DEBUG][39m[0m:   	./_bootstrap_python /ddnB/project/shpyang/shpyang/WL/engine/.buildozer/android/platform/build-arm64-v8a/build/other_builds/hostpython3/desktop/hostpython3/Programs/_freeze_module.py stat /ddnB/project/shpyang/shpyang/WL/engine/.buildozer/android/platform/build-arm64-v8a/build/other_builds/hostpython3/desktop/hostpython3/Lib/stat.py Python/frozen_modules/stat.h
[1m[90m[DEBUG][39m[0m:   	./_bootstrap_python /ddnB/project/shpyang/shpyang/WL/engine/.buildozer/android/platform/build-arm64-v8a/build/other_builds/hostpython3/desktop/hostpython3/Programs/_freeze_module.py importlib.util /ddnB/project/shpyang/shpyang/WL/engine/.buildozer/android/platform/build-arm64-v8a/build/other_builds/hostpython3/desktop/hostpython3/Lib/importlib/util.py Python/frozen_modules/importlib.util.h
[1m[90m[DEBUG][39m[0m:   	./_bootstrap_python /ddnB/project/shpyang/shpyang/WL/engine/.buildozer/android/platform/build-arm64-v8a/build/other_builds/hostpython3/desktop/hostpython3/Programs/_freeze_module.py importlib.machinery /ddnB/project/shpyang/shpyang/WL/engine/.buildozer/android/platform/build-arm64-v8a/build/other_builds/hostpython3/desktop/hostpython3/Lib/importlib/machinery.py Python/frozen_modules/importlib.machinery.h
[1m[90m[DEBUG][39m[0m:   	./_bootstrap_python /ddnB/project/shpyang/shpyang/WL/engine/.buildozer/android/platform/build-arm64-v8a/build/other_builds/hostpython3/desktop/hostpython3/Programs/_freeze_module.py runpy /ddnB/project/shpyang/shpyang/WL/engine/.buildozer/android/platform/build-arm64-v8a/build/other_builds/hostpython3/desktop/hostpython3/Lib/runpy.py Python/frozen_modules/runpy.h
[1m[90m[DEBUG][39m[0m:   	./_bootstrap_python /ddnB/project/shpyang/shpyang/WL/engine/.buildozer/android/platform/build-arm64-v8a/build/other_builds/hostpython3/desktop/hostpython3/Programs/_freeze_module.py __hello__ /ddnB/project/shpyang/shpyang/WL/engine/.buildozer/android/platform/build-arm64-v8a/build/other_builds/hostpython3/desktop/hostpython3/Lib/__hello__.py Python/frozen_modules/__hello__.h
[1m[90m[DEBUG][39m[0m:   	./_bootstrap_python /ddnB/project/shpyang/shpyang/WL/engine/.buildozer/android/platform/build-arm64-v8a/build/other_builds/hostpython3/desktop/hostpython3/Programs/_freeze_module.py __phello__ /ddnB/project/shpyang/shpyang/WL/engine/.buildozer/android/platform/build-arm64-v8a/build/other_builds/hostpython3/desktop/hostpython3/Lib/__phello__/__init__.py Python/frozen_modules/__phello__.h
[1m[90m[DEBUG][39m[0m:   	./_bootstrap_python /ddnB/project/shpyang/shpyang/WL/engine/.buildozer/android/platform/build-arm64-v8a/build/other_builds/hostpython3/desktop/hostpython3/Programs/_freeze_module.py __phello__.ham /ddnB/project/shpyang/shpyang/WL/engine/.buildozer/android/platform/build-arm64-v8a/build/other_builds/hostpython3/desktop/hostpython3/Lib/__phello__/ham/__init__.py Python/frozen_modules/__phello__.ham.h
[1m[90m[DEBUG][39m[0m:   	./_bootstrap_python /ddnB/project/shpyang/shpyang/WL/engine/.buildozer/android/platform/build-arm64-v8a/build/other_builds/hostpython3/desktop/hostpython3/Programs/_freeze_module.py __phello__.ham.eggs /ddnB/project/shpyang/shpyang/WL/engine/.buildozer/android/platform/build-arm64-v8a/build/other_builds/hostpython3/desktop/hostpython3/Lib/__phello__/ham/eggs.py Python/frozen_modules/__phello__.ham.eggs.h
[1m[90m[DEBUG][39m[0m:   	./_bootstrap_python /ddnB/project/shpyang/shpyang/WL/engine/.buildozer/android/platform/build-arm64-v8a/build/other_builds/hostpython3/desktop/hostpython3/Programs/_freeze_module.py __phello__.spam /ddnB/project/shpyang/shpyang/WL/engine/.buildozer/android/platform/build-arm64-v8a/build/other_builds/hostpython3/desktop/hostpython3/Lib/__phello__/spam.py Python/frozen_modules/__phello__.spam.h
[1m[90m[DEBUG][39m[0m:   	./_bootstrap_python /ddnB/project/shpyang/shpyang/WL/engine/.buildozer/android/platform/build-arm64-v8a/build/other_builds/hostpython3/desktop/hostpython3/Programs/_freeze_module.py frozen_only /ddnB/project/shpyang/shpyang/WL/engine/.buildozer/android/platform/build-arm64-v8a/build/other_builds/hostpython3/desktop/hostpython3/Tools/freeze/flag.py Python/frozen_modules/frozen_only.h
[1m[90m[DEBUG][39m[0m:   	./_bootstrap_python /ddnB/project/shpyang/shpyang/WL/engine/.buildozer/android/platform/build-arm64-v8a/build/other_builds/hostpython3/desktop/hostpython3/Tools/scripts/deepfreeze.py \
[1m[90m[DEBUG][39m[0m:   	Python/frozen_modules/importlib._bootstrap.h:importlib._bootstrap \
[1m[90m[DEBUG][39m[0m:   	Python/frozen_modules/importlib._bootstrap_external.h:importlib._bootstrap_external \
[1m[90m[DEBUG][39m[0m:   	Python/frozen_modules/zipimport.h:zipimport \
[1m[90m[DEBUG][39m[0m:   	Python/frozen_modules/abc.h:abc \
[1m[90m[DEBUG][39m[0m:   	Python/frozen_modules/codecs.h:codecs \
[1m[90m[DEBUG][39m[0m:   	Python/frozen_modules/io.h:io \
[1m[90m[DEBUG][39m[0m:   	Python/frozen_modules/_collections_abc.h:_collections_abc \
[1m[90m[DEBUG][39m[0m:   	Python/frozen_modules/_sitebuiltins.h:_sitebuiltins \
[1m[90m[DEBUG][39m[0m:   	Python/frozen_modules/genericpath.h:genericpath \
[1m[90m[DEBUG][39m[0m:   	Python/frozen_modules/ntpath.h:ntpath \
[1m[90m[DEBUG][39m[0m:   	Python/frozen_modules/posixpath.h:posixpath \
[1m[90m[DEBUG][39m[0m:   	Python/frozen_modules/os.h:os \
[1m[90m[DEBUG][39m[0m:   	Python/frozen_modules/site.h:site \
[1m[90m[DEBUG][39m[0m:   	Python/frozen_modules/stat.h:stat \
[1m[90m[DEBUG][39m[0m:   	Python/frozen_modules/importlib.util.h:importlib.util \
[1m[90m[DEBUG][39m[0m:   	Python/frozen_modules/importlib.machinery.h:importlib.machinery \
[1m[90m[DEBUG][39m[0m:   	Python/frozen_modules/runpy.h:runpy \
[1m[90m[DEBUG][39m[0m:   	Python/frozen_modules/__hello__.h:__hello__ \
[1m[90m[DEBUG][39m[0m:   	Python/frozen_modules/__phello__.h:__phello__ \
[1m[90m[DEBUG][39m[0m:   	Python/frozen_modules/__phello__.ham.h:__phello__.ham \
[1m[90m[DEBUG][39m[0m:   	Python/frozen_modules/__phello__.ham.eggs.h:__phello__.ham.eggs \
[1m[90m[DEBUG][39m[0m:   	Python/frozen_modules/__phello__.spam.h:__phello__.spam \
[1m[90m[DEBUG][39m[0m:   	Python/frozen_modules/frozen_only.h:frozen_only \
[1m[90m[DEBUG][39m[0m:   	-o Python/deepfreeze/deepfreeze.c
[1m[90m[DEBUG][39m[0m:   	gcc -pthread -c -Wsign-compare -DNDEBUG -g -fwrapv -O3 -Wall    -std=c11 -Wextra -Wno-unused-parameter -Wno-missing-field-initializers -Werror=implicit-function-declaration -fvisibility=hidden  -I/ddnB/project/shpyang/shpyang/WL/engine/.buildozer/android/platform/build-arm64-v8a/build/other_builds/hostpython3/desktop/hostpython3/Include/internal -IObjects -IInclude -IPython -I. -I/ddnB/project/shpyang/shpyang/WL/engine/.buildozer/android/platform/build-arm64-v8a/build/other_builds/hostpython3/desktop/hostpython3/Include    -DPy_BUILD_CORE -o Python/frozen.o /ddnB/project/shpyang/shpyang/WL/engine/.buildozer/android/platform/build-arm64-v8a/build/other_builds/hostpython3/desktop/hostpython3/Python/frozen.c
[1m[90m[DEBUG][39m[0m:   	Note: Deepfreeze may have added some global objects,
[1m[90m[DEBUG][39m[0m:   	      so run 'make regen-global-objects' if necessary.
[1m[90m[DEBUG][39m[0m:   	gcc -pthread -c -Wsign-compare -DNDEBUG -g -fwrapv -O3 -Wall    -std=c11 -Wextra -Wno-unused-parameter -Wno-missing-field-initializers -Werror=implicit-function-declaration -fvisibility=hidden  -I/ddnB/project/shpyang/shpyang/WL/engine/.buildozer/android/platform/build-arm64-v8a/build/other_builds/hostpython3/desktop/hostpython3/Include/internal -IObjects -IInclude -IPython -I. -I/ddnB/project/shpyang/shpyang/WL/engine/.buildozer/android/platform/build-arm64-v8a/build/other_builds/hostpython3/desktop/hostpython3/Include    -DPy_BUILD_CORE -o Python/deepfreeze/deepfreeze.o Python/deepfreeze/deepfreeze.c
[1m[90m[DEBUG][39m[0m:   	rm -f libpython3.11.a
[1m[90m[DEBUG][39m[0m:   	ar rcs libpython3.11.a Modules/getbuildinfo.o Parser/token.o  Parser/pegen.o Parser/pegen_errors.o Parser/action_helpers.o Parser/parser.o Parser/string_parser.o Parser/peg_api.o Parser/myreadline.o Parser/tokenizer.o Objects/abstract.o Objects/accu.o Objects/boolobject.o Objects/bytes_methods.o Objects/bytearrayobject.o Objects/bytesobject.o Objects/call.o Objects/capsule.o Objects/cellobject.o Objects/classobject.o Objects/codeobject.o Objects/complexobject.o Objects/descrobject.o Objects/enumobject.o Objects/exceptions.o Objects/genericaliasobject.o Objects/genobject.o Objects/fileobject.o Objects/floatobject.o Objects/frameobject.o Objects/funcobject.o Objects/interpreteridobject.o Objects/iterobject.o Objects/listobject.o Objects/longobject.o Objects/dictobject.o Objects/odictobject.o Objects/memoryobject.o Objects/methodobject.o Objects/moduleobject.o Objects/namespaceobject.o Objects/object.o Objects/obmalloc.o Objects/picklebufobject.o Objects/rangeobject.o Objects/setobject.o Objects/sliceobject.o Objects/structseq.o Objects/tupleobject.o Objects/typeobject.o Objects/unicodeobject.o Objects/unicodectype.o Objects/unionobject.o Objects/weakrefobject.o Python/_warnings.o Python/Python-ast.o Python/Python-tokenize.o Python/asdl.o Python/ast.o Python/ast_opt.o Python/ast_unparse.o Python/bltinmodule.o Python/ceval.o Python/codecs.o Python/compile.o Python/context.o Python/dynamic_annotations.o Python/errors.o Python/frame.o Python/frozenmain.o Python/future.o Python/getargs.o Python/getcompiler.o Python/getcopyright.o Python/getplatform.o Python/getversion.o Python/hamt.o Python/hashtable.o Python/import.o Python/importdl.o Python/initconfig.o Python/marshal.o Python/modsupport.o Python/mysnprintf.o Python/mystrtoul.o Python/pathconfig.o Python/preconfig.o Python/pyarena.o Python/pyctype.o Python/pyfpe.o Python/pyhash.o Python/pylifecycle.o Python/pymath.o Python/pystate.o Python/pythonrun.o Python/pytime.o Python/bootstrap_hash.o Python/specialize.o Python/structmember.o Python/symtable.o Python/sysmodule.o Python/thread.o Python/traceback.o Python/getopt.o Python/pystrcmp.o Python/pystrtod.o Python/pystrhex.o Python/dtoa.o Python/formatter_unicode.o Python/fileutils.o Python/suggestions.o Python/dynload_shlib.o     Modules/config.o Modules/main.o Modules/gcmodule.o Modules/atexitmodule.o  Modules/faulthandler.o  Modules/posixmodule.o  Modules/signalmodule.o  Modules/_tracemalloc.o  Modules/_codecsmodule.o  Modules/_collectionsmodule.o  Modules/errnomodule.o  Modules/_io/_iomodule.o Modules/_io/iobase.o Modules/_io/fileio.o Modules/_io/bytesio.o Modules/_io/bufferedio.o Modules/_io/textio.o Modules/_io/stringio.o  Modules/itertoolsmodule.o  Modules/_sre/sre.o  Modules/_threadmodule.o  Modules/timemodule.o  Modules/_weakref.o  Modules/_abc.o  Modules/_functoolsmodule.o  Modules/_localemodule.o  Modules/_operator.o  Modules/_stat.o  Modules/symtablemodule.o  Modules/pwdmodule.o  Modules/xxsubtype.o Python/deepfreeze/deepfreeze.o Modules/getpath.o Python/frozen.o
[1m[90m[DEBUG][39m[0m:   	gcc -pthread     -Xlinker -export-dynamic -o python Programs/python.o Modules/getbuildinfo.o Parser/token.o  Parser/pegen.o Parser/pegen_errors.o Parser/action_helpers.o Parser/parser.o Parser/string_parser.o Parser/peg_api.o Parser/myreadline.o Parser/tokenizer.o Objects/abstract.o Objects/accu.o Objects/boolobject.o Objects/bytes_methods.o Objects/bytearrayobject.o Objects/bytesobject.o Objects/call.o Objects/capsule.o Objects/cellobject.o Objects/classobject.o Objects/codeobject.o Objects/complexobject.o Objects/descrobject.o Objects/enumobject.o Objects/exceptions.o Objects/genericaliasobject.o Objects/genobject.o Objects/fileobject.o Objects/floatobject.o Objects/frameobject.o Objects/funcobject.o Objects/interpreteridobject.o Objects/iterobject.o Objects/listobject.o Objects/longobject.o Objects/dictobject.o Objects/odictobject.o Objects/memoryobject.o Objects/methodobject.o Objects/moduleobject.o Objects/namespaceobject.o Objects/object.o Objects/obmalloc.o Objects/picklebufobject.o Objects/rangeobject.o Objects/setobject.o Objects/sliceobject.o Objects/structseq.o Objects/tupleobject.o Objects/typeobject.o Objects/unicodeobject.o Objects/unicodectype.o Objects/unionobject.o Objects/weakrefobject.o Python/_warnings.o Python/Python-ast.o Python/Python-tokenize.o Python/asdl.o Python/ast.o Python/ast_opt.o Python/ast_unparse.o Python/bltinmodule.o Python/ceval.o Python/codecs.o Python/compile.o Python/context.o Python/dynamic_annotations.o Python/errors.o Python/frame.o Python/frozenmain.o Python/future.o Python/getargs.o Python/getcompiler.o Python/getcopyright.o Python/getplatform.o Python/getversion.o Python/hamt.o Python/hashtable.o Python/import.o Python/importdl.o Python/initconfig.o Python/marshal.o Python/modsupport.o Python/mysnprintf.o Python/mystrtoul.o Python/pathconfig.o Python/preconfig.o Python/pyarena.o Python/pyctype.o Python/pyfpe.o Python/pyhash.o Python/pylifecycle.o Python/pymath.o Python/pystate.o Python/pythonrun.o Python/pytime.o Python/bootstrap_hash.o Python/specialize.o Python/structmember.o Python/symtable.o Python/sysmodule.o Python/thread.o Python/traceback.o Python/getopt.o Python/pystrcmp.o Python/pystrtod.o Python/pystrhex.o Python/dtoa.o Python/formatter_unicode.o Python/fileutils.o Python/suggestions.o Python/dynload_shlib.o     Modules/config.o Modules/main.o Modules/gcmodule.o Modules/atexitmodule.o  Modules/faulthandler.o  Modules/posixmodule.o  Modules/signalmodule.o  Modules/_tracemalloc.o  Modules/_codecsmodule.o  Modules/_collectionsmodule.o  Modules/errnomodule.o  Modules/_io/_iomodule.o Modules/_io/iobase.o Modules/_io/fileio.o Modules/_io/bytesio.o Modules/_io/bufferedio.o Modules/_io/textio.o Modules/_io/stringio.o  Modules/itertoolsmodule.o  Modules/_sre/sre.o  Modules/_threadmodule.o  Modules/timemodule.o  Modules/_weakref.o  Modules/_abc.o  Modules/_functoolsmodule.o  Modules/_localemodule.o  Modules/_operator.o  Modules/_stat.o  Modules/symtablemodule.o  Modules/pwdmodule.o  Modules/xxsubtype.o Python/deepfreeze/deepfreeze.o Modules/getpath.o Python/frozen.o -lpthread -ldl  -lutil                        -lm
[1m[90m[DEBUG][39m[0m:   	gcc -pthread     -Xlinker -export-dynamic -o Programs/_testembed Programs/_testembed.o Modules/getbuildinfo.o Parser/token.o  Parser/pegen.o Parser/pegen_errors.o Parser/action_helpers.o Parser/parser.o Parser/string_parser.o Parser/peg_api.o Parser/myreadline.o Parser/tokenizer.o Objects/abstract.o Objects/accu.o Objects/boolobject.o Objects/bytes_methods.o Objects/bytearrayobject.o Objects/bytesobject.o Objects/call.o Objects/capsule.o Objects/cellobject.o Objects/classobject.o Objects/codeobject.o Objects/complexobject.o Objects/descrobject.o Objects/enumobject.o Objects/exceptions.o Objects/genericaliasobject.o Objects/genobject.o Objects/fileobject.o Objects/floatobject.o Objects/frameobject.o Objects/funcobject.o Objects/interpreteridobject.o Objects/iterobject.o Objects/listobject.o Objects/longobject.o Objects/dictobject.o Objects/odictobject.o Objects/memoryobject.o Objects/methodobject.o Objects/moduleobject.o Objects/namespaceobject.o Objects/object.o Objects/obmalloc.o Objects/picklebufobject.o Objects/rangeobject.o Objects/setobject.o Objects/sliceobject.o Objects/structseq.o Objects/tupleobject.o Objects/typeobject.o Objects/unicodeobject.o Objects/unicodectype.o Objects/unionobject.o Objects/weakrefobject.o Python/_warnings.o Python/Python-ast.o Python/Python-tokenize.o Python/asdl.o Python/ast.o Python/ast_opt.o Python/ast_unparse.o Python/bltinmodule.o Python/ceval.o Python/codecs.o Python/compile.o Python/context.o Python/dynamic_annotations.o Python/errors.o Python/frame.o Python/frozenmain.o Python/future.o Python/getargs.o Python/getcompiler.o Python/getcopyright.o Python/getplatform.o Python/getversion.o Python/hamt.o Python/hashtable.o Python/import.o Python/importdl.o Python/initconfig.o Python/marshal.o Python/modsupport.o Python/mysnprintf.o Python/mystrtoul.o Python/pathconfig.o Python/preconfig.o Python/pyarena.o Python/pyctype.o Python/pyfpe.o Python/pyhash.o Python/pylifecycle.o Python/pymath.o Python/pystate.o Python/pythonrun.o Python/pytime.o Python/bootstrap_hash.o Python/specialize.o Python/structmember.o Python/symtable.o Python/sysmodule.o Python/thread.o Python/traceback.o Python/getopt.o Python/pystrcmp.o Python/pystrtod.o Python/pystrhex.o Python/dtoa.o Python/formatter_unicode.o Python/fileutils.o Python/suggestions.o Python/dynload_shlib.o     Modules/config.o Modules/main.o Modules/gcmodule.o Modules/atexitmodule.o  Modules/faulthandler.o  Modules/posixmodule.o  Modules/signalmodule.o  Modules/_tracemalloc.o  Modules/_codecsmodule.o  Modules/_collectionsmodule.o  Modules/errnomodule.o  Modules/_io/_iomodule.o Modules/_io/iobase.o Modules/_io/fileio.o Modules/_io/bytesio.o Modules/_io/bufferedio.o Modules/_io/textio.o Modules/_io/stringio.o  Modules/itertoolsmodule.o  Modules/_sre/sre.o  Modules/_threadmodule.o  Modules/timemodule.o  Modules/_weakref.o  Modules/_abc.o  Modules/_functoolsmodule.o  Modules/_localemodule.o  Modules/_operator.o  Modules/_stat.o  Modules/symtablemodule.o  Modules/pwdmodule.o  Modules/xxsubtype.o Python/deepfreeze/deepfreeze.o Modules/getpath.o Python/frozen.o -lpthread -ldl  -lutil                        -lm
[1m[90m[DEBUG][39m[0m:   	./python -E -S -m sysconfig --generate-posix-vars ;\
[1m[90m[DEBUG][39m[0m:   	if test $? -ne 0 ; then \
[1m[90m[DEBUG][39m[0m:   		echo "generate-posix-vars failed" ; \
[1m[90m[DEBUG][39m[0m:   		rm -f ./pybuilddir.txt ; \
[1m[90m[DEBUG][39m[0m:   		exit 1 ; \
[1m[90m[DEBUG][39m[0m:   	fi
[1m[90m[DEBUG][39m[0m:   	./python -E -c 'import sys ; from sysconfig import get_platform ; print("%s-%d.%d" % (get_platform(), *sys.version_info[:2]))' >platform
[1m[90m[DEBUG][39m[0m:   	 CC='gcc -pthread' LDSHARED='gcc -pthread -shared    ' OPT='-DNDEBUG -g -fwrapv -O3 -Wall' 	./python -E /ddnB/project/shpyang/shpyang/WL/engine/.buildozer/android/platform/build-arm64-v8a/build/other_builds/hostpython3/desktop/hostpython3/setup.py  build
[1m[90m[DEBUG][39m[0m:   	running build
[1m[90m[DEBUG][39m[0m:   	running build_ext
[1m[90m[DEBUG][39m[0m:   	building 'array' extension
[1m[90m[DEBUG][39m[0m:   	building '_contextvars' extension
[1m[90m[DEBUG][39m[0m:   	building 'math' extension
[1m[90m[DEBUG][39m[0m:   	building 'cmath' extension
[1m[90m[DEBUG][39m[0m:   	building '_datetime' extension
[1m[90m[DEBUG][39m[0m:   	building '_zoneinfo' extension
[1m[90m[DEBUG][39m[0m:   	building '_random' extension
[1m[90m[DEBUG][39m[0m:   	building '_bisect' extension
[1m[90m[DEBUG][39m[0m:   	building '_heapq' extension
[1m[90m[DEBUG][39m[0m:   	building '_pickle' extension
[1m[90m[DEBUG][39m[0m:   	building '_json' extension
[1m[90m[DEBUG][39m[0m:   	building '_lsprof' extension
[1m[90m[DEBUG][39m[0m:   	building 'unicodedata' extension
[1m[90m[DEBUG][39m[0m:   	building '_opcode' extension
[1m[90m[DEBUG][39m[0m:   	building '_asyncio' extension
[1m[90m[DEBUG][39m[0m:   	building '_queue' extension
[1m[90m[DEBUG][39m[0m:   	building '_statistics' extension
[1m[90m[DEBUG][39m[0m:   	building '_struct' extension
[1m[90m[DEBUG][39m[0m:   	building '_typing' extension
[1m[90m[DEBUG][39m[0m:   	building 'fcntl' extension
[1m[90m[DEBUG][39m[0m:   	building 'grp' extension
[1m[90m[DEBUG][39m[0m:   	building '_socket' extension
[1m[90m[DEBUG][39m[0m:   	building 'select' extension
[1m[90m[DEBUG][39m[0m:   	building 'spwd' extension
[1m[90m[DEBUG][39m[0m:   	building 'mmap' extension
[1m[90m[DEBUG][39m[0m:   	building 'syslog' extension
[1m[90m[DEBUG][39m[0m:   	building '_xxsubinterpreters' extension
[1m[90m[DEBUG][39m[0m:   	building 'audioop' extension
[1m[90m[DEBUG][39m[0m:   	building '_csv' extension
[1m[90m[DEBUG][39m[0m:   	building '_posixsubprocess' extension
[1m[90m[DEBUG][39m[0m:   	building '_testcapi' extension
[1m[90m[DEBUG][39m[0m:   	building '_testclinic' extension
[1m[90m[DEBUG][39m[0m:   	building '_testinternalcapi' extension
[1m[90m[DEBUG][39m[0m:   	building '_testbuffer' extension
[1m[90m[DEBUG][39m[0m:   	building '_testimportmultiple' extension
[1m[90m[DEBUG][39m[0m:   	building '_testmultiphase' extension
[1m[90m[DEBUG][39m[0m:   	building '_xxtestfuzz' extension
[1m[90m[DEBUG][39m[0m:   	building 'readline' extension
[1m[90m[DEBUG][39m[0m:   	building '_curses' extension
[1m[90m[DEBUG][39m[0m:   	building '_curses_panel' extension
[1m[90m[DEBUG][39m[0m:   	building '_crypt' extension
[1m[90m[DEBUG][39m[0m:   	building '_ssl' extension
[1m[90m[DEBUG][39m[0m:   	building '_hashlib' extension
[1m[90m[DEBUG][39m[0m:   	building '_md5' extension
[1m[90m[DEBUG][39m[0m:   	building '_sha1' extension
[1m[90m[DEBUG][39m[0m:   	building '_sha256' extension
[1m[90m[DEBUG][39m[0m:   	building '_sha512' extension
[1m[90m[DEBUG][39m[0m:   	building '_sha3' extension
[1m[90m[DEBUG][39m[0m:   	building '_blake2' extension
[1m[90m[DEBUG][39m[0m:   	building '_sqlite3' extension
[1m[90m[DEBUG][39m[0m:   	building 'termios' extension
[1m[90m[DEBUG][39m[0m:   	building 'resource' extension
[1m[90m[DEBUG][39m[0m:   	building 'ossaudiodev' extension
[1m[90m[DEBUG][39m[0m:   	building 'zlib' extension
[1m[90m[DEBUG][39m[0m:   	building 'binascii' extension
[1m[90m[DEBUG][39m[0m:   	building '_bz2' extension
[1m[90m[DEBUG][39m[0m:   	building '_lzma' extension
[1m[90m[DEBUG][39m[0m:   	building 'pyexpat' extension
[1m[90m[DEBUG][39m[0m:   	building '_elementtree' extension
[1m[90m[DEBUG][39m[0m:   	building '_multibytecodec' extension
[1m[90m[DEBUG][39m[0m:   	building '_codecs_kr' extension
[1m[90m[DEBUG][39m[0m:   	building '_codecs_jp' extension
[1m[90m[DEBUG][39m[0m:   	building '_codecs_cn' extension
[1m[90m[DEBUG][39m[0m:   	building '_codecs_tw' extension
[1m[90m[DEBUG][39m[0m:   	creating build/temp.linux-x86_64-3.11/ddnB
[1m[90m[DEBUG][39m[0m:   	creating build/temp.linux-x86_64-3.11/ddnB/project
[1m[90m[DEBUG][39m[0m:   	creating build/temp.linux-x86_64-3.11/ddnB/project
[1m[90m[DEBUG][39m[0m:   	creating build/temp.linux-x86_64-3.11/ddnB/project/shpyang
[1m[90m[DEBUG][39m[0m:   	creating build/temp.linux-x86_64-3.11/ddnB/project/shpyang
[1m[90m[DEBUG][39m[0m:   	creating build/temp.linux-x86_64-3.11/ddnB/project/shpyang
[1m[90m[DEBUG][39m[0m:   	creating build/temp.linux-x86_64-3.11/ddnB/project/shpyang
[1m[90m[DEBUG][39m[0m:   	creating build/temp.linux-x86_64-3.11/ddnB/project/shpyang
[1m[90m[DEBUG][39m[0m:   	creating build/temp.linux-x86_64-3.11/ddnB/project/shpyang
[1m[90m[DEBUG][39m[0m:   	creating build/temp.linux-x86_64-3.11/ddnB/project/shpyang
[1m[90m[DEBUG][39m[0m:   	creating build/temp.linux-x86_64-3.11/ddnB/project/shpyang
[1m[90m[DEBUG][39m[0m:   	creating build/temp.linux-x86_64-3.11/ddnB/project/shpyang
[1m[90m[DEBUG][39m[0m:   	creating build/temp.linux-x86_64-3.11/ddnB/project/shpyang
[1m[90m[DEBUG][39m[0m:   	creating build/temp.linux-x86_64-3.11/ddnB/project/shpyang
[1m[90m[DEBUG][39m[0m:   	creating build/temp.linux-x86_64-3.11/ddnB/project/shpyang
[1m[90m[DEBUG][39m[0m:   	creating build/temp.linux-x86_64-3.11/ddnB/project/shpyang/shpyang
[1m[90m[DEBUG][39m[0m:   	creating build/temp.linux-x86_64-3.11/ddnB/project/shpyang/shpyang
[1m[90m[DEBUG][39m[0m:   	creating build/temp.linux-x86_64-3.11/ddnB/project/shpyang/shpyang
[1m[90m[DEBUG][39m[0m:   	creating build/temp.linux-x86_64-3.11/ddnB/project/shpyang/shpyang
[1m[90m[DEBUG][39m[0m:   	creating build/temp.linux-x86_64-3.11/ddnB/project/shpyang
[1m[90m[DEBUG][39m[0m:   	creating build/temp.linux-x86_64-3.11/ddnB/project/shpyang/shpyang
[1m[90m[DEBUG][39m[0m:   	creating build/temp.linux-x86_64-3.11/ddnB/project/shpyang/shpyang
[1m[90m[DEBUG][39m[0m:   	creating build/temp.linux-x86_64-3.11/ddnB/project/shpyang/shpyang
[1m[90m[DEBUG][39m[0m:   	creating build/temp.linux-x86_64-3.11/ddnB/project/shpyang/shpyang
[1m[90m[DEBUG][39m[0m:   	creating build/temp.linux-x86_64-3.11/ddnB/project/shpyang/shpyang
[1m[90m[DEBUG][39m[0m:   	creating build/temp.linux-x86_64-3.11/ddnB/project/shpyang/shpyang
[1m[90m[DEBUG][39m[0m:   	creating build/temp.linux-x86_64-3.11/ddnB/project/shpyang/shpyang
[1m[90m[DEBUG][39m[0m:   	creating build/temp.linux-x86_64-3.11/ddnB/project/shpyang/shpyang
[1m[90m[DEBUG][39m[0m:   	creating build/temp.linux-x86_64-3.11/ddnB/project/shpyang/shpyang
[1m[90m[DEBUG][39m[0m:   	creating build/temp.linux-x86_64-3.11/ddnB/project/shpyang/shpyang
[1m[90m[DEBUG][39m[0m:   	creating build/temp.linux-x86_64-3.11/ddnB/project/shpyang
[1m[90m[DEBUG][39m[0m:   	creating build/temp.linux-x86_64-3.11/ddnB/project/shpyang/shpyang
[1m[90m[DEBUG][39m[0m:   	creating build/temp.linux-x86_64-3.11/ddnB/project/shpyang
[1m[90m[DEBUG][39m[0m:   	creating build/temp.linux-x86_64-3.11/ddnB/project/shpyang
[1m[90m[DEBUG][39m[0m:   	creating build/temp.linux-x86_64-3.11/ddnB/project/shpyang/shpyang
[1m[90m[DEBUG][39m[0m:   	creating build/temp.linux-x86_64-3.11/ddnB/project/shpyang/shpyang
[1m[90m[DEBUG][39m[0m:   	creating build/temp.linux-x86_64-3.11/ddnB/project/shpyang
[1m[90m[DEBUG][39m[0m:   	creating build/temp.linux-x86_64-3.11/ddnB/project/shpyang
[1m[90m[DEBUG][39m[0m:   	creating build/temp.linux-x86_64-3.11/ddnB/project/shpyang
[1m[90m[DEBUG][39m[0m:   	creating build/temp.linux-x86_64-3.11/ddnB/project/shpyang
[1m[90m[DEBUG][39m[0m:   	creating build/temp.linux-x86_64-3.11/ddnB/project/shpyang/shpyang
[1m[90m[DEBUG][39m[0m:   	creating build/temp.linux-x86_64-3.11/ddnB/project/shpyang/shpyang
[1m[90m[DEBUG][39m[0m:   	creating build/temp.linux-x86_64-3.11/ddnB/project/shpyang/shpyang
[1m[90m[DEBUG][39m[0m:   	creating build/temp.linux-x86_64-3.11/ddnB/project/shpyang/shpyang
[1m[90m[DEBUG][39m[0m:   	creating build/temp.linux-x86_64-3.11/ddnB/project/shpyang/shpyang
[1m[90m[DEBUG][39m[0m:   	creating build/temp.linux-x86_64-3.11/ddnB/project/shpyang/shpyang
[1m[90m[DEBUG][39m[0m:   	creating build/temp.linux-x86_64-3.11/ddnB/project/shpyang/shpyang
[1m[90m[DEBUG][39m[0m:   	creating build/temp.linux-x86_64-3.11/ddnB/project/shpyang/shpyang
[1m[90m[DEBUG][39m[0m:   	creating build/temp.linux-x86_64-3.11/ddnB/project/shpyang/shpyang
[1m[90m[DEBUG][39m[0m:   	creating build/temp.linux-x86_64-3.11/ddnB/project/shpyang/shpyang
[1m[90m[DEBUG][39m[0m:   	creating build/temp.linux-x86_64-3.11/ddnB/project/shpyang/shpyang
[1m[90m[DEBUG][39m[0m:   	creating build/temp.linux-x86_64-3.11/ddnB/project/shpyang/shpyang
[1m[90m[DEBUG][39m[0m:   	creating build/temp.linux-x86_64-3.11/ddnB/project/shpyang/shpyang
[1m[90m[DEBUG][39m[0m:   	creating build/temp.linux-x86_64-3.11/ddnB/project/shpyang
[1m[90m[DEBUG][39m[0m:   	creating build/temp.linux-x86_64-3.11/ddnB/project/shpyang
[1m[90m[DEBUG][39m[0m:   	creating build/temp.linux-x86_64-3.11/ddnB/project/shpyang
[1m[90m[DEBUG][39m[0m:   	creating build/temp.linux-x86_64-3.11/ddnB/project/shpyang/shpyang
[1m[90m[DEBUG][39m[0m:   	creating build/temp.linux-x86_64-3.11/ddnB/project/shpyang/shpyang
[1m[90m[DEBUG][39m[0m:   	creating build/temp.linux-x86_64-3.11/ddnB/project/shpyang/shpyang/WL
[1m[90m[DEBUG][39m[0m:   	creating build/temp.linux-x86_64-3.11/ddnB/project/shpyang/shpyang/WL
[1m[90m[DEBUG][39m[0m:   	creating build/temp.linux-x86_64-3.11/ddnB/project/shpyang/shpyang
[1m[90m[DEBUG][39m[0m:   	creating build/temp.linux-x86_64-3.11/ddnB/project/shpyang/shpyang
[1m[90m[DEBUG][39m[0m:   	creating build/temp.linux-x86_64-3.11/ddnB/project/shpyang/shpyang/WL
[1m[90m[DEBUG][39m[0m:   	creating build/temp.linux-x86_64-3.11/ddnB/project/shpyang/shpyang/WL
[1m[90m[DEBUG][39m[0m:   	creating build/temp.linux-x86_64-3.11/ddnB/project/shpyang/shpyang/WL
[1m[90m[DEBUG][39m[0m:   	creating build/temp.linux-x86_64-3.11/ddnB/project/shpyang/shpyang/WL
[1m[90m[DEBUG][39m[0m:   	creating build/temp.linux-x86_64-3.11/ddnB/project/shpyang/shpyang/WL
[1m[90m[DEBUG][39m[0m:   	creating build/temp.linux-x86_64-3.11/ddnB/project/shpyang/shpyang/WL
[1m[90m[DEBUG][39m[0m:   	creating build/temp.linux-x86_64-3.11/ddnB/project/shpyang/shpyang/WL
[1m[90m[DEBUG][39m[0m:   	creating build/temp.linux-x86_64-3.11/ddnB/project/shpyang/shpyang
[1m[90m[DEBUG][39m[0m:   	creating build/temp.linux-x86_64-3.11/ddnB/project/shpyang/shpyang/WL
[1m[90m[DEBUG][39m[0m:   	creating build/temp.linux-x86_64-3.11/ddnB/project/shpyang/shpyang/WL
[1m[90m[DEBUG][39m[0m:   	creating build/temp.linux-x86_64-3.11/ddnB/project/shpyang/shpyang/WL
[1m[90m[DEBUG][39m[0m:   	creating build/temp.linux-x86_64-3.11/ddnB/project/shpyang/shpyang/WL
[1m[90m[DEBUG][39m[0m:   	creating build/temp.linux-x86_64-3.11/ddnB/project/shpyang/shpyang/WL
[1m[90m[DEBUG][39m[0m:   	creating build/temp.linux-x86_64-3.11/ddnB/project/shpyang
[1m[90m[DEBUG][39m[0m:   	creating build/temp.linux-x86_64-3.11/ddnB/project/shpyang/shpyang
[1m[90m[DEBUG][39m[0m:   	creating build/temp.linux-x86_64-3.11/ddnB/project/shpyang/shpyang/WL
[1m[90m[DEBUG][39m[0m:   	creating build/temp.linux-x86_64-3.11/ddnB/project/shpyang
[1m[90m[DEBUG][39m[0m:   	creating build/temp.linux-x86_64-3.11/ddnB/project/shpyang/shpyang/WL
[1m[90m[DEBUG][39m[0m:   	creating build/temp.linux-x86_64-3.11/ddnB/project/shpyang/shpyang/WL
[1m[90m[DEBUG][39m[0m:   	creating build/temp.linux-x86_64-3.11/ddnB/project/shpyang
[1m[90m[DEBUG][39m[0m:   	creating build/temp.linux-x86_64-3.11/ddnB/project/shpyang/shpyang
[1m[90m[DEBUG][39m[0m:   	creating build/temp.linux-x86_64-3.11/ddnB/project/shpyang
[1m[90m[DEBUG][39m[0m:   	creating build/temp.linux-x86_64-3.11/ddnB/project/shpyang/shpyang/WL
[1m[90m[DEBUG][39m[0m:   	creating build/temp.linux-x86_64-3.11/ddnB/project/shpyang/shpyang
[1m[90m[DEBUG][39m[0m:   	creating build/temp.linux-x86_64-3.11/ddnB/project/shpyang/shpyang/WL
[1m[90m[DEBUG][39m[0m:   	creating build/temp.linux-x86_64-3.11/ddnB/project/shpyang/shpyang/WL
[1m[90m[DEBUG][39m[0m:   	creating build/temp.linux-x86_64-3.11/ddnB/project/shpyang/shpyang/WL
[1m[90m[DEBUG][39m[0m:   	creating build/temp.linux-x86_64-3.11/ddnB/project/shpyang/shpyang/WL
[1m[90m[DEBUG][39m[0m:   	creating build/temp.linux-x86_64-3.11/ddnB/project/shpyang/shpyang/WL/engine
[1m[90m[DEBUG][39m[0m:   	creating build/temp.linux-x86_64-3.11/ddnB/project/shpyang/shpyang/WL/engine
[1m[90m[DEBUG][39m[0m:   	creating build/temp.linux-x86_64-3.11/ddnB/project/shpyang/shpyang/WL/engine
[1m[90m[DEBUG][39m[0m:   	creating build/temp.linux-x86_64-3.11/ddnB/project/shpyang/shpyang
[1m[90m[DEBUG][39m[0m:   	creating build/temp.linux-x86_64-3.11/ddnB/project/shpyang/shpyang/WL
[1m[90m[DEBUG][39m[0m:   	creating build/temp.linux-x86_64-3.11/ddnB/project/shpyang/shpyang
[1m[90m[DEBUG][39m[0m:   	creating build/temp.linux-x86_64-3.11/ddnB/project/shpyang/shpyang/WL
[1m[90m[DEBUG][39m[0m:   	creating build/temp.linux-x86_64-3.11/ddnB/project/shpyang/shpyang/WL/engine
[1m[90m[DEBUG][39m[0m:   	creating build/temp.linux-x86_64-3.11/ddnB/project/shpyang/shpyang/WL
[1m[90m[DEBUG][39m[0m:   	creating build/temp.linux-x86_64-3.11/ddnB/project/shpyang/shpyang
[1m[90m[DEBUG][39m[0m:   	creating build/temp.linux-x86_64-3.11/ddnB/project/shpyang/shpyang
[1m[90m[DEBUG][39m[0m:   	creating build/temp.linux-x86_64-3.11/ddnB/project/shpyang/shpyang/WL/engine
[1m[90m[DEBUG][39m[0m:   	creating build/temp.linux-x86_64-3.11/ddnB/project/shpyang/shpyang/WL/engine
[1m[90m[DEBUG][39m[0m:   	creating build/temp.linux-x86_64-3.11/ddnB/project/shpyang/shpyang/WL/engine
[1m[90m[DEBUG][39m[0m:   	creating build/temp.linux-x86_64-3.11/ddnB/project/shpyang/shpyang/WL/engine
[1m[90m[DEBUG][39m[0m:   	creating build/temp.linux-x86_64-3.11/ddnB/project/shpyang/shpyang/WL/engine
[1m[90m[DEBUG][39m[0m:   	creating build/temp.linux-x86_64-3.11/ddnB/project/shpyang/shpyang/WL/engine
[1m[90m[DEBUG][39m[0m:   	creating build/temp.linux-x86_64-3.11/ddnB/project/shpyang/shpyang/WL/engine
[1m[90m[DEBUG][39m[0m:   	creating build/temp.linux-x86_64-3.11/ddnB/project/shpyang/shpyang/WL/engine
[1m[90m[DEBUG][39m[0m:   	creating build/temp.linux-x86_64-3.11/ddnB/project/shpyang/shpyang/WL
[1m[90m[DEBUG][39m[0m:   	creating build/temp.linux-x86_64-3.11/ddnB/project/shpyang/shpyang/WL/engine
[1m[90m[DEBUG][39m[0m:   	creating build/temp.linux-x86_64-3.11/ddnB/project/shpyang/shpyang/WL/engine
[1m[90m[DEBUG][39m[0m:   	creating build/temp.linux-x86_64-3.11/ddnB/project/shpyang/shpyang/WL/engine
[1m[90m[DEBUG][39m[0m:   	creating build/temp.linux-x86_64-3.11/ddnB/project/shpyang/shpyang/WL/engine
[1m[90m[DEBUG][39m[0m:   	creating build/temp.linux-x86_64-3.11/ddnB/project/shpyang/shpyang/WL/engine
[1m[90m[DEBUG][39m[0m:   	creating build/temp.linux-x86_64-3.11/ddnB/project/shpyang
[1m[90m[DEBUG][39m[0m:   	creating build/temp.linux-x86_64-3.11/ddnB/project/shpyang/shpyang/WL/engine
[1m[90m[DEBUG][39m[0m:   	creating build/temp.linux-x86_64-3.11/ddnB/project/shpyang
[1m[90m[DEBUG][39m[0m:   	creating build/temp.linux-x86_64-3.11/ddnB/project/shpyang/shpyang/WL/engine
[1m[90m[DEBUG][39m[0m:   	creating build/temp.linux-x86_64-3.11/ddnB/project/shpyang/shpyang/WL/engine/.buildozer
[1m[90m[DEBUG][39m[0m:   	creating build/temp.linux-x86_64-3.11/ddnB/project/shpyang/shpyang/WL/engine/.buildozer
[1m[90m[DEBUG][39m[0m:   	creating build/temp.linux-x86_64-3.11/ddnB/project/shpyang/shpyang/WL/engine
[1m[90m[DEBUG][39m[0m:   	creating build/temp.linux-x86_64-3.11/ddnB/project/shpyang/shpyang/WL/engine/.buildozer
[1m[90m[DEBUG][39m[0m:   	creating build/temp.linux-x86_64-3.11/ddnB/project/shpyang/shpyang/WL/engine
[1m[90m[DEBUG][39m[0m:   	creating build/temp.linux-x86_64-3.11/ddnB/project/shpyang/shpyang/WL/engine/.buildozer
[1m[90m[DEBUG][39m[0m:   	creating build/temp.linux-x86_64-3.11/ddnB/project/shpyang/shpyang/WL/engine/.buildozer
[1m[90m[DEBUG][39m[0m:   	creating build/temp.linux-x86_64-3.11/ddnB/project/shpyang/shpyang
[1m[90m[DEBUG][39m[0m:   	creating build/temp.linux-x86_64-3.11/ddnB/project/shpyang/shpyang/WL/engine
[1m[90m[DEBUG][39m[0m:   	creating build/temp.linux-x86_64-3.11/ddnB/project/shpyang/shpyang/WL/engine/.buildozer
[1m[90m[DEBUG][39m[0m:   	creating build/temp.linux-x86_64-3.11/ddnB/project/shpyang/shpyang/WL/engine/.buildozer
[1m[90m[DEBUG][39m[0m:   	creating build/temp.linux-x86_64-3.11/ddnB/project/shpyang/shpyang/WL/engine/.buildozer
[1m[90m[DEBUG][39m[0m:   	creating build/temp.linux-x86_64-3.11/ddnB/project/shpyang/shpyang/WL
[1m[90m[DEBUG][39m[0m:   	creating build/temp.linux-x86_64-3.11/ddnB/project/shpyang/shpyang/WL/engine
[1m[90m[DEBUG][39m[0m:   	creating build/temp.linux-x86_64-3.11/ddnB/project/shpyang/shpyang/WL/engine
[1m[90m[DEBUG][39m[0m:   	creating build/temp.linux-x86_64-3.11/ddnB/project/shpyang/shpyang/WL
[1m[90m[DEBUG][39m[0m:   	creating build/temp.linux-x86_64-3.11/ddnB/project/shpyang/shpyang/WL
[1m[90m[DEBUG][39m[0m:   	creating build/temp.linux-x86_64-3.11/ddnB/project/shpyang/shpyang/WL/engine/.buildozer
[1m[90m[DEBUG][39m[0m:   	creating build/temp.linux-x86_64-3.11/ddnB/project/shpyang/shpyang/WL/engine
[1m[90m[DEBUG][39m[0m:   	creating build/temp.linux-x86_64-3.11/ddnB/project/shpyang/shpyang/WL/engine/.buildozer
[1m[90m[DEBUG][39m[0m:   	creating build/temp.linux-x86_64-3.11/ddnB/project/shpyang/shpyang/WL
[1m[90m[DEBUG][39m[0m:   	creating build/temp.linux-x86_64-3.11/ddnB/project/shpyang
[1m[90m[DEBUG][39m[0m:   	creating build/temp.linux-x86_64-3.11/ddnB/project/shpyang/shpyang/WL/engine/.buildozer
[1m[90m[DEBUG][39m[0m:   	creating build/temp.linux-x86_64-3.11/ddnB/project/shpyang/shpyang/WL
[1m[90m[DEBUG][39m[0m:   	creating build/temp.linux-x86_64-3.11/ddnB/project/shpyang/shpyang/WL/engine/.buildozer
[1m[90m[DEBUG][39m[0m:   	creating build/temp.linux-x86_64-3.11/ddnB/project/shpyang/shpyang/WL/engine
[1m[90m[DEBUG][39m[0m:   	creating build/temp.linux-x86_64-3.11/ddnB/project/shpyang/shpyang/WL/engine
[1m[90m[DEBUG][39m[0m:   	creating build/temp.linux-x86_64-3.11/ddnB/project/shpyang/shpyang/WL/engine
[1m[90m[DEBUG][39m[0m:   	creating build/temp.linux-x86_64-3.11/ddnB/project/shpyang/shpyang/WL/engine/.buildozer
[1m[90m[DEBUG][39m[0m:   	creating build/temp.linux-x86_64-3.11/ddnB/project/shpyang/shpyang/WL
[1m[90m[DEBUG][39m[0m:   	creating build/temp.linux-x86_64-3.11/ddnB/project/shpyang/shpyang/WL/engine/.buildozer
[1m[90m[DEBUG][39m[0m:   	creating build/temp.linux-x86_64-3.11/ddnB/project/shpyang/shpyang/WL
[1m[90m[DEBUG][39m[0m:   	creating build/temp.linux-x86_64-3.11/ddnB/project/shpyang/shpyang/WL/engine/.buildozer
[1m[90m[DEBUG][39m[0m:   	creating build/temp.linux-x86_64-3.11/ddnB/project/shpyang/shpyang/WL/engine/.buildozer/android
[1m[90m[DEBUG][39m[0m:   	creating build/temp.linux-x86_64-3.11/ddnB/project/shpyang/shpyang/WL/engine/.buildozer
[1m[90m[DEBUG][39m[0m:   	creating build/temp.linux-x86_64-3.11/ddnB/project/shpyang/shpyang/WL/engine/.buildozer
[1m[90m[DEBUG][39m[0m:   	creating build/temp.linux-x86_64-3.11/ddnB/project/shpyang/shpyang
[1m[90m[DEBUG][39m[0m:   	creating build/temp.linux-x86_64-3.11/ddnB/project/shpyang/shpyang/WL/engine/.buildozer
[1m[90m[DEBUG][39m[0m:   	creating build/temp.linux-x86_64-3.11/ddnB/project/shpyang/shpyang/WL/engine/.buildozer/android
[1m[90m[DEBUG][39m[0m:   	creating build/temp.linux-x86_64-3.11/ddnB/project/shpyang/shpyang/WL/engine/.buildozer/android
[1m[90m[DEBUG][39m[0m:   	creating build/temp.linux-x86_64-3.11/ddnB/project/shpyang/shpyang/WL/engine/.buildozer/android
[1m[90m[DEBUG][39m[0m:   	creating build/temp.linux-x86_64-3.11/ddnB/project/shpyang
[1m[90m[DEBUG][39m[0m:   	creating build/temp.linux-x86_64-3.11/ddnB/project/shpyang/shpyang/WL/engine/.buildozer/android
[1m[90m[DEBUG][39m[0m:   	creating build/temp.linux-x86_64-3.11/ddnB/project/shpyang/shpyang/WL/engine/.buildozer/android
[1m[90m[DEBUG][39m[0m:   	creating build/temp.linux-x86_64-3.11/ddnB/project/shpyang/shpyang/WL/engine/.buildozer/android
[1m[90m[DEBUG][39m[0m:   	creating build/temp.linux-x86_64-3.11/ddnB/project/shpyang/shpyang/WL/engine/.buildozer
[1m[90m[DEBUG][39m[0m:   	creating build/temp.linux-x86_64-3.11/ddnB/project/shpyang/shpyang/WL/engine/.buildozer
[1m[90m[DEBUG][39m[0m:   	creating build/temp.linux-x86_64-3.11/ddnB/project/shpyang/shpyang/WL/engine/.buildozer/android
[1m[90m[DEBUG][39m[0m:   	creating build/temp.linux-x86_64-3.11/ddnB/project/shpyang/shpyang/WL/engine/.buildozer/android
[1m[90m[DEBUG][39m[0m:   	creating build/temp.linux-x86_64-3.11/ddnB/project/shpyang/shpyang/WL/engine/.buildozer/android
[1m[90m[DEBUG][39m[0m:   	creating build/temp.linux-x86_64-3.11/ddnB/project/shpyang/shpyang/WL/engine/.buildozer/android
[1m[90m[DEBUG][39m[0m:   	creating build/temp.linux-x86_64-3.11/ddnB/project/shpyang/shpyang/WL/engine/.buildozer/android
[1m[90m[DEBUG][39m[0m:   	creating build/temp.linux-x86_64-3.11/ddnB/project/shpyang/shpyang/WL/engine/.buildozer
[1m[90m[DEBUG][39m[0m:   	creating build/temp.linux-x86_64-3.11/ddnB/project/shpyang/shpyang/WL/engine/.buildozer/android
[1m[90m[DEBUG][39m[0m:   	creating build/temp.linux-x86_64-3.11/ddnB/project/shpyang/shpyang/WL/engine/.buildozer/android
[1m[90m[DEBUG][39m[0m:   	creating build/temp.linux-x86_64-3.11/ddnB/project/shpyang/shpyang/WL/engine/.buildozer/android
[1m[90m[DEBUG][39m[0m:   	creating build/temp.linux-x86_64-3.11/ddnB/project/shpyang/shpyang/WL
[1m[90m[DEBUG][39m[0m:   	creating build/temp.linux-x86_64-3.11/ddnB/project/shpyang/shpyang/WL/engine/.buildozer
[1m[90m[DEBUG][39m[0m:   	creating build/temp.linux-x86_64-3.11/ddnB/project/shpyang/shpyang/WL/engine/.buildozer/android
[1m[90m[DEBUG][39m[0m:   	creating build/temp.linux-x86_64-3.11/ddnB/project/shpyang/shpyang/WL/engine/.buildozer/android
[1m[90m[DEBUG][39m[0m:   	creating build/temp.linux-x86_64-3.11/ddnB/project/shpyang/shpyang/WL/engine/.buildozer/android
[1m[90m[DEBUG][39m[0m:   	creating build/temp.linux-x86_64-3.11/ddnB/project/shpyang/shpyang/WL/engine/.buildozer/android
[1m[90m[DEBUG][39m[0m:   	creating build/temp.linux-x86_64-3.11/ddnB/project/shpyang/shpyang/WL/engine/.buildozer/android/platform
[1m[90m[DEBUG][39m[0m:   	creating build/temp.linux-x86_64-3.11/ddnB/project/shpyang/shpyang/WL/engine/.buildozer/android
[1m[90m[DEBUG][39m[0m:   	creating build/temp.linux-x86_64-3.11/ddnB/project/shpyang/shpyang/WL/engine/.buildozer/android
[1m[90m[DEBUG][39m[0m:   	creating build/temp.linux-x86_64-3.11/ddnB/project/shpyang/shpyang/WL/engine/.buildozer/android
[1m[90m[DEBUG][39m[0m:   	creating build/temp.linux-x86_64-3.11/ddnB/project/shpyang/shpyang/WL/engine/.buildozer
[1m[90m[DEBUG][39m[0m:   	creating build/temp.linux-x86_64-3.11/ddnB/project/shpyang/shpyang/WL/engine/.buildozer
[1m[90m[DEBUG][39m[0m:   	creating build/temp.linux-x86_64-3.11/ddnB/project/shpyang/shpyang/WL/engine/.buildozer/android
[1m[90m[DEBUG][39m[0m:   	creating build/temp.linux-x86_64-3.11/ddnB/project/shpyang/shpyang/WL/engine/.buildozer/android/platform
[1m[90m[DEBUG][39m[0m:   	creating build/temp.linux-x86_64-3.11/ddnB/project/shpyang/shpyang/WL/engine/.buildozer/android
[1m[90m[DEBUG][39m[0m:   	creating build/temp.linux-x86_64-3.11/ddnB/project/shpyang/shpyang/WL/engine/.buildozer
[1m[90m[DEBUG][39m[0m:   	creating build/temp.linux-x86_64-3.11/ddnB/project/shpyang/shpyang/WL/engine/.buildozer/android
[1m[90m[DEBUG][39m[0m:   	creating build/temp.linux-x86_64-3.11/ddnB/project/shpyang/shpyang/WL/engine/.buildozer
[1m[90m[DEBUG][39m[0m:   	creating build/temp.linux-x86_64-3.11/ddnB/project/shpyang/shpyang/WL/engine/.buildozer/android/platform
[1m[90m[DEBUG][39m[0m:   	creating build/temp.linux-x86_64-3.11/ddnB/project/shpyang/shpyang/WL/engine/.buildozer/android
[1m[90m[DEBUG][39m[0m:   	creating build/temp.linux-x86_64-3.11/ddnB/project/shpyang/shpyang/WL/engine/.buildozer/android
[1m[90m[DEBUG][39m[0m:   	creating build/temp.linux-x86_64-3.11/ddnB/project/shpyang/shpyang/WL/engine/.buildozer/android
[1m[90m[DEBUG][39m[0m:   	creating build/temp.linux-x86_64-3.11/ddnB/project/shpyang/shpyang/WL/engine/.buildozer/android/platform
[1m[90m[DEBUG][39m[0m:   	creating build/temp.linux-x86_64-3.11/ddnB/project/shpyang/shpyang/WL/engine/.buildozer/android/platform
[1m[90m[DEBUG][39m[0m:   	creating build/temp.linux-x86_64-3.11/ddnB/project/shpyang/shpyang/WL/engine/.buildozer/android/platform
[1m[90m[DEBUG][39m[0m:   	creating build/temp.linux-x86_64-3.11/ddnB/project/shpyang/shpyang/WL/engine/.buildozer/android/platform/build-arm64-v8a
[1m[90m[DEBUG][39m[0m:   	creating build/temp.linux-x86_64-3.11/ddnB/project/shpyang/shpyang/WL/engine/.buildozer/android
[1m[90m[DEBUG][39m[0m:   	creating build/temp.linux-x86_64-3.11/ddnB/project/shpyang/shpyang/WL/engine/.buildozer/android/platform/build-arm64-v8a
[1m[90m[DEBUG][39m[0m:   	creating build/temp.linux-x86_64-3.11/ddnB/project/shpyang/shpyang/WL/engine/.buildozer/android/platform/build-arm64-v8a
[1m[90m[DEBUG][39m[0m:   	creating build/temp.linux-x86_64-3.11/ddnB/project/shpyang/shpyang/WL/engine/.buildozer/android/platform/build-arm64-v8a
[1m[90m[DEBUG][39m[0m:   	creating build/temp.linux-x86_64-3.11/ddnB/project/shpyang/shpyang/WL/engine/.buildozer/android/platform
[1m[90m[DEBUG][39m[0m:   	creating build/temp.linux-x86_64-3.11/ddnB/project/shpyang/shpyang/WL/engine/.buildozer/android
[1m[90m[DEBUG][39m[0m:   	creating build/temp.linux-x86_64-3.11/ddnB/project/shpyang/shpyang/WL/engine/.buildozer/android/platform
[1m[90m[DEBUG][39m[0m:   	creating build/temp.linux-x86_64-3.11/ddnB/project/shpyang/shpyang/WL/engine/.buildozer/android/platform
[1m[90m[DEBUG][39m[0m:   	creating build/temp.linux-x86_64-3.11/ddnB/project/shpyang/shpyang/WL/engine/.buildozer/android/platform
[1m[90m[DEBUG][39m[0m:   	creating build/temp.linux-x86_64-3.11/ddnB/project/shpyang/shpyang/WL/engine/.buildozer/android/platform/build-arm64-v8a
[1m[90m[DEBUG][39m[0m:   	creating build/temp.linux-x86_64-3.11/ddnB/project/shpyang/shpyang/WL/engine/.buildozer/android/platform/build-arm64-v8a
[1m[90m[DEBUG][39m[0m:   	creating build/temp.linux-x86_64-3.11/ddnB/project/shpyang/shpyang/WL/engine/.buildozer/android/platform/build-arm64-v8a
[1m[90m[DEBUG][39m[0m:   	creating build/temp.linux-x86_64-3.11/ddnB/project/shpyang/shpyang/WL/engine/.buildozer/android/platform/build-arm64-v8a
[1m[90m[DEBUG][39m[0m:   	creating build/temp.linux-x86_64-3.11/ddnB/project/shpyang/shpyang/WL/engine/.buildozer/android/platform/build-arm64-v8a
[1m[90m[DEBUG][39m[0m:   	creating build/temp.linux-x86_64-3.11/ddnB/project/shpyang/shpyang/WL/engine/.buildozer/android/platform
[1m[90m[DEBUG][39m[0m:   	creating build/temp.linux-x86_64-3.11/ddnB/project/shpyang/shpyang/WL/engine/.buildozer/android/platform
[1m[90m[DEBUG][39m[0m:   	creating build/temp.linux-x86_64-3.11/ddnB/project/shpyang/shpyang/WL/engine/.buildozer/android/platform/build-arm64-v8a
[1m[90m[DEBUG][39m[0m:   	creating build/temp.linux-x86_64-3.11/ddnB/project/shpyang/shpyang/WL/engine/.buildozer/android
[1m[90m[DEBUG][39m[0m:   	creating build/temp.linux-x86_64-3.11/ddnB/project/shpyang/shpyang/WL/engine/.buildozer/android/platform/build-arm64-v8a
[1m[90m[DEBUG][39m[0m:   	creating build/temp.linux-x86_64-3.11/ddnB/project/shpyang/shpyang/WL/engine/.buildozer/android/platform
[1m[90m[DEBUG][39m[0m:   	creating build/temp.linux-x86_64-3.11/ddnB/project/shpyang/shpyang/WL/engine/.buildozer/android/platform/build-arm64-v8a
[1m[90m[DEBUG][39m[0m:   	creating build/temp.linux-x86_64-3.11/ddnB/project/shpyang/shpyang/WL/engine/.buildozer/android/platform/build-arm64-v8a
[1m[90m[DEBUG][39m[0m:   	creating build/temp.linux-x86_64-3.11/ddnB/project/shpyang/shpyang/WL/engine/.buildozer/android/platform/build-arm64-v8a
[1m[90m[DEBUG][39m[0m:   	creating build/temp.linux-x86_64-3.11/ddnB/project/shpyang/shpyang/WL/engine/.buildozer/android/platform/build-arm64-v8a
[1m[90m[DEBUG][39m[0m:   	creating build/temp.linux-x86_64-3.11/ddnB/project/shpyang/shpyang/WL/engine/.buildozer/android/platform/build-arm64-v8a
[1m[90m[DEBUG][39m[0m:   	creating build/temp.linux-x86_64-3.11/ddnB/project/shpyang/shpyang/WL/engine/.buildozer/android/platform/build-arm64-v8a
[1m[90m[DEBUG][39m[0m:   	creating build/temp.linux-x86_64-3.11/ddnB/project/shpyang/shpyang/WL/engine/.buildozer/android/platform/build-arm64-v8a
[1m[90m[DEBUG][39m[0m:   	creating build/temp.linux-x86_64-3.11/ddnB/project/shpyang/shpyang/WL/engine/.buildozer/android/platform
[1m[90m[DEBUG][39m[0m:   	creating build/temp.linux-x86_64-3.11/ddnB/project/shpyang/shpyang/WL/engine/.buildozer/android/platform/build-arm64-v8a
[1m[90m[DEBUG][39m[0m:   	creating build/temp.linux-x86_64-3.11/ddnB/project/shpyang/shpyang/WL/engine/.buildozer/android/platform/build-arm64-v8a
[1m[90m[DEBUG][39m[0m:   	creating build/temp.linux-x86_64-3.11/ddnB/project/shpyang/shpyang/WL/engine/.buildozer/android/platform/build-arm64-v8a
[1m[90m[DEBUG][39m[0m:   	creating build/temp.linux-x86_64-3.11/ddnB/project/shpyang/shpyang/WL/engine/.buildozer/android/platform/build-arm64-v8a
[1m[90m[DEBUG][39m[0m:   	creating build/temp.linux-x86_64-3.11/ddnB/project/shpyang/shpyang/WL/engine/.buildozer/android/platform/build-arm64-v8a
[1m[90m[DEBUG][39m[0m:   	creating build/temp.linux-x86_64-3.11/ddnB/project/shpyang/shpyang/WL/engine/.buildozer/android/platform/build-arm64-v8a/build
[1m[90m[DEBUG][39m[0m:   	creating build/temp.linux-x86_64-3.11/ddnB/project/shpyang/shpyang/WL/engine/.buildozer/android/platform/build-arm64-v8a
[1m[90m[DEBUG][39m[0m:   	creating build/temp.linux-x86_64-3.11/ddnB/project/shpyang/shpyang/WL/engine/.buildozer/android/platform
[1m[90m[DEBUG][39m[0m:   	creating build/temp.linux-x86_64-3.11/ddnB/project/shpyang/shpyang/WL/engine/.buildozer/android
[1m[90m[DEBUG][39m[0m:   	creating build/temp.linux-x86_64-3.11/ddnB/project/shpyang/shpyang/WL/engine/.buildozer/android/platform/build-arm64-v8a
[1m[90m[DEBUG][39m[0m:   	creating build/temp.linux-x86_64-3.11/ddnB/project/shpyang/shpyang/WL/engine/.buildozer/android/platform
[1m[90m[DEBUG][39m[0m:   	creating build/temp.linux-x86_64-3.11/ddnB/project/shpyang/shpyang/WL/engine/.buildozer/android/platform/build-arm64-v8a/build
[1m[90m[DEBUG][39m[0m:   	creating build/temp.linux-x86_64-3.11/ddnB/project/shpyang/shpyang/WL/engine/.buildozer/android/platform/build-arm64-v8a/build
[1m[90m[DEBUG][39m[0m:   	creating build/temp.linux-x86_64-3.11/ddnB/project/shpyang/shpyang/WL/engine/.buildozer/android/platform/build-arm64-v8a/build
[1m[90m[DEBUG][39m[0m:   	creating build/temp.linux-x86_64-3.11/ddnB/project/shpyang/shpyang/WL/engine/.buildozer/android/platform/build-arm64-v8a/build
[1m[90m[DEBUG][39m[0m:   	creating build/temp.linux-x86_64-3.11/ddnB/project/shpyang/shpyang/WL/engine/.buildozer/android/platform/build-arm64-v8a/build
[1m[90m[DEBUG][39m[0m:   	creating build/temp.linux-x86_64-3.11/ddnB/project/shpyang/shpyang/WL/engine/.buildozer/android/platform/build-arm64-v8a/build
[1m[90m[DEBUG][39m[0m:   	creating build/temp.linux-x86_64-3.11/ddnB/project/shpyang/shpyang/WL/engine/.buildozer/android/platform/build-arm64-v8a
[1m[90m[DEBUG][39m[0m:   	creating build/temp.linux-x86_64-3.11/ddnB/project/shpyang/shpyang/WL/engine/.buildozer/android/platform/build-arm64-v8a
[1m[90m[DEBUG][39m[0m:   	creating build/temp.linux-x86_64-3.11/ddnB/project/shpyang/shpyang/WL/engine/.buildozer/android/platform/build-arm64-v8a/build
[1m[90m[DEBUG][39m[0m:   	creating build/temp.linux-x86_64-3.11/ddnB/project/shpyang/shpyang/WL/engine/.buildozer/android/platform/build-arm64-v8a/build
[1m[90m[DEBUG][39m[0m:   	creating build/temp.linux-x86_64-3.11/ddnB/project/shpyang/shpyang/WL/engine/.buildozer/android/platform/build-arm64-v8a
[1m[90m[DEBUG][39m[0m:   	creating build/temp.linux-x86_64-3.11/ddnB/project/shpyang/shpyang/WL/engine/.buildozer/android/platform
[1m[90m[DEBUG][39m[0m:   	creating build/temp.linux-x86_64-3.11/ddnB/project/shpyang/shpyang/WL/engine/.buildozer/android/platform/build-arm64-v8a
[1m[90m[DEBUG][39m[0m:   	creating build/temp.linux-x86_64-3.11/ddnB/project/shpyang/shpyang/WL/engine/.buildozer/android/platform/build-arm64-v8a/build
[1m[90m[DEBUG][39m[0m:   	creating build/temp.linux-x86_64-3.11/ddnB/project/shpyang/shpyang/WL/engine/.buildozer/android/platform/build-arm64-v8a
[1m[90m[DEBUG][39m[0m:   	creating build/temp.linux-x86_64-3.11/ddnB/project/shpyang/shpyang/WL/engine/.buildozer/android
[1m[90m[DEBUG][39m[0m:   	creating build/temp.linux-x86_64-3.11/ddnB/project/shpyang/shpyang/WL/engine/.buildozer/android/platform/build-arm64-v8a/build
[1m[90m[DEBUG][39m[0m:   	creating build/temp.linux-x86_64-3.11/ddnB/project/shpyang/shpyang/WL/engine/.buildozer/android/platform/build-arm64-v8a
[1m[90m[DEBUG][39m[0m:   	creating build/temp.linux-x86_64-3.11/ddnB/project/shpyang/shpyang/WL/engine/.buildozer/android/platform
[1m[90m[DEBUG][39m[0m:   	creating build/temp.linux-x86_64-3.11/ddnB/project/shpyang/shpyang/WL/engine/.buildozer/android/platform/build-arm64-v8a/build
[1m[90m[DEBUG][39m[0m:   	creating build/temp.linux-x86_64-3.11/ddnB/project/shpyang/shpyang/WL/engine/.buildozer/android/platform/build-arm64-v8a/build
[1m[90m[DEBUG][39m[0m:   	creating build/temp.linux-x86_64-3.11/ddnB/project/shpyang/shpyang/WL/engine/.buildozer/android/platform/build-arm64-v8a/build
[1m[90m[DEBUG][39m[0m:   	creating build/temp.linux-x86_64-3.11/ddnB/project/shpyang/shpyang/WL/engine/.buildozer/android/platform/build-arm64-v8a
[1m[90m[DEBUG][39m[0m:   	creating build/temp.linux-x86_64-3.11/ddnB/project/shpyang/shpyang/WL/engine/.buildozer/android/platform/build-arm64-v8a/build
[1m[90m[DEBUG][39m[0m:   	creating build/temp.linux-x86_64-3.11/ddnB/project/shpyang/shpyang/WL/engine/.buildozer/android/platform/build-arm64-v8a
[1m[90m[DEBUG][39m[0m:   	creating build/temp.linux-x86_64-3.11/ddnB/project/shpyang/shpyang/WL/engine/.buildozer/android/platform/build-arm64-v8a/build
[1m[90m[DEBUG][39m[0m:   	creating build/temp.linux-x86_64-3.11/ddnB/project/shpyang/shpyang/WL/engine/.buildozer/android/platform/build-arm64-v8a/build
[1m[90m[DEBUG][39m[0m:   	creating build/temp.linux-x86_64-3.11/ddnB/project/shpyang/shpyang/WL/engine/.buildozer/android/platform/build-arm64-v8a
[1m[90m[DEBUG][39m[0m:   	creating build/temp.linux-x86_64-3.11/ddnB/project/shpyang/shpyang/WL/engine/.buildozer/android/platform/build-arm64-v8a/build
[1m[90m[DEBUG][39m[0m:   	creating build/temp.linux-x86_64-3.11/ddnB/project/shpyang/shpyang/WL/engine/.buildozer
[1m[90m[DEBUG][39m[0m:   	creating build/temp.linux-x86_64-3.11/ddnB/project/shpyang/shpyang/WL/engine/.buildozer/android/platform/build-arm64-v8a/build/other_builds
[1m[90m[DEBUG][39m[0m:   	creating build/temp.linux-x86_64-3.11/ddnB/project/shpyang/shpyang/WL/engine/.buildozer/android/platform/build-arm64-v8a/build/other_builds
[1m[90m[DEBUG][39m[0m:   	creating build/temp.linux-x86_64-3.11/ddnB/project/shpyang/shpyang/WL/engine/.buildozer/android/platform/build-arm64-v8a/build/other_builds
[1m[90m[DEBUG][39m[0m:   	creating build/temp.linux-x86_64-3.11/ddnB/project/shpyang/shpyang/WL/engine/.buildozer/android/platform/build-arm64-v8a/build
[1m[90m[DEBUG][39m[0m:   	creating build/temp.linux-x86_64-3.11/ddnB/project/shpyang/shpyang/WL/engine/.buildozer/android/platform/build-arm64-v8a/build
[1m[90m[DEBUG][39m[0m:   	creating build/temp.linux-x86_64-3.11/ddnB/project/shpyang/shpyang/WL/engine/.buildozer/android/platform/build-arm64-v8a/build
[1m[90m[DEBUG][39m[0m:   	creating build/temp.linux-x86_64-3.11/ddnB/project/shpyang/shpyang/WL/engine/.buildozer/android/platform/build-arm64-v8a/build/other_builds
[1m[90m[DEBUG][39m[0m:   	creating build/temp.linux-x86_64-3.11/ddnB/project/shpyang/shpyang/WL/engine/.buildozer/android/platform/build-arm64-v8a/build
[1m[90m[DEBUG][39m[0m:   	creating build/temp.linux-x86_64-3.11/ddnB/project/shpyang/shpyang/WL/engine/.buildozer/android/platform/build-arm64-v8a/build
[1m[90m[DEBUG][39m[0m:   	creating build/temp.linux-x86_64-3.11/ddnB/project/shpyang/shpyang/WL/engine/.buildozer/android/platform/build-arm64-v8a/build
[1m[90m[DEBUG][39m[0m:   	creating build/temp.linux-x86_64-3.11/ddnB/project/shpyang/shpyang/WL/engine/.buildozer/android/platform/build-arm64-v8a/build
[1m[90m[DEBUG][39m[0m:   	creating build/temp.linux-x86_64-3.11/ddnB/project/shpyang/shpyang/WL/engine/.buildozer/android/platform/build-arm64-v8a/build
[1m[90m[DEBUG][39m[0m:   	creating build/temp.linux-x86_64-3.11/ddnB/project/shpyang/shpyang/WL/engine/.buildozer/android/platform/build-arm64-v8a/build/other_builds
[1m[90m[DEBUG][39m[0m:   	creating build/temp.linux-x86_64-3.11/ddnB/project/shpyang/shpyang/WL/engine/.buildozer/android/platform/build-arm64-v8a/build/other_builds
[1m[90m[DEBUG][39m[0m:   	creating build/temp.linux-x86_64-3.11/ddnB/project/shpyang/shpyang/WL/engine/.buildozer/android/platform/build-arm64-v8a/build/other_builds
[1m[90m[DEBUG][39m[0m:   	creating build/temp.linux-x86_64-3.11/ddnB/project/shpyang/shpyang/WL/engine/.buildozer/android/platform/build-arm64-v8a/build/other_builds
[1m[90m[DEBUG][39m[0m:   	creating build/temp.linux-x86_64-3.11/ddnB/project/shpyang/shpyang/WL/engine/.buildozer/android/platform/build-arm64-v8a/build/other_builds
[1m[90m[DEBUG][39m[0m:   	creating build/temp.linux-x86_64-3.11/ddnB/project/shpyang/shpyang/WL/engine/.buildozer/android/platform/build-arm64-v8a/build/other_builds
[1m[90m[DEBUG][39m[0m:   	creating build/temp.linux-x86_64-3.11/ddnB/project/shpyang/shpyang/WL/engine/.buildozer/android/platform/build-arm64-v8a/build/other_builds
[1m[90m[DEBUG][39m[0m:   	creating build/temp.linux-x86_64-3.11/ddnB/project/shpyang/shpyang/WL/engine/.buildozer/android/platform/build-arm64-v8a/build/other_builds
[1m[90m[DEBUG][39m[0m:   	creating build/temp.linux-x86_64-3.11/ddnB/project/shpyang/shpyang/WL/engine/.buildozer/android/platform/build-arm64-v8a/build/other_builds
[1m[90m[DEBUG][39m[0m:   	creating build/temp.linux-x86_64-3.11/ddnB/project/shpyang/shpyang/WL/engine/.buildozer/android
[1m[90m[DEBUG][39m[0m:   	creating build/temp.linux-x86_64-3.11/ddnB/project/shpyang/shpyang/WL/engine/.buildozer/android/platform/build-arm64-v8a/build/other_builds
[1m[90m[DEBUG][39m[0m:   	creating build/temp.linux-x86_64-3.11/ddnB/project/shpyang/shpyang/WL/engine/.buildozer/android/platform/build-arm64-v8a/build
[1m[90m[DEBUG][39m[0m:   	creating build/temp.linux-x86_64-3.11/ddnB/project/shpyang/shpyang/WL/engine/.buildozer/android/platform/build-arm64-v8a/build/other_builds
[1m[90m[DEBUG][39m[0m:   	creating build/temp.linux-x86_64-3.11/ddnB/project/shpyang/shpyang/WL/engine/.buildozer/android/platform/build-arm64-v8a/build
[1m[90m[DEBUG][39m[0m:   	creating build/temp.linux-x86_64-3.11/ddnB/project/shpyang/shpyang/WL/engine/.buildozer/android/platform/build-arm64-v8a/build/other_builds
[1m[90m[DEBUG][39m[0m:   	creating build/temp.linux-x86_64-3.11/ddnB/project/shpyang/shpyang/WL/engine/.buildozer/android/platform/build-arm64-v8a/build
[1m[90m[DEBUG][39m[0m:   	creating build/temp.linux-x86_64-3.11/ddnB/project/shpyang/shpyang/WL/engine/.buildozer/android/platform/build-arm64-v8a/build/other_builds
[1m[90m[DEBUG][39m[0m:   	creating build/temp.linux-x86_64-3.11/ddnB/project/shpyang/shpyang/WL/engine/.buildozer/android/platform/build-arm64-v8a/build
[1m[90m[DEBUG][39m[0m:   	creating build/temp.linux-x86_64-3.11/ddnB/project/shpyang/shpyang/WL/engine/.buildozer/android/platform/build-arm64-v8a/build/other_builds/hostpython3
[1m[90m[DEBUG][39m[0m:   	creating build/temp.linux-x86_64-3.11/ddnB/project/shpyang/shpyang/WL/engine/.buildozer/android/platform/build-arm64-v8a/build/other_builds/hostpython3
[1m[90m[DEBUG][39m[0m:   	creating build/temp.linux-x86_64-3.11/ddnB/project/shpyang/shpyang/WL/engine/.buildozer/android/platform/build-arm64-v8a/build/other_builds
[1m[90m[DEBUG][39m[0m:   	creating build/temp.linux-x86_64-3.11/ddnB/project/shpyang/shpyang/WL/engine/.buildozer/android/platform/build-arm64-v8a/build/other_builds/hostpython3
[1m[90m[DEBUG][39m[0m:   	creating build/temp.linux-x86_64-3.11/ddnB/project/shpyang/shpyang/WL/engine/.buildozer/android/platform/build-arm64-v8a/build/other_builds/hostpython3
[1m[90m[DEBUG][39m[0m:   	creating build/temp.linux-x86_64-3.11/ddnB/project/shpyang/shpyang/WL/engine/.buildozer/android/platform/build-arm64-v8a/build/other_builds/hostpython3
[1m[90m[DEBUG][39m[0m:   	creating build/temp.linux-x86_64-3.11/ddnB/project/shpyang/shpyang/WL/engine/.buildozer/android/platform/build-arm64-v8a/build/other_builds/hostpython3
[1m[90m[DEBUG][39m[0m:   	creating build/temp.linux-x86_64-3.11/ddnB/project/shpyang/shpyang/WL/engine/.buildozer/android/platform/build-arm64-v8a/build/other_builds
[1m[90m[DEBUG][39m[0m:   	creating build/temp.linux-x86_64-3.11/ddnB/project/shpyang/shpyang/WL/engine/.buildozer/android/platform/build-arm64-v8a/build/other_builds
[1m[90m[DEBUG][39m[0m:   	creating build/temp.linux-x86_64-3.11/ddnB/project/shpyang/shpyang/WL/engine/.buildozer/android/platform/build-arm64-v8a/build/other_builds/hostpython3
[1m[90m[DEBUG][39m[0m:   	creating build/temp.linux-x86_64-3.11/ddnB/project/shpyang/shpyang/WL/engine/.buildozer/android/platform/build-arm64-v8a/build/other_builds
[1m[90m[DEBUG][39m[0m:   	creating build/temp.linux-x86_64-3.11/ddnB/project/shpyang/shpyang/WL/engine/.buildozer/android/platform/build-arm64-v8a/build/other_builds
[1m[90m[DEBUG][39m[0m:   	creating build/temp.linux-x86_64-3.11/ddnB/project/shpyang/shpyang/WL/engine/.buildozer/android/platform/build-arm64-v8a/build/other_builds/hostpython3
[1m[90m[DEBUG][39m[0m:   	creating build/temp.linux-x86_64-3.11/ddnB/project/shpyang/shpyang/WL/engine/.buildozer/android/platform/build-arm64-v8a/build/other_builds/hostpython3
[1m[90m[DEBUG][39m[0m:   	creating build/temp.linux-x86_64-3.11/ddnB/project/shpyang/shpyang/WL/engine/.buildozer/android/platform/build-arm64-v8a/build
[1m[90m[DEBUG][39m[0m:   	creating build/temp.linux-x86_64-3.11/ddnB/project/shpyang/shpyang/WL/engine/.buildozer/android/platform/build-arm64-v8a/build/other_builds/hostpython3
[1m[90m[DEBUG][39m[0m:   	creating build/temp.linux-x86_64-3.11/ddnB/project/shpyang/shpyang/WL/engine/.buildozer
[1m[90m[DEBUG][39m[0m:   	creating build/temp.linux-x86_64-3.11/ddnB/project/shpyang/shpyang/WL/engine/.buildozer/android/platform/build-arm64-v8a/build/other_builds/hostpython3
[1m[90m[DEBUG][39m[0m:   	creating build/temp.linux-x86_64-3.11/ddnB/project/shpyang/shpyang/WL/engine/.buildozer/android/platform/build-arm64-v8a/build/other_builds
[1m[90m[DEBUG][39m[0m:   	creating build/temp.linux-x86_64-3.11/ddnB/project/shpyang/shpyang/WL/engine/.buildozer/android/platform/build-arm64-v8a/build/other_builds/hostpython3
[1m[90m[DEBUG][39m[0m:   	creating build/temp.linux-x86_64-3.11/ddnB/project/shpyang/shpyang/WL/engine/.buildozer/android/platform/build-arm64-v8a/build/other_builds
[1m[90m[DEBUG][39m[0m:   	creating build/temp.linux-x86_64-3.11/ddnB/project/shpyang/shpyang/WL/engine/.buildozer/android/platform/build-arm64-v8a/build/other_builds/hostpython3
[1m[90m[DEBUG][39m[0m:   	creating build/temp.linux-x86_64-3.11/ddnB/project/shpyang/shpyang/WL/engine/.buildozer/android/platform/build-arm64-v8a/build/other_builds/hostpython3
[1m[90m[DEBUG][39m[0m:   	creating build/temp.linux-x86_64-3.11/ddnB/project/shpyang/shpyang/WL/engine/.buildozer/android/platform/build-arm64-v8a/build/other_builds/hostpython3
[1m[90m[DEBUG][39m[0m:   	creating build/temp.linux-x86_64-3.11/ddnB/project/shpyang/shpyang/WL/engine/.buildozer/android/platform/build-arm64-v8a/build/other_builds
[1m[90m[DEBUG][39m[0m:   	creating build/temp.linux-x86_64-3.11/ddnB/project/shpyang/shpyang/WL/engine/.buildozer/android/platform/build-arm64-v8a/build/other_builds/hostpython3
[1m[90m[DEBUG][39m[0m:   	creating build/temp.linux-x86_64-3.11/ddnB/project/shpyang/shpyang/WL/engine/.buildozer/android/platform/build-arm64-v8a/build/other_builds
[1m[90m[DEBUG][39m[0m:   	creating build/temp.linux-x86_64-3.11/ddnB/project/shpyang/shpyang/WL/engine/.buildozer/android/platform/build-arm64-v8a/build/other_builds/hostpython3
[1m[90m[DEBUG][39m[0m:   	creating build/temp.linux-x86_64-3.11/ddnB/project/shpyang/shpyang/WL/engine/.buildozer/android/platform/build-arm64-v8a/build/other_builds/hostpython3
[1m[90m[DEBUG][39m[0m:   	creating build/temp.linux-x86_64-3.11/ddnB/project/shpyang/shpyang/WL/engine/.buildozer/android/platform/build-arm64-v8a/build/other_builds/hostpython3
[1m[90m[DEBUG][39m[0m:   	creating build/temp.linux-x86_64-3.11/ddnB/project/shpyang/shpyang/WL/engine/.buildozer/android/platform/build-arm64-v8a/build/other_builds/hostpython3
[1m[90m[DEBUG][39m[0m:   	creating build/temp.linux-x86_64-3.11/ddnB/project/shpyang/shpyang/WL/engine/.buildozer/android/platform/build-arm64-v8a/build/other_builds
[1m[90m[DEBUG][39m[0m:   	creating build/temp.linux-x86_64-3.11/ddnB/project/shpyang/shpyang/WL/engine/.buildozer/android/platform/build-arm64-v8a/build/other_builds
[1m[90m[DEBUG][39m[0m:   	creating build/temp.linux-x86_64-3.11/ddnB/project/shpyang/shpyang/WL/engine/.buildozer/android/platform/build-arm64-v8a/build/other_builds
[1m[90m[DEBUG][39m[0m:   	creating build/temp.linux-x86_64-3.11/ddnB/project/shpyang/shpyang/WL/engine/.buildozer/android/platform/build-arm64-v8a/build/other_builds
[1m[90m[DEBUG][39m[0m:   	creating build/temp.linux-x86_64-3.11/ddnB/project/shpyang/shpyang/WL/engine/.buildozer/android/platform/build-arm64-v8a/build/other_builds/hostpython3/desktop
[1m[90m[DEBUG][39m[0m:   	creating build/temp.linux-x86_64-3.11/ddnB/project/shpyang/shpyang/WL/engine/.buildozer/android/platform/build-arm64-v8a/build/other_builds/hostpython3/desktop
[1m[90m[DEBUG][39m[0m:   	creating build/temp.linux-x86_64-3.11/ddnB/project/shpyang/shpyang/WL/engine/.buildozer/android/platform/build-arm64-v8a/build/other_builds/hostpython3/desktop
[1m[90m[DEBUG][39m[0m:   	creating build/temp.linux-x86_64-3.11/ddnB/project/shpyang/shpyang/WL/engine/.buildozer/android/platform/build-arm64-v8a/build
[1m[90m[DEBUG][39m[0m:   	creating build/temp.linux-x86_64-3.11/ddnB/project/shpyang/shpyang/WL/engine/.buildozer/android/platform/build-arm64-v8a/build/other_builds/hostpython3
[1m[90m[DEBUG][39m[0m:   	creating build/temp.linux-x86_64-3.11/ddnB/project/shpyang/shpyang/WL/engine/.buildozer/android/platform/build-arm64-v8a/build/other_builds/hostpython3
[1m[90m[DEBUG][39m[0m:   	creating build/temp.linux-x86_64-3.11/ddnB/project/shpyang/shpyang/WL/engine/.buildozer/android/platform/build-arm64-v8a/build/other_builds/hostpython3
[1m[90m[DEBUG][39m[0m:   	creating build/temp.linux-x86_64-3.11/ddnB/project/shpyang/shpyang/WL/engine/.buildozer/android/platform/build-arm64-v8a/build/other_builds/hostpython3/desktop
[1m[90m[DEBUG][39m[0m:   	creating build/temp.linux-x86_64-3.11/ddnB/project/shpyang/shpyang/WL/engine/.buildozer/android/platform/build-arm64-v8a/build/other_builds/hostpython3/desktop
[1m[90m[DEBUG][39m[0m:   	creating build/temp.linux-x86_64-3.11/ddnB/project/shpyang/shpyang/WL/engine/.buildozer/android/platform/build-arm64-v8a/build/other_builds/hostpython3
[1m[90m[DEBUG][39m[0m:   	creating build/temp.linux-x86_64-3.11/ddnB/project/shpyang/shpyang/WL/engine/.buildozer/android/platform/build-arm64-v8a/build/other_builds/hostpython3/desktop
[1m[90m[DEBUG][39m[0m:   	creating build/temp.linux-x86_64-3.11/ddnB/project/shpyang/shpyang/WL/engine/.buildozer/android/platform/build-arm64-v8a/build/other_builds/hostpython3/desktop
[1m[90m[DEBUG][39m[0m:   	creating build/temp.linux-x86_64-3.11/ddnB/project/shpyang/shpyang/WL/engine/.buildozer/android/platform/build-arm64-v8a/build/other_builds/hostpython3/desktop
[1m[90m[DEBUG][39m[0m:   	creating build/temp.linux-x86_64-3.11/ddnB/project/shpyang/shpyang/WL/engine/.buildozer/android/platform/build-arm64-v8a/build/other_builds/hostpython3/desktop
[1m[90m[DEBUG][39m[0m:   	creating build/temp.linux-x86_64-3.11/ddnB/project/shpyang/shpyang/WL/engine/.buildozer/android/platform/build-arm64-v8a/build/other_builds/hostpython3
[1m[90m[DEBUG][39m[0m:   	creating build/temp.linux-x86_64-3.11/ddnB/project/shpyang/shpyang/WL/engine/.buildozer/android/platform/build-arm64-v8a/build/other_builds/hostpython3/desktop
[1m[90m[DEBUG][39m[0m:   	creating build/temp.linux-x86_64-3.11/ddnB/project/shpyang/shpyang/WL/engine/.buildozer/android/platform/build-arm64-v8a/build/other_builds/hostpython3/desktop
[1m[90m[DEBUG][39m[0m:   	creating build/temp.linux-x86_64-3.11/ddnB/project/shpyang/shpyang/WL/engine/.buildozer/android/platform/build-arm64-v8a/build/other_builds/hostpython3/desktop
[1m[90m[DEBUG][39m[0m:   	creating build/temp.linux-x86_64-3.11/ddnB/project/shpyang/shpyang/WL/engine/.buildozer/android/platform/build-arm64-v8a/build/other_builds/hostpython3
[1m[90m[DEBUG][39m[0m:   	creating build/temp.linux-x86_64-3.11/ddnB/project/shpyang/shpyang/WL/engine/.buildozer/android/platform/build-arm64-v8a/build/other_builds/hostpython3/desktop
[1m[90m[DEBUG][39m[0m:   	creating build/temp.linux-x86_64-3.11/ddnB/project/shpyang/shpyang/WL/engine/.buildozer/android/platform/build-arm64-v8a/build/other_builds/hostpython3/desktop
[1m[90m[DEBUG][39m[0m:   	creating build/temp.linux-x86_64-3.11/ddnB/project/shpyang/shpyang/WL/engine/.buildozer/android/platform/build-arm64-v8a/build/other_builds/hostpython3/desktop
[1m[90m[DEBUG][39m[0m:   	creating build/temp.linux-x86_64-3.11/ddnB/project/shpyang/shpyang/WL/engine/.buildozer/android/platform/build-arm64-v8a/build/other_builds/hostpython3
[1m[90m[DEBUG][39m[0m:   	creating build/temp.linux-x86_64-3.11/ddnB/project/shpyang/shpyang/WL/engine/.buildozer/android/platform/build-arm64-v8a/build/other_builds/hostpython3/desktop
[1m[90m[DEBUG][39m[0m:   	creating build/temp.linux-x86_64-3.11/ddnB/project/shpyang/shpyang/WL/engine/.buildozer/android/platform/build-arm64-v8a/build/other_builds/hostpython3
[1m[90m[DEBUG][39m[0m:   	creating build/temp.linux-x86_64-3.11/ddnB/project/shpyang/shpyang/WL/engine/.buildozer/android/platform/build-arm64-v8a/build/other_builds/hostpython3/desktop
[1m[90m[DEBUG][39m[0m:   	creating build/temp.linux-x86_64-3.11/ddnB/project/shpyang/shpyang/WL/engine/.buildozer/android/platform/build-arm64-v8a/build/other_builds/hostpython3/desktop
[1m[90m[DEBUG][39m[0m:   	creating build/temp.linux-x86_64-3.11/ddnB/project/shpyang/shpyang/WL/engine/.buildozer/android/platform/build-arm64-v8a/build/other_builds/hostpython3/desktop
[1m[90m[DEBUG][39m[0m:   	creating build/temp.linux-x86_64-3.11/ddnB/project/shpyang/shpyang/WL/engine/.buildozer/android/platform/build-arm64-v8a/build/other_builds/hostpython3/desktop
[1m[90m[DEBUG][39m[0m:   	creating build/temp.linux-x86_64-3.11/ddnB/project/shpyang/shpyang/WL/engine/.buildozer/android/platform/build-arm64-v8a/build/other_builds/hostpython3/desktop
[1m[90m[DEBUG][39m[0m:   	creating build/temp.linux-x86_64-3.11/ddnB/project/shpyang/shpyang/WL/engine/.buildozer/android/platform/build-arm64-v8a/build/other_builds/hostpython3/desktop/hostpython3
[1m[90m[DEBUG][39m[0m:   	creating build/temp.linux-x86_64-3.11/ddnB/project/shpyang/shpyang/WL/engine/.buildozer/android/platform/build-arm64-v8a/build/other_builds/hostpython3
[1m[90m[DEBUG][39m[0m:   	creating build/temp.linux-x86_64-3.11/ddnB/project/shpyang/shpyang/WL/engine/.buildozer/android/platform/build-arm64-v8a/build/other_builds/hostpython3/desktop
[1m[90m[DEBUG][39m[0m:   	creating build/temp.linux-x86_64-3.11/ddnB/project/shpyang/shpyang/WL/engine/.buildozer/android/platform/build-arm64-v8a/build/other_builds/hostpython3/desktop
[1m[90m[DEBUG][39m[0m:   	creating build/temp.linux-x86_64-3.11/ddnB/project/shpyang/shpyang/WL/engine/.buildozer/android/platform/build-arm64-v8a/build/other_builds/hostpython3/desktop
[1m[90m[DEBUG][39m[0m:   	creating build/temp.linux-x86_64-3.11/ddnB/project/shpyang/shpyang/WL/engine/.buildozer/android/platform/build-arm64-v8a/build/other_builds/hostpython3/desktop/hostpython3
[1m[90m[DEBUG][39m[0m:   	creating build/temp.linux-x86_64-3.11/ddnB/project/shpyang/shpyang/WL/engine/.buildozer/android/platform/build-arm64-v8a/build/other_builds/hostpython3/desktop/hostpython3
[1m[90m[DEBUG][39m[0m:   	creating build/temp.linux-x86_64-3.11/ddnB/project/shpyang/shpyang/WL/engine/.buildozer/android/platform/build-arm64-v8a/build/other_builds/hostpython3/desktop/hostpython3
[1m[90m[DEBUG][39m[0m:   	creating build/temp.linux-x86_64-3.11/ddnB/project/shpyang/shpyang/WL/engine/.buildozer/android/platform/build-arm64-v8a/build/other_builds/hostpython3/desktop/hostpython3
[1m[90m[DEBUG][39m[0m:   	creating build/temp.linux-x86_64-3.11/ddnB/project/shpyang/shpyang/WL/engine/.buildozer/android/platform/build-arm64-v8a/build/other_builds/hostpython3/desktop/hostpython3
[1m[90m[DEBUG][39m[0m:   	creating build/temp.linux-x86_64-3.11/ddnB/project/shpyang/shpyang/WL/engine/.buildozer/android/platform/build-arm64-v8a/build/other_builds/hostpython3/desktop/hostpython3
[1m[90m[DEBUG][39m[0m:   	creating build/temp.linux-x86_64-3.11/ddnB/project/shpyang/shpyang/WL/engine/.buildozer/android/platform/build-arm64-v8a/build/other_builds/hostpython3/desktop/hostpython3
[1m[90m[DEBUG][39m[0m:   	creating build/temp.linux-x86_64-3.11/ddnB/project/shpyang/shpyang/WL/engine/.buildozer/android/platform/build-arm64-v8a/build/other_builds/hostpython3
[1m[90m[DEBUG][39m[0m:   	creating build/temp.linux-x86_64-3.11/ddnB/project/shpyang/shpyang/WL/engine/.buildozer/android/platform/build-arm64-v8a/build/other_builds/hostpython3/desktop/hostpython3
[1m[90m[DEBUG][39m[0m:   	creating build/temp.linux-x86_64-3.11/ddnB/project/shpyang/shpyang/WL/engine/.buildozer/android/platform/build-arm64-v8a/build/other_builds/hostpython3/desktop/hostpython3
[1m[90m[DEBUG][39m[0m:   	creating build/temp.linux-x86_64-3.11/ddnB/project/shpyang/shpyang/WL/engine/.buildozer/android/platform/build-arm64-v8a/build/other_builds/hostpython3/desktop/hostpython3
[1m[90m[DEBUG][39m[0m:   	creating build/temp.linux-x86_64-3.11/ddnB/project/shpyang/shpyang/WL/engine/.buildozer/android/platform/build-arm64-v8a/build/other_builds/hostpython3/desktop/hostpython3
[1m[90m[DEBUG][39m[0m:   	creating build/temp.linux-x86_64-3.11/ddnB/project/shpyang/shpyang/WL/engine/.buildozer/android/platform/build-arm64-v8a/build/other_builds/hostpython3/desktop
[1m[90m[DEBUG][39m[0m:   	creating build/temp.linux-x86_64-3.11/ddnB/project/shpyang/shpyang/WL/engine/.buildozer/android/platform/build-arm64-v8a/build/other_builds/hostpython3/desktop/hostpython3
[1m[90m[DEBUG][39m[0m:   	creating build/temp.linux-x86_64-3.11/ddnB/project/shpyang/shpyang/WL/engine/.buildozer/android/platform/build-arm64-v8a/build/other_builds/hostpython3/desktop/hostpython3
[1m[90m[DEBUG][39m[0m:   	creating build/temp.linux-x86_64-3.11/ddnB/project/shpyang/shpyang/WL/engine/.buildozer/android/platform/build-arm64-v8a/build
[1m[90m[DEBUG][39m[0m:   	creating build/temp.linux-x86_64-3.11/ddnB/project/shpyang/shpyang/WL/engine/.buildozer/android/platform/build-arm64-v8a/build/other_builds/hostpython3/desktop/hostpython3
[1m[90m[DEBUG][39m[0m:   	creating build/temp.linux-x86_64-3.11/ddnB/project/shpyang/shpyang/WL/engine/.buildozer/android/platform/build-arm64-v8a/build/other_builds/hostpython3/desktop
[1m[90m[DEBUG][39m[0m:   	creating build/temp.linux-x86_64-3.11/ddnB/project/shpyang/shpyang/WL/engine/.buildozer/android/platform/build-arm64-v8a/build/other_builds/hostpython3/desktop/hostpython3
[1m[90m[DEBUG][39m[0m:   	creating build/temp.linux-x86_64-3.11/ddnB/project/shpyang/shpyang/WL/engine/.buildozer/android/platform/build-arm64-v8a/build/other_builds/hostpython3/desktop/hostpython3
[1m[90m[DEBUG][39m[0m:   	creating build/temp.linux-x86_64-3.11/ddnB/project/shpyang/shpyang/WL/engine/.buildozer/android/platform/build-arm64-v8a/build/other_builds/hostpython3/desktop/hostpython3/Modules
[1m[90m[DEBUG][39m[0m:   	creating build/temp.linux-x86_64-3.11/ddnB/project/shpyang/shpyang/WL/engine/.buildozer/android/platform/build-arm64-v8a/build/other_builds/hostpython3/desktop
[1m[90m[DEBUG][39m[0m:   	creating build/temp.linux-x86_64-3.11/ddnB/project/shpyang/shpyang/WL/engine/.buildozer/android/platform/build-arm64-v8a/build/other_builds/hostpython3/desktop
[1m[90m[DEBUG][39m[0m:   	creating build/temp.linux-x86_64-3.11/ddnB/project/shpyang/shpyang/WL/engine/.buildozer/android/platform/build-arm64-v8a/build/other_builds/hostpython3/desktop/hostpython3/Modules
[1m[90m[DEBUG][39m[0m:   	creating build/temp.linux-x86_64-3.11/ddnB/project/shpyang/shpyang/WL/engine/.buildozer/android/platform/build-arm64-v8a/build/other_builds/hostpython3/desktop/hostpython3
[1m[90m[DEBUG][39m[0m:   	creating build/temp.linux-x86_64-3.11/ddnB/project/shpyang/shpyang/WL/engine/.buildozer/android/platform/build-arm64-v8a/build/other_builds/hostpython3/desktop/hostpython3
[1m[90m[DEBUG][39m[0m:   	creating build/temp.linux-x86_64-3.11/ddnB/project/shpyang/shpyang/WL/engine/.buildozer/android/platform/build-arm64-v8a/build/other_builds
[1m[90m[DEBUG][39m[0m:   	creating build/temp.linux-x86_64-3.11/ddnB/project/shpyang/shpyang/WL/engine/.buildozer/android/platform/build-arm64-v8a/build/other_builds/hostpython3/desktop
[1m[90m[DEBUG][39m[0m:   	creating build/temp.linux-x86_64-3.11/ddnB/project/shpyang/shpyang/WL/engine/.buildozer/android/platform/build-arm64-v8a/build/other_builds/hostpython3/desktop/hostpython3
[1m[90m[DEBUG][39m[0m:   	creating build/temp.linux-x86_64-3.11/ddnB/project/shpyang/shpyang/WL/engine/.buildozer/android/platform/build-arm64-v8a/build/other_builds/hostpython3/desktop/hostpython3/Modules
[1m[90m[DEBUG][39m[0m:   	creating build/temp.linux-x86_64-3.11/ddnB/project/shpyang/shpyang/WL/engine/.buildozer/android/platform/build-arm64-v8a/build/other_builds/hostpython3/desktop/hostpython3/Modules
[1m[90m[DEBUG][39m[0m:   	creating build/temp.linux-x86_64-3.11/ddnB/project/shpyang/shpyang/WL/engine/.buildozer/android/platform/build-arm64-v8a/build/other_builds/hostpython3/desktop/hostpython3/Modules
[1m[90m[DEBUG][39m[0m:   	creating build/temp.linux-x86_64-3.11/ddnB/project/shpyang/shpyang/WL/engine/.buildozer/android/platform/build-arm64-v8a/build/other_builds/hostpython3/desktop/hostpython3/Modules
[1m[90m[DEBUG][39m[0m:   	creating build/temp.linux-x86_64-3.11/ddnB/project/shpyang/shpyang/WL/engine/.buildozer/android/platform/build-arm64-v8a/build/other_builds/hostpython3/desktop/hostpython3/Modules
[1m[90m[DEBUG][39m[0m:   	creating build/temp.linux-x86_64-3.11/ddnB/project/shpyang/shpyang/WL/engine/.buildozer/android/platform/build-arm64-v8a/build/other_builds/hostpython3/desktop
[1m[90m[DEBUG][39m[0m:   	creating build/temp.linux-x86_64-3.11/ddnB/project/shpyang/shpyang/WL/engine/.buildozer/android/platform/build-arm64-v8a/build/other_builds/hostpython3/desktop/hostpython3/Modules
[1m[90m[DEBUG][39m[0m:   	creating build/temp.linux-x86_64-3.11/ddnB/project/shpyang/shpyang/WL/engine/.buildozer/android/platform/build-arm64-v8a/build/other_builds/hostpython3/desktop
[1m[90m[DEBUG][39m[0m:   	creating build/temp.linux-x86_64-3.11/ddnB/project/shpyang/shpyang/WL/engine/.buildozer/android/platform/build-arm64-v8a/build/other_builds/hostpython3/desktop/hostpython3
[1m[90m[DEBUG][39m[0m:   	creating build/temp.linux-x86_64-3.11/ddnB/project/shpyang/shpyang/WL/engine/.buildozer/android/platform/build-arm64-v8a/build/other_builds/hostpython3/desktop/hostpython3/Modules
[1m[90m[DEBUG][39m[0m:   	creating build/temp.linux-x86_64-3.11/ddnB/project/shpyang/shpyang/WL/engine/.buildozer/android/platform/build-arm64-v8a/build/other_builds/hostpython3/desktop/hostpython3/Modules
[1m[90m[DEBUG][39m[0m:   	creating build/temp.linux-x86_64-3.11/ddnB/project/shpyang/shpyang/WL/engine/.buildozer/android/platform/build-arm64-v8a/build/other_builds/hostpython3/desktop/hostpython3/Modules
[1m[90m[DEBUG][39m[0m:   	creating build/temp.linux-x86_64-3.11/ddnB/project/shpyang/shpyang/WL/engine/.buildozer/android/platform/build-arm64-v8a/build/other_builds/hostpython3/desktop/hostpython3/Modules
[1m[90m[DEBUG][39m[0m:   	creating build/temp.linux-x86_64-3.11/ddnB/project/shpyang/shpyang/WL/engine/.buildozer/android/platform/build-arm64-v8a/build/other_builds/hostpython3/desktop/hostpython3
[1m[90m[DEBUG][39m[0m:   	creating build/temp.linux-x86_64-3.11/ddnB/project/shpyang/shpyang/WL/engine/.buildozer/android/platform/build-arm64-v8a/build/other_builds/hostpython3/desktop/hostpython3/Modules
[1m[90m[DEBUG][39m[0m:   	creating build/temp.linux-x86_64-3.11/ddnB/project/shpyang/shpyang/WL/engine/.buildozer/android/platform/build-arm64-v8a/build/other_builds/hostpython3/desktop/hostpython3/Modules
[1m[90m[DEBUG][39m[0m:   	creating build/temp.linux-x86_64-3.11/ddnB/project/shpyang/shpyang/WL/engine/.buildozer/android/platform/build-arm64-v8a/build/other_builds/hostpython3/desktop
[1m[90m[DEBUG][39m[0m:   	creating build/temp.linux-x86_64-3.11/ddnB/project/shpyang/shpyang/WL/engine/.buildozer/android/platform/build-arm64-v8a/build/other_builds/hostpython3/desktop/hostpython3/Modules
[1m[90m[DEBUG][39m[0m:   	creating build/temp.linux-x86_64-3.11/ddnB/project/shpyang/shpyang/WL/engine/.buildozer/android/platform/build-arm64-v8a/build/other_builds/hostpython3/desktop/hostpython3
[1m[90m[DEBUG][39m[0m:   	creating build/temp.linux-x86_64-3.11/ddnB/project/shpyang/shpyang/WL/engine/.buildozer/android/platform/build-arm64-v8a/build/other_builds/hostpython3/desktop/hostpython3/Modules
[1m[90m[DEBUG][39m[0m:   	gcc -pthread -fPIC -Wsign-compare -DNDEBUG -g -fwrapv -O3 -Wall -std=c11 -Wextra -Wno-unused-parameter -Wno-missing-field-initializers -Werror=implicit-function-declaration -fvisibility=hidden -I/ddnB/project/shpyang/shpyang/WL/engine/.buildozer/android/platform/build-arm64-v8a/build/other_builds/hostpython3/desktop/hostpython3/Include/internal -I. -IObjects -IPython -I/usr/local/include -I/ddnB/project/shpyang/shpyang/WL/engine/.buildozer/android/platform/build-arm64-v8a/build/other_builds/hostpython3/desktop/hostpython3/Include -I/ddnB/project/shpyang/shpyang/WL/engine/.buildozer/android/platform/build-arm64-v8a/build/other_builds/hostpython3/desktop/hostpython3/native-build -c /ddnB/project/shpyang/shpyang/WL/engine/.buildozer/android/platform/build-arm64-v8a/build/other_builds/hostpython3/desktop/hostpython3/Modules/resource.c -o build/temp.linux-x86_64-3.11/ddnB/project/shpyang/shpyang/WL/engine/.buildozer/android/platform/build-arm64-v8a/build/other_builds/hostpython3/desktop/hostpython3/Modules/resource.o
[1m[90m[DEBUG][39m[0m:   	gcc -pthread -fPIC -Wsign-compare -DNDEBUG -g -fwrapv -O3 -Wall -std=c11 -Wextra -Wno-unused-parameter -Wno-missing-field-initializers -Werror=implicit-function-declaration -fvisibility=hidden -I/ddnB/project/shpyang/shpyang/WL/engine/.buildozer/android/platform/build-arm64-v8a/build/other_builds/hostpython3/desktop/hostpython3/Include/internal -I. -IObjects -IPython -I/usr/local/include -I/ddnB/project/shpyang/shpyang/WL/engine/.buildozer/android/platform/build-arm64-v8a/build/other_builds/hostpython3/desktop/hostpython3/Include -I/ddnB/project/shpyang/shpyang/WL/engine/.buildozer/android/platform/build-arm64-v8a/build/other_builds/hostpython3/desktop/hostpython3/native-build -c /ddnB/project/shpyang/shpyang/WL/engine/.buildozer/android/platform/build-arm64-v8a/build/other_builds/hostpython3/desktop/hostpython3/Modules/sha256module.c -o build/temp.linux-x86_64-3.11/ddnB/project/shpyang/shpyang/WL/engine/.buildozer/android/platform/build-arm64-v8a/build/other_builds/hostpython3/desktop/hostpython3/Modules/sha256module.o
[1m[90m[DEBUG][39m[0m:   	creating build/temp.linux-x86_64-3.11/ddnB/project/shpyang/shpyang/WL/engine/.buildozer/android/platform/build-arm64-v8a/build/other_builds/hostpython3/desktop/hostpython3/Modules
[1m[90m[DEBUG][39m[0m:   	creating build/temp.linux-x86_64-3.11/ddnB/project/shpyang/shpyang/WL/engine/.buildozer/android/platform/build-arm64-v8a/build/other_builds/hostpython3/desktop/hostpython3
[1m[90m[DEBUG][39m[0m:   	gcc -pthread -fPIC -Wsign-compare -DNDEBUG -g -fwrapv -O3 -Wall -std=c11 -Wextra -Wno-unused-parameter -Wno-missing-field-initializers -Werror=implicit-function-declaration -fvisibility=hidden -I/ddnB/project/shpyang/shpyang/WL/engine/.buildozer/android/platform/build-arm64-v8a/build/other_builds/hostpython3/desktop/hostpython3/Include/internal -I. -IObjects -IPython -I/usr/local/include -I/ddnB/project/shpyang/shpyang/WL/engine/.buildozer/android/platform/build-arm64-v8a/build/other_builds/hostpython3/desktop/hostpython3/Include -I/ddnB/project/shpyang/shpyang/WL/engine/.buildozer/android/platform/build-arm64-v8a/build/other_builds/hostpython3/desktop/hostpython3/native-build -c /ddnB/project/shpyang/shpyang/WL/engine/.buildozer/android/platform/build-arm64-v8a/build/other_builds/hostpython3/desktop/hostpython3/Modules/_randommodule.c -o build/temp.linux-x86_64-3.11/ddnB/project/shpyang/shpyang/WL/engine/.buildozer/android/platform/build-arm64-v8a/build/other_builds/hostpython3/desktop/hostpython3/Modules/_randommodule.o
[1m[90m[DEBUG][39m[0m:   	creating build/temp.linux-x86_64-3.11/ddnB/project/shpyang/shpyang/WL/engine/.buildozer/android/platform/build-arm64-v8a/build/other_builds/hostpython3/desktop/hostpython3/Modules
[1m[90m[DEBUG][39m[0m:   	creating build/temp.linux-x86_64-3.11/ddnB/project/shpyang/shpyang/WL/engine/.buildozer/android/platform/build-arm64-v8a/build/other_builds/hostpython3/desktop/hostpython3/Modules/cjkcodecs
[1m[90m[DEBUG][39m[0m:   	gcc -pthread -fPIC -Wsign-compare -DNDEBUG -g -fwrapv -O3 -Wall -std=c11 -Wextra -Wno-unused-parameter -Wno-missing-field-initializers -Werror=implicit-function-declaration -fvisibility=hidden -I/ddnB/project/shpyang/shpyang/WL/engine/.buildozer/android/platform/build-arm64-v8a/build/other_builds/hostpython3/desktop/hostpython3/Include/internal -I. -IObjects -IPython -I/usr/local/include -I/ddnB/project/shpyang/shpyang/WL/engine/.buildozer/android/platform/build-arm64-v8a/build/other_builds/hostpython3/desktop/hostpython3/Include -I/ddnB/project/shpyang/shpyang/WL/engine/.buildozer/android/platform/build-arm64-v8a/build/other_builds/hostpython3/desktop/hostpython3/native-build -c /ddnB/project/shpyang/shpyang/WL/engine/.buildozer/android/platform/build-arm64-v8a/build/other_builds/hostpython3/desktop/hostpython3/Modules/_testclinic.c -o build/temp.linux-x86_64-3.11/ddnB/project/shpyang/shpyang/WL/engine/.buildozer/android/platform/build-arm64-v8a/build/other_builds/hostpython3/desktop/hostpython3/Modules/_testclinic.o
[1m[90m[DEBUG][39m[0m:   	creating build/temp.linux-x86_64-3.11/ddnB/project/shpyang/shpyang/WL/engine/.buildozer/android/platform/build-arm64-v8a/build/other_builds/hostpython3/desktop/hostpython3
[1m[90m[DEBUG][39m[0m:   	creating build/temp.linux-x86_64-3.11/ddnB/project/shpyang/shpyang/WL/engine/.buildozer/android/platform/build-arm64-v8a/build/other_builds/hostpython3/desktop/hostpython3/Modules
[1m[90m[DEBUG][39m[0m:   	creating build/temp.linux-x86_64-3.11/ddnB/project/shpyang/shpyang/WL/engine/.buildozer/android/platform/build-arm64-v8a/build/other_builds/hostpython3/desktop
[1m[90m[DEBUG][39m[0m:   	gcc -pthread -fPIC -Wsign-compare -DNDEBUG -g -fwrapv -O3 -Wall -std=c11 -Wextra -Wno-unused-parameter -Wno-missing-field-initializers -Werror=implicit-function-declaration -fvisibility=hidden -I/ddnB/project/shpyang/shpyang/WL/engine/.buildozer/android/platform/build-arm64-v8a/build/other_builds/hostpython3/desktop/hostpython3/Include/internal -I. -IObjects -IPython -I/usr/local/include -I/ddnB/project/shpyang/shpyang/WL/engine/.buildozer/android/platform/build-arm64-v8a/build/other_builds/hostpython3/desktop/hostpython3/Include -I/ddnB/project/shpyang/shpyang/WL/engine/.buildozer/android/platform/build-arm64-v8a/build/other_builds/hostpython3/desktop/hostpython3/native-build -c /ddnB/project/shpyang/shpyang/WL/engine/.buildozer/android/platform/build-arm64-v8a/build/other_builds/hostpython3/desktop/hostpython3/Modules/fcntlmodule.c -o build/temp.linux-x86_64-3.11/ddnB/project/shpyang/shpyang/WL/engine/.buildozer/android/platform/build-arm64-v8a/build/other_builds/hostpython3/desktop/hostpython3/Modules/fcntlmodule.o
[1m[90m[DEBUG][39m[0m:   	gcc -pthread -fPIC -Wsign-compare -DNDEBUG -g -fwrapv -O3 -Wall -std=c11 -Wextra -Wno-unused-parameter -Wno-missing-field-initializers -Werror=implicit-function-declaration -fvisibility=hidden -I/ddnB/project/shpyang/shpyang/WL/engine/.buildozer/android/platform/build-arm64-v8a/build/other_builds/hostpython3/desktop/hostpython3/Include/internal -I. -IObjects -IPython -I/usr/local/include -I/ddnB/project/shpyang/shpyang/WL/engine/.buildozer/android/platform/build-arm64-v8a/build/other_builds/hostpython3/desktop/hostpython3/Include -I/ddnB/project/shpyang/shpyang/WL/engine/.buildozer/android/platform/build-arm64-v8a/build/other_builds/hostpython3/desktop/hostpython3/native-build -c /ddnB/project/shpyang/shpyang/WL/engine/.buildozer/android/platform/build-arm64-v8a/build/other_builds/hostpython3/desktop/hostpython3/Modules/_json.c -o build/temp.linux-x86_64-3.11/ddnB/project/shpyang/shpyang/WL/engine/.buildozer/android/platform/build-arm64-v8a/build/other_builds/hostpython3/desktop/hostpython3/Modules/_json.o
[1m[90m[DEBUG][39m[0m:   	creating build/temp.linux-x86_64-3.11/ddnB/project/shpyang/shpyang/WL/engine/.buildozer/android/platform/build-arm64-v8a/build/other_builds/hostpython3/desktop/hostpython3
[1m[90m[DEBUG][39m[0m:   	gcc -pthread -fPIC -Wsign-compare -DNDEBUG -g -fwrapv -O3 -Wall -std=c11 -Wextra -Wno-unused-parameter -Wno-missing-field-initializers -Werror=implicit-function-declaration -fvisibility=hidden -I/ddnB/project/shpyang/shpyang/WL/engine/.buildozer/android/platform/build-arm64-v8a/build/other_builds/hostpython3/desktop/hostpython3/Include/internal -I. -IObjects -IPython -I/usr/local/include -I/ddnB/project/shpyang/shpyang/WL/engine/.buildozer/android/platform/build-arm64-v8a/build/other_builds/hostpython3/desktop/hostpython3/Include -I/ddnB/project/shpyang/shpyang/WL/engine/.buildozer/android/platform/build-arm64-v8a/build/other_builds/hostpython3/desktop/hostpython3/native-build -c /ddnB/project/shpyang/shpyang/WL/engine/.buildozer/android/platform/build-arm64-v8a/build/other_builds/hostpython3/desktop/hostpython3/Modules/termios.c -o build/temp.linux-x86_64-3.11/ddnB/project/shpyang/shpyang/WL/engine/.buildozer/android/platform/build-arm64-v8a/build/other_builds/hostpython3/desktop/hostpython3/Modules/termios.o
[1m[90m[DEBUG][39m[0m:   	creating build/temp.linux-x86_64-3.11/ddnB/project/shpyang/shpyang/WL/engine/.buildozer/android/platform/build-arm64-v8a/build/other_builds/hostpython3/desktop/hostpython3
[1m[90m[DEBUG][39m[0m:   	creating build/temp.linux-x86_64-3.11/ddnB/project/shpyang/shpyang/WL/engine/.buildozer/android/platform/build-arm64-v8a/build/other_builds/hostpython3/desktop/hostpython3
[1m[90m[DEBUG][39m[0m:   	gcc -pthread -fPIC -Wsign-compare -DNDEBUG -g -fwrapv -O3 -Wall -std=c11 -Wextra -Wno-unused-parameter -Wno-missing-field-initializers -Werror=implicit-function-declaration -fvisibility=hidden -I/ddnB/project/shpyang/shpyang/WL/engine/.buildozer/android/platform/build-arm64-v8a/build/other_builds/hostpython3/desktop/hostpython3/Include/internal -I. -IObjects -IPython -I/usr/local/include -I/ddnB/project/shpyang/shpyang/WL/engine/.buildozer/android/platform/build-arm64-v8a/build/other_builds/hostpython3/desktop/hostpython3/Include -I/ddnB/project/shpyang/shpyang/WL/engine/.buildozer/android/platform/build-arm64-v8a/build/other_builds/hostpython3/desktop/hostpython3/native-build -c /ddnB/project/shpyang/shpyang/WL/engine/.buildozer/android/platform/build-arm64-v8a/build/other_builds/hostpython3/desktop/hostpython3/Modules/_lzmamodule.c -o build/temp.linux-x86_64-3.11/ddnB/project/shpyang/shpyang/WL/engine/.buildozer/android/platform/build-arm64-v8a/build/other_builds/hostpython3/desktop/hostpython3/Modules/_lzmamodule.o
[1m[90m[DEBUG][39m[0m:   	creating build/temp.linux-x86_64-3.11/ddnB/project/shpyang/shpyang/WL/engine/.buildozer/android/platform/build-arm64-v8a/build/other_builds/hostpython3/desktop/hostpython3/Modules
[1m[90m[DEBUG][39m[0m:   	gcc -pthread -fPIC -Wsign-compare -DNDEBUG -g -fwrapv -O3 -Wall -std=c11 -Wextra -Wno-unused-parameter -Wno-missing-field-initializers -Werror=implicit-function-declaration -fvisibility=hidden -I/ddnB/project/shpyang/shpyang/WL/engine/.buildozer/android/platform/build-arm64-v8a/build/other_builds/hostpython3/desktop/hostpython3/Include/internal -I. -IObjects -IPython -I/usr/local/include -I/ddnB/project/shpyang/shpyang/WL/engine/.buildozer/android/platform/build-arm64-v8a/build/other_builds/hostpython3/desktop/hostpython3/Include -I/ddnB/project/shpyang/shpyang/WL/engine/.buildozer/android/platform/build-arm64-v8a/build/other_builds/hostpython3/desktop/hostpython3/native-build -c /ddnB/project/shpyang/shpyang/WL/engine/.buildozer/android/platform/build-arm64-v8a/build/other_builds/hostpython3/desktop/hostpython3/Modules/_datetimemodule.c -o build/temp.linux-x86_64-3.11/ddnB/project/shpyang/shpyang/WL/engine/.buildozer/android/platform/build-arm64-v8a/build/other_builds/hostpython3/desktop/hostpython3/Modules/_datetimemodule.o
[1m[90m[DEBUG][39m[0m:   	gcc -pthread -fPIC -Wsign-compare -DNDEBUG -g -fwrapv -O3 -Wall -std=c11 -Wextra -Wno-unused-parameter -Wno-missing-field-initializers -Werror=implicit-function-declaration -fvisibility=hidden -I/ddnB/project/shpyang/shpyang/WL/engine/.buildozer/android/platform/build-arm64-v8a/build/other_builds/hostpython3/desktop/hostpython3/Include/internal -I. -IObjects -IPython -I/usr/local/include -I/ddnB/project/shpyang/shpyang/WL/engine/.buildozer/android/platform/build-arm64-v8a/build/other_builds/hostpython3/desktop/hostpython3/Include -I/ddnB/project/shpyang/shpyang/WL/engine/.buildozer/android/platform/build-arm64-v8a/build/other_builds/hostpython3/desktop/hostpython3/native-build -c /ddnB/project/shpyang/shpyang/WL/engine/.buildozer/android/platform/build-arm64-v8a/build/other_builds/hostpython3/desktop/hostpython3/Modules/_ssl.c -o build/temp.linux-x86_64-3.11/ddnB/project/shpyang/shpyang/WL/engine/.buildozer/android/platform/build-arm64-v8a/build/other_builds/hostpython3/desktop/hostpython3/Modules/_ssl.o
[1m[90m[DEBUG][39m[0m:   	gcc -pthread -fPIC -Wsign-compare -DNDEBUG -g -fwrapv -O3 -Wall -std=c11 -Wextra -Wno-unused-parameter -Wno-missing-field-initializers -Werror=implicit-function-declaration -fvisibility=hidden -I/ddnB/project/shpyang/shpyang/WL/engine/.buildozer/android/platform/build-arm64-v8a/build/other_builds/hostpython3/desktop/hostpython3/Include/internal -I. -IObjects -IPython -I/usr/local/include -I/ddnB/project/shpyang/shpyang/WL/engine/.buildozer/android/platform/build-arm64-v8a/build/other_builds/hostpython3/desktop/hostpython3/Include -I/ddnB/project/shpyang/shpyang/WL/engine/.buildozer/android/platform/build-arm64-v8a/build/other_builds/hostpython3/desktop/hostpython3/native-build -c /ddnB/project/shpyang/shpyang/WL/engine/.buildozer/android/platform/build-arm64-v8a/build/other_builds/hostpython3/desktop/hostpython3/Modules/spwdmodule.c -o build/temp.linux-x86_64-3.11/ddnB/project/shpyang/shpyang/WL/engine/.buildozer/android/platform/build-arm64-v8a/build/other_builds/hostpython3/desktop/hostpython3/Modules/spwdmodule.o
[1m[90m[DEBUG][39m[0m:   	gcc -pthread -fPIC -Wsign-compare -DNDEBUG -g -fwrapv -O3 -Wall -std=c11 -Wextra -Wno-unused-parameter -Wno-missing-field-initializers -Werror=implicit-function-declaration -fvisibility=hidden -I/ddnB/project/shpyang/shpyang/WL/engine/.buildozer/android/platform/build-arm64-v8a/build/other_builds/hostpython3/desktop/hostpython3/Include/internal -I. -IObjects -IPython -I/usr/local/include -I/ddnB/project/shpyang/shpyang/WL/engine/.buildozer/android/platform/build-arm64-v8a/build/other_builds/hostpython3/desktop/hostpython3/Include -I/ddnB/project/shpyang/shpyang/WL/engine/.buildozer/android/platform/build-arm64-v8a/build/other_builds/hostpython3/desktop/hostpython3/native-build -c /ddnB/project/shpyang/shpyang/WL/engine/.buildozer/android/platform/build-arm64-v8a/build/other_builds/hostpython3/desktop/hostpython3/Modules/cmathmodule.c -o build/temp.linux-x86_64-3.11/ddnB/project/shpyang/shpyang/WL/engine/.buildozer/android/platform/build-arm64-v8a/build/other_builds/hostpython3/desktop/hostpython3/Modules/cmathmodule.o
[1m[90m[DEBUG][39m[0m:   	creating build/temp.linux-x86_64-3.11/ddnB/project/shpyang/shpyang/WL/engine/.buildozer/android/platform/build-arm64-v8a/build/other_builds/hostpython3/desktop/hostpython3/Modules
[1m[90m[DEBUG][39m[0m:   	creating build/temp.linux-x86_64-3.11/ddnB/project/shpyang/shpyang/WL/engine/.buildozer/android/platform/build-arm64-v8a/build/other_builds/hostpython3/desktop/hostpython3
[1m[90m[DEBUG][39m[0m:   	creating build/temp.linux-x86_64-3.11/ddnB/project/shpyang/shpyang/WL/engine/.buildozer/android/platform/build-arm64-v8a/build/other_builds/hostpython3/desktop/hostpython3/Modules
[1m[90m[DEBUG][39m[0m:   	gcc -pthread -fPIC -Wsign-compare -DNDEBUG -g -fwrapv -O3 -Wall -std=c11 -Wextra -Wno-unused-parameter -Wno-missing-field-initializers -Werror=implicit-function-declaration -fvisibility=hidden -I/ddnB/project/shpyang/shpyang/WL/engine/.buildozer/android/platform/build-arm64-v8a/build/other_builds/hostpython3/desktop/hostpython3/Include/internal -I. -IObjects -IPython -I/usr/local/include -I/ddnB/project/shpyang/shpyang/WL/engine/.buildozer/android/platform/build-arm64-v8a/build/other_builds/hostpython3/desktop/hostpython3/Include -I/ddnB/project/shpyang/shpyang/WL/engine/.buildozer/android/platform/build-arm64-v8a/build/other_builds/hostpython3/desktop/hostpython3/native-build -c /ddnB/project/shpyang/shpyang/WL/engine/.buildozer/android/platform/build-arm64-v8a/build/other_builds/hostpython3/desktop/hostpython3/Modules/_csv.c -o build/temp.linux-x86_64-3.11/ddnB/project/shpyang/shpyang/WL/engine/.buildozer/android/platform/build-arm64-v8a/build/other_builds/hostpython3/desktop/hostpython3/Modules/_csv.o
[1m[90m[DEBUG][39m[0m:   	gcc -pthread -fPIC -Wsign-compare -DNDEBUG -g -fwrapv -O3 -Wall -std=c11 -Wextra -Wno-unused-parameter -Wno-missing-field-initializers -Werror=implicit-function-declaration -fvisibility=hidden -I/ddnB/project/shpyang/shpyang/WL/engine/.buildozer/android/platform/build-arm64-v8a/build/other_builds/hostpython3/desktop/hostpython3/Include/internal -DHAVE_NCURSESW=1 -I/usr/include/ncursesw -I. -IObjects -IPython -I/usr/local/include -I/ddnB/project/shpyang/shpyang/WL/engine/.buildozer/android/platform/build-arm64-v8a/build/other_builds/hostpython3/desktop/hostpython3/Include -I/ddnB/project/shpyang/shpyang/WL/engine/.buildozer/android/platform/build-arm64-v8a/build/other_builds/hostpython3/desktop/hostpython3/native-build -c /ddnB/project/shpyang/shpyang/WL/engine/.buildozer/android/platform/build-arm64-v8a/build/other_builds/hostpython3/desktop/hostpython3/Modules/_curses_panel.c -o build/temp.linux-x86_64-3.11/ddnB/project/shpyang/shpyang/WL/engine/.buildozer/android/platform/build-arm64-v8a/build/other_builds/hostpython3/desktop/hostpython3/Modules/_curses_panel.o
[1m[90m[DEBUG][39m[0m:   	gcc -pthread -fPIC -Wsign-compare -DNDEBUG -g -fwrapv -O3 -Wall -std=c11 -Wextra -Wno-unused-parameter -Wno-missing-field-initializers -Werror=implicit-function-declaration -fvisibility=hidden -I/ddnB/project/shpyang/shpyang/WL/engine/.buildozer/android/platform/build-arm64-v8a/build/other_builds/hostpython3/desktop/hostpython3/Include/internal -I. -IObjects -IPython -I/usr/local/include -I/ddnB/project/shpyang/shpyang/WL/engine/.buildozer/android/platform/build-arm64-v8a/build/other_builds/hostpython3/desktop/hostpython3/Include -I/ddnB/project/shpyang/shpyang/WL/engine/.buildozer/android/platform/build-arm64-v8a/build/other_builds/hostpython3/desktop/hostpython3/native-build -c /ddnB/project/shpyang/shpyang/WL/engine/.buildozer/android/platform/build-arm64-v8a/build/other_builds/hostpython3/desktop/hostpython3/Modules/selectmodule.c -o build/temp.linux-x86_64-3.11/ddnB/project/shpyang/shpyang/WL/engine/.buildozer/android/platform/build-arm64-v8a/build/other_builds/hostpython3/desktop/hostpython3/Modules/selectmodule.o
[1m[90m[DEBUG][39m[0m:   	gcc -pthread -fPIC -Wsign-compare -DNDEBUG -g -fwrapv -O3 -Wall -std=c11 -Wextra -Wno-unused-parameter -Wno-missing-field-initializers -Werror=implicit-function-declaration -fvisibility=hidden -I/ddnB/project/shpyang/shpyang/WL/engine/.buildozer/android/platform/build-arm64-v8a/build/other_builds/hostpython3/desktop/hostpython3/Include/internal -I. -IObjects -IPython -I/usr/local/include -I/ddnB/project/shpyang/shpyang/WL/engine/.buildozer/android/platform/build-arm64-v8a/build/other_builds/hostpython3/desktop/hostpython3/Include -I/ddnB/project/shpyang/shpyang/WL/engine/.buildozer/android/platform/build-arm64-v8a/build/other_builds/hostpython3/desktop/hostpython3/native-build -c /ddnB/project/shpyang/shpyang/WL/engine/.buildozer/android/platform/build-arm64-v8a/build/other_builds/hostpython3/desktop/hostpython3/Modules/cjkcodecs/multibytecodec.c -o build/temp.linux-x86_64-3.11/ddnB/project/shpyang/shpyang/WL/engine/.buildozer/android/platform/build-arm64-v8a/build/other_builds/hostpython3/desktop/hostpython3/Modules/cjkcodecs/multibytecodec.o
[1m[90m[DEBUG][39m[0m:   	creating build/temp.linux-x86_64-3.11/ddnB/project/shpyang/shpyang/WL/engine/.buildozer/android/platform/build-arm64-v8a/build/other_builds/hostpython3/desktop/hostpython3/Modules/cjkcodecs
[1m[90m[DEBUG][39m[0m:   	creating build/temp.linux-x86_64-3.11/ddnB/project/shpyang/shpyang/WL/engine/.buildozer/android/platform/build-arm64-v8a/build/other_builds/hostpython3/desktop/hostpython3/Modules/_sha3
[1m[90m[DEBUG][39m[0m:   	creating build/temp.linux-x86_64-3.11/ddnB/project/shpyang/shpyang/WL/engine/.buildozer/android/platform/build-arm64-v8a/build/other_builds/hostpython3/desktop/hostpython3/Modules
[1m[90m[DEBUG][39m[0m:   	gcc -pthread -fPIC -Wsign-compare -DNDEBUG -g -fwrapv -O3 -Wall -std=c11 -Wextra -Wno-unused-parameter -Wno-missing-field-initializers -Werror=implicit-function-declaration -fvisibility=hidden -I/ddnB/project/shpyang/shpyang/WL/engine/.buildozer/android/platform/build-arm64-v8a/build/other_builds/hostpython3/desktop/hostpython3/Include/internal -I. -IObjects -IPython -I/usr/local/include -I/ddnB/project/shpyang/shpyang/WL/engine/.buildozer/android/platform/build-arm64-v8a/build/other_builds/hostpython3/desktop/hostpython3/Include -I/ddnB/project/shpyang/shpyang/WL/engine/.buildozer/android/platform/build-arm64-v8a/build/other_builds/hostpython3/desktop/hostpython3/native-build -c /ddnB/project/shpyang/shpyang/WL/engine/.buildozer/android/platform/build-arm64-v8a/build/other_builds/hostpython3/desktop/hostpython3/Modules/_testinternalcapi.c -o build/temp.linux-x86_64-3.11/ddnB/project/shpyang/shpyang/WL/engine/.buildozer/android/platform/build-arm64-v8a/build/other_builds/hostpython3/desktop/hostpython3/Modules/_testinternalcapi.o
[1m[90m[DEBUG][39m[0m:   	creating build/temp.linux-x86_64-3.11/ddnB/project/shpyang/shpyang/WL/engine/.buildozer/android/platform/build-arm64-v8a/build/other_builds/hostpython3/desktop/hostpython3
[1m[90m[DEBUG][39m[0m:   	gcc -pthread -fPIC -Wsign-compare -DNDEBUG -g -fwrapv -O3 -Wall -std=c11 -Wextra -Wno-unused-parameter -Wno-missing-field-initializers -Werror=implicit-function-declaration -fvisibility=hidden -I/ddnB/project/shpyang/shpyang/WL/engine/.buildozer/android/platform/build-arm64-v8a/build/other_builds/hostpython3/desktop/hostpython3/Include/internal -I. -IObjects -IPython -I/usr/local/include -I/ddnB/project/shpyang/shpyang/WL/engine/.buildozer/android/platform/build-arm64-v8a/build/other_builds/hostpython3/desktop/hostpython3/Include -I/ddnB/project/shpyang/shpyang/WL/engine/.buildozer/android/platform/build-arm64-v8a/build/other_builds/hostpython3/desktop/hostpython3/native-build -c /ddnB/project/shpyang/shpyang/WL/engine/.buildozer/android/platform/build-arm64-v8a/build/other_builds/hostpython3/desktop/hostpython3/Modules/_testbuffer.c -o build/temp.linux-x86_64-3.11/ddnB/project/shpyang/shpyang/WL/engine/.buildozer/android/platform/build-arm64-v8a/build/other_builds/hostpython3/desktop/hostpython3/Modules/_testbuffer.o
[1m[90m[DEBUG][39m[0m:   	gcc -pthread -fPIC -Wsign-compare -DNDEBUG -g -fwrapv -O3 -Wall -std=c11 -Wextra -Wno-unused-parameter -Wno-missing-field-initializers -Werror=implicit-function-declaration -fvisibility=hidden -I/ddnB/project/shpyang/shpyang/WL/engine/.buildozer/android/platform/build-arm64-v8a/build/other_builds/hostpython3/desktop/hostpython3/Include/internal -DUSE_ZLIB_CRC32 -I. -IObjects -IPython -I/usr/local/include -I/ddnB/project/shpyang/shpyang/WL/engine/.buildozer/android/platform/build-arm64-v8a/build/other_builds/hostpython3/desktop/hostpython3/Include -I/ddnB/project/shpyang/shpyang/WL/engine/.buildozer/android/platform/build-arm64-v8a/build/other_builds/hostpython3/desktop/hostpython3/native-build -c /ddnB/project/shpyang/shpyang/WL/engine/.buildozer/android/platform/build-arm64-v8a/build/other_builds/hostpython3/desktop/hostpython3/Modules/binascii.c -o build/temp.linux-x86_64-3.11/ddnB/project/shpyang/shpyang/WL/engine/.buildozer/android/platform/build-arm64-v8a/build/other_builds/hostpython3/desktop/hostpython3/Modules/binascii.o
[1m[90m[DEBUG][39m[0m:   	gcc -pthread -fPIC -Wsign-compare -DNDEBUG -g -fwrapv -O3 -Wall -std=c11 -Wextra -Wno-unused-parameter -Wno-missing-field-initializers -Werror=implicit-function-declaration -fvisibility=hidden -I/ddnB/project/shpyang/shpyang/WL/engine/.buildozer/android/platform/build-arm64-v8a/build/other_builds/hostpython3/desktop/hostpython3/Include/internal -I. -IObjects -IPython -I/usr/local/include -I/ddnB/project/shpyang/shpyang/WL/engine/.buildozer/android/platform/build-arm64-v8a/build/other_builds/hostpython3/desktop/hostpython3/Include -I/ddnB/project/shpyang/shpyang/WL/engine/.buildozer/android/platform/build-arm64-v8a/build/other_builds/hostpython3/desktop/hostpython3/native-build -c /ddnB/project/shpyang/shpyang/WL/engine/.buildozer/android/platform/build-arm64-v8a/build/other_builds/hostpython3/desktop/hostpython3/Modules/_statisticsmodule.c -o build/temp.linux-x86_64-3.11/ddnB/project/shpyang/shpyang/WL/engine/.buildozer/android/platform/build-arm64-v8a/build/other_builds/hostpython3/desktop/hostpython3/Modules/_statisticsmodule.o
[1m[90m[DEBUG][39m[0m:   	gcc -pthread -fPIC -Wsign-compare -DNDEBUG -g -fwrapv -O3 -Wall -std=c11 -Wextra -Wno-unused-parameter -Wno-missing-field-initializers -Werror=implicit-function-declaration -fvisibility=hidden -I/ddnB/project/shpyang/shpyang/WL/engine/.buildozer/android/platform/build-arm64-v8a/build/other_builds/hostpython3/desktop/hostpython3/Include/internal -I. -IObjects -IPython -I/usr/local/include -I/ddnB/project/shpyang/shpyang/WL/engine/.buildozer/android/platform/build-arm64-v8a/build/other_builds/hostpython3/desktop/hostpython3/Include -I/ddnB/project/shpyang/shpyang/WL/engine/.buildozer/android/platform/build-arm64-v8a/build/other_builds/hostpython3/desktop/hostpython3/native-build -c /ddnB/project/shpyang/shpyang/WL/engine/.buildozer/android/platform/build-arm64-v8a/build/other_builds/hostpython3/desktop/hostpython3/Modules/_struct.c -o build/temp.linux-x86_64-3.11/ddnB/project/shpyang/shpyang/WL/engine/.buildozer/android/platform/build-arm64-v8a/build/other_builds/hostpython3/desktop/hostpython3/Modules/_struct.o
[1m[90m[DEBUG][39m[0m:   	creating build/temp.linux-x86_64-3.11/ddnB/project/shpyang/shpyang/WL/engine/.buildozer/android/platform/build-arm64-v8a/build/other_builds/hostpython3/desktop/hostpython3/Modules
[1m[90m[DEBUG][39m[0m:   	gcc -pthread -fPIC -Wsign-compare -DNDEBUG -g -fwrapv -O3 -Wall -std=c11 -Wextra -Wno-unused-parameter -Wno-missing-field-initializers -Werror=implicit-function-declaration -fvisibility=hidden -I/ddnB/project/shpyang/shpyang/WL/engine/.buildozer/android/platform/build-arm64-v8a/build/other_builds/hostpython3/desktop/hostpython3/Include/internal -I. -IObjects -IPython -I/usr/local/include -I/ddnB/project/shpyang/shpyang/WL/engine/.buildozer/android/platform/build-arm64-v8a/build/other_builds/hostpython3/desktop/hostpython3/Include -I/ddnB/project/shpyang/shpyang/WL/engine/.buildozer/android/platform/build-arm64-v8a/build/other_builds/hostpython3/desktop/hostpython3/native-build -c /ddnB/project/shpyang/shpyang/WL/engine/.buildozer/android/platform/build-arm64-v8a/build/other_builds/hostpython3/desktop/hostpython3/Modules/sha1module.c -o build/temp.linux-x86_64-3.11/ddnB/project/shpyang/shpyang/WL/engine/.buildozer/android/platform/build-arm64-v8a/build/other_builds/hostpython3/desktop/hostpython3/Modules/sha1module.o
[1m[90m[DEBUG][39m[0m:   	gcc -pthread -fPIC -Wsign-compare -DNDEBUG -g -fwrapv -O3 -Wall -std=c11 -Wextra -Wno-unused-parameter -Wno-missing-field-initializers -Werror=implicit-function-declaration -fvisibility=hidden -I/ddnB/project/shpyang/shpyang/WL/engine/.buildozer/android/platform/build-arm64-v8a/build/other_builds/hostpython3/desktop/hostpython3/Include/internal -I. -IObjects -IPython -I/usr/local/include -I/ddnB/project/shpyang/shpyang/WL/engine/.buildozer/android/platform/build-arm64-v8a/build/other_builds/hostpython3/desktop/hostpython3/Include -I/ddnB/project/shpyang/shpyang/WL/engine/.buildozer/android/platform/build-arm64-v8a/build/other_builds/hostpython3/desktop/hostpython3/native-build -c /ddnB/project/shpyang/shpyang/WL/engine/.buildozer/android/platform/build-arm64-v8a/build/other_builds/hostpython3/desktop/hostpython3/Modules/socketmodule.c -o build/temp.linux-x86_64-3.11/ddnB/project/shpyang/shpyang/WL/engine/.buildozer/android/platform/build-arm64-v8a/build/other_builds/hostpython3/desktop/hostpython3/Modules/socketmodule.o
[1m[90m[DEBUG][39m[0m:   	gcc -pthread -fPIC -Wsign-compare -DNDEBUG -g -fwrapv -O3 -Wall -std=c11 -Wextra -Wno-unused-parameter -Wno-missing-field-initializers -Werror=implicit-function-declaration -fvisibility=hidden -I/ddnB/project/shpyang/shpyang/WL/engine/.buildozer/android/platform/build-arm64-v8a/build/other_builds/hostpython3/desktop/hostpython3/Include/internal -I. -IObjects -IPython -I/usr/local/include -I/ddnB/project/shpyang/shpyang/WL/engine/.buildozer/android/platform/build-arm64-v8a/build/other_builds/hostpython3/desktop/hostpython3/Include -I/ddnB/project/shpyang/shpyang/WL/engine/.buildozer/android/platform/build-arm64-v8a/build/other_builds/hostpython3/desktop/hostpython3/native-build -c /ddnB/project/shpyang/shpyang/WL/engine/.buildozer/android/platform/build-arm64-v8a/build/other_builds/hostpython3/desktop/hostpython3/Modules/_zoneinfo.c -o build/temp.linux-x86_64-3.11/ddnB/project/shpyang/shpyang/WL/engine/.buildozer/android/platform/build-arm64-v8a/build/other_builds/hostpython3/desktop/hostpython3/Modules/_zoneinfo.o
[1m[90m[DEBUG][39m[0m:   	gcc -pthread -fPIC -Wsign-compare -DNDEBUG -g -fwrapv -O3 -Wall -std=c11 -Wextra -Wno-unused-parameter -Wno-missing-field-initializers -Werror=implicit-function-declaration -fvisibility=hidden -I/ddnB/project/shpyang/shpyang/WL/engine/.buildozer/android/platform/build-arm64-v8a/build/other_builds/hostpython3/desktop/hostpython3/Include/internal -I/ddnB/project/shpyang/shpyang/WL/engine/.buildozer/android/platform/build-arm64-v8a/build/other_builds/hostpython3/desktop/hostpython3/Modules/expat -I. -IObjects -IPython -I/usr/local/include -I/ddnB/project/shpyang/shpyang/WL/engine/.buildozer/android/platform/build-arm64-v8a/build/other_builds/hostpython3/desktop/hostpython3/Include -I/ddnB/project/shpyang/shpyang/WL/engine/.buildozer/android/platform/build-arm64-v8a/build/other_builds/hostpython3/desktop/hostpython3/native-build -c /ddnB/project/shpyang/shpyang/WL/engine/.buildozer/android/platform/build-arm64-v8a/build/other_builds/hostpython3/desktop/hostpython3/Modules/pyexpat.c -o build/temp.linux-x86_64-3.11/ddnB/project/shpyang/shpyang/WL/engine/.buildozer/android/platform/build-arm64-v8a/build/other_builds/hostpython3/desktop/hostpython3/Modules/pyexpat.o
[1m[90m[DEBUG][39m[0m:   	creating build/temp.linux-x86_64-3.11/ddnB/project/shpyang/shpyang/WL/engine/.buildozer/android/platform/build-arm64-v8a/build/other_builds/hostpython3/desktop/hostpython3/Modules
[1m[90m[DEBUG][39m[0m:   	creating build/temp.linux-x86_64-3.11/ddnB/project/shpyang/shpyang/WL/engine/.buildozer/android/platform/build-arm64-v8a/build/other_builds/hostpython3/desktop/hostpython3/Modules
[1m[90m[DEBUG][39m[0m:   	creating build/temp.linux-x86_64-3.11/ddnB/project/shpyang/shpyang/WL/engine/.buildozer/android/platform/build-arm64-v8a/build/other_builds/hostpython3/desktop/hostpython3/Modules
[1m[90m[DEBUG][39m[0m:   	gcc -pthread -fPIC -Wsign-compare -DNDEBUG -g -fwrapv -O3 -Wall -std=c11 -Wextra -Wno-unused-parameter -Wno-missing-field-initializers -Werror=implicit-function-declaration -fvisibility=hidden -I/ddnB/project/shpyang/shpyang/WL/engine/.buildozer/android/platform/build-arm64-v8a/build/other_builds/hostpython3/desktop/hostpython3/Include/internal -I. -IObjects -IPython -I/usr/local/include -I/ddnB/project/shpyang/shpyang/WL/engine/.buildozer/android/platform/build-arm64-v8a/build/other_builds/hostpython3/desktop/hostpython3/Include -I/ddnB/project/shpyang/shpyang/WL/engine/.buildozer/android/platform/build-arm64-v8a/build/other_builds/hostpython3/desktop/hostpython3/native-build -c /ddnB/project/shpyang/shpyang/WL/engine/.buildozer/android/platform/build-arm64-v8a/build/other_builds/hostpython3/desktop/hostpython3/Modules/ossaudiodev.c -o build/temp.linux-x86_64-3.11/ddnB/project/shpyang/shpyang/WL/engine/.buildozer/android/platform/build-arm64-v8a/build/other_builds/hostpython3/desktop/hostpython3/Modules/ossaudiodev.o
[1m[90m[DEBUG][39m[0m:   	gcc -pthread -fPIC -Wsign-compare -DNDEBUG -g -fwrapv -O3 -Wall -std=c11 -Wextra -Wno-unused-parameter -Wno-missing-field-initializers -Werror=implicit-function-declaration -fvisibility=hidden -I/ddnB/project/shpyang/shpyang/WL/engine/.buildozer/android/platform/build-arm64-v8a/build/other_builds/hostpython3/desktop/hostpython3/Include/internal -I. -IObjects -IPython -I/usr/local/include -I/ddnB/project/shpyang/shpyang/WL/engine/.buildozer/android/platform/build-arm64-v8a/build/other_builds/hostpython3/desktop/hostpython3/Include -I/ddnB/project/shpyang/shpyang/WL/engine/.buildozer/android/platform/build-arm64-v8a/build/other_builds/hostpython3/desktop/hostpython3/native-build -c /ddnB/project/shpyang/shpyang/WL/engine/.buildozer/android/platform/build-arm64-v8a/build/other_builds/hostpython3/desktop/hostpython3/Modules/audioop.c -o build/temp.linux-x86_64-3.11/ddnB/project/shpyang/shpyang/WL/engine/.buildozer/android/platform/build-arm64-v8a/build/other_builds/hostpython3/desktop/hostpython3/Modules/audioop.o
[1m[90m[DEBUG][39m[0m:   	creating build/temp.linux-x86_64-3.11/ddnB/project/shpyang/shpyang/WL/engine/.buildozer/android/platform/build-arm64-v8a/build/other_builds/hostpython3/desktop/hostpython3/Modules/_sqlite
[1m[90m[DEBUG][39m[0m:   	gcc -pthread -fPIC -Wsign-compare -DNDEBUG -g -fwrapv -O3 -Wall -std=c11 -Wextra -Wno-unused-parameter -Wno-missing-field-initializers -Werror=implicit-function-declaration -fvisibility=hidden -I/ddnB/project/shpyang/shpyang/WL/engine/.buildozer/android/platform/build-arm64-v8a/build/other_builds/hostpython3/desktop/hostpython3/Include/internal -I. -IObjects -IPython -I/usr/local/include -I/ddnB/project/shpyang/shpyang/WL/engine/.buildozer/android/platform/build-arm64-v8a/build/other_builds/hostpython3/desktop/hostpython3/Include -I/ddnB/project/shpyang/shpyang/WL/engine/.buildozer/android/platform/build-arm64-v8a/build/other_builds/hostpython3/desktop/hostpython3/native-build -c /ddnB/project/shpyang/shpyang/WL/engine/.buildozer/android/platform/build-arm64-v8a/build/other_builds/hostpython3/desktop/hostpython3/Modules/_xxsubinterpretersmodule.c -o build/temp.linux-x86_64-3.11/ddnB/project/shpyang/shpyang/WL/engine/.buildozer/android/platform/build-arm64-v8a/build/other_builds/hostpython3/desktop/hostpython3/Modules/_xxsubinterpretersmodule.o
[1m[90m[DEBUG][39m[0m:   	gcc -pthread -fPIC -Wsign-compare -DNDEBUG -g -fwrapv -O3 -Wall -std=c11 -Wextra -Wno-unused-parameter -Wno-missing-field-initializers -Werror=implicit-function-declaration -fvisibility=hidden -I/ddnB/project/shpyang/shpyang/WL/engine/.buildozer/android/platform/build-arm64-v8a/build/other_builds/hostpython3/desktop/hostpython3/Include/internal -I. -IObjects -IPython -I/usr/local/include -I/ddnB/project/shpyang/shpyang/WL/engine/.buildozer/android/platform/build-arm64-v8a/build/other_builds/hostpython3/desktop/hostpython3/Include -I/ddnB/project/shpyang/shpyang/WL/engine/.buildozer/android/platform/build-arm64-v8a/build/other_builds/hostpython3/desktop/hostpython3/native-build -c /ddnB/project/shpyang/shpyang/WL/engine/.buildozer/android/platform/build-arm64-v8a/build/other_builds/hostpython3/desktop/hostpython3/Modules/_sha3/sha3module.c -o build/temp.linux-x86_64-3.11/ddnB/project/shpyang/shpyang/WL/engine/.buildozer/android/platform/build-arm64-v8a/build/other_builds/hostpython3/desktop/hostpython3/Modules/_sha3/sha3module.o
[1m[90m[DEBUG][39m[0m:   	gcc -pthread -fPIC -Wsign-compare -DNDEBUG -g -fwrapv -O3 -Wall -std=c11 -Wextra -Wno-unused-parameter -Wno-missing-field-initializers -Werror=implicit-function-declaration -fvisibility=hidden -I/ddnB/project/shpyang/shpyang/WL/engine/.buildozer/android/platform/build-arm64-v8a/build/other_builds/hostpython3/desktop/hostpython3/Include/internal -I. -IObjects -IPython -I/usr/local/include -I/ddnB/project/shpyang/shpyang/WL/engine/.buildozer/android/platform/build-arm64-v8a/build/other_builds/hostpython3/desktop/hostpython3/Include -I/ddnB/project/shpyang/shpyang/WL/engine/.buildozer/android/platform/build-arm64-v8a/build/other_builds/hostpython3/desktop/hostpython3/native-build -c /ddnB/project/shpyang/shpyang/WL/engine/.buildozer/android/platform/build-arm64-v8a/build/other_builds/hostpython3/desktop/hostpython3/Modules/syslogmodule.c -o build/temp.linux-x86_64-3.11/ddnB/project/shpyang/shpyang/WL/engine/.buildozer/android/platform/build-arm64-v8a/build/other_builds/hostpython3/desktop/hostpython3/Modules/syslogmodule.o
[1m[90m[DEBUG][39m[0m:   	gcc -pthread -fPIC -Wsign-compare -DNDEBUG -g -fwrapv -O3 -Wall -std=c11 -Wextra -Wno-unused-parameter -Wno-missing-field-initializers -Werror=implicit-function-declaration -fvisibility=hidden -I/ddnB/project/shpyang/shpyang/WL/engine/.buildozer/android/platform/build-arm64-v8a/build/other_builds/hostpython3/desktop/hostpython3/Include/internal -I. -IObjects -IPython -I/usr/local/include -I/ddnB/project/shpyang/shpyang/WL/engine/.buildozer/android/platform/build-arm64-v8a/build/other_builds/hostpython3/desktop/hostpython3/Include -I/ddnB/project/shpyang/shpyang/WL/engine/.buildozer/android/platform/build-arm64-v8a/build/other_builds/hostpython3/desktop/hostpython3/native-build -c /ddnB/project/shpyang/shpyang/WL/engine/.buildozer/android/platform/build-arm64-v8a/build/other_builds/hostpython3/desktop/hostpython3/Modules/_typingmodule.c -o build/temp.linux-x86_64-3.11/ddnB/project/shpyang/shpyang/WL/engine/.buildozer/android/platform/build-arm64-v8a/build/other_builds/hostpython3/desktop/hostpython3/Modules/_typingmodule.o
[1m[90m[DEBUG][39m[0m:   	gcc -pthread -fPIC -Wsign-compare -DNDEBUG -g -fwrapv -O3 -Wall -std=c11 -Wextra -Wno-unused-parameter -Wno-missing-field-initializers -Werror=implicit-function-declaration -fvisibility=hidden -I/ddnB/project/shpyang/shpyang/WL/engine/.buildozer/android/platform/build-arm64-v8a/build/other_builds/hostpython3/desktop/hostpython3/Include/internal -I. -IObjects -IPython -I/usr/local/include -I/ddnB/project/shpyang/shpyang/WL/engine/.buildozer/android/platform/build-arm64-v8a/build/other_builds/hostpython3/desktop/hostpython3/Include -I/ddnB/project/shpyang/shpyang/WL/engine/.buildozer/android/platform/build-arm64-v8a/build/other_builds/hostpython3/desktop/hostpython3/native-build -c /ddnB/project/shpyang/shpyang/WL/engine/.buildozer/android/platform/build-arm64-v8a/build/other_builds/hostpython3/desktop/hostpython3/Modules/_hashopenssl.c -o build/temp.linux-x86_64-3.11/ddnB/project/shpyang/shpyang/WL/engine/.buildozer/android/platform/build-arm64-v8a/build/other_builds/hostpython3/desktop/hostpython3/Modules/_hashopenssl.o
[1m[90m[DEBUG][39m[0m:   	gcc -pthread -fPIC -Wsign-compare -DNDEBUG -g -fwrapv -O3 -Wall -std=c11 -Wextra -Wno-unused-parameter -Wno-missing-field-initializers -Werror=implicit-function-declaration -fvisibility=hidden -I/ddnB/project/shpyang/shpyang/WL/engine/.buildozer/android/platform/build-arm64-v8a/build/other_builds/hostpython3/desktop/hostpython3/Include/internal -I/ddnB/project/shpyang/shpyang/WL/engine/.buildozer/android/platform/build-arm64-v8a/build/other_builds/hostpython3/desktop/hostpython3/Modules/expat -I. -IObjects -IPython -I/usr/local/include -I/ddnB/project/shpyang/shpyang/WL/engine/.buildozer/android/platform/build-arm64-v8a/build/other_builds/hostpython3/desktop/hostpython3/Include -I/ddnB/project/shpyang/shpyang/WL/engine/.buildozer/android/platform/build-arm64-v8a/build/other_builds/hostpython3/desktop/hostpython3/native-build -c /ddnB/project/shpyang/shpyang/WL/engine/.buildozer/android/platform/build-arm64-v8a/build/other_builds/hostpython3/desktop/hostpython3/Modules/_elementtree.c -o build/temp.linux-x86_64-3.11/ddnB/project/shpyang/shpyang/WL/engine/.buildozer/android/platform/build-arm64-v8a/build/other_builds/hostpython3/desktop/hostpython3/Modules/_elementtree.o
[1m[90m[DEBUG][39m[0m:   	gcc -pthread -fPIC -Wsign-compare -DNDEBUG -g -fwrapv -O3 -Wall -std=c11 -Wextra -Wno-unused-parameter -Wno-missing-field-initializers -Werror=implicit-function-declaration -fvisibility=hidden -I/ddnB/project/shpyang/shpyang/WL/engine/.buildozer/android/platform/build-arm64-v8a/build/other_builds/hostpython3/desktop/hostpython3/Include/internal -I. -IObjects -IPython -I/usr/local/include -I/ddnB/project/shpyang/shpyang/WL/engine/.buildozer/android/platform/build-arm64-v8a/build/other_builds/hostpython3/desktop/hostpython3/Include -I/ddnB/project/shpyang/shpyang/WL/engine/.buildozer/android/platform/build-arm64-v8a/build/other_builds/hostpython3/desktop/hostpython3/native-build -c /ddnB/project/shpyang/shpyang/WL/engine/.buildozer/android/platform/build-arm64-v8a/build/other_builds/hostpython3/desktop/hostpython3/Modules/_contextvarsmodule.c -o build/temp.linux-x86_64-3.11/ddnB/project/shpyang/shpyang/WL/engine/.buildozer/android/platform/build-arm64-v8a/build/other_builds/hostpython3/desktop/hostpython3/Modules/_contextvarsmodule.o
[1m[90m[DEBUG][39m[0m:   	gcc -pthread -fPIC -Wsign-compare -DNDEBUG -g -fwrapv -O3 -Wall -std=c11 -Wextra -Wno-unused-parameter -Wno-missing-field-initializers -Werror=implicit-function-declaration -fvisibility=hidden -I/ddnB/project/shpyang/shpyang/WL/engine/.buildozer/android/platform/build-arm64-v8a/build/other_builds/hostpython3/desktop/hostpython3/Include/internal -I. -IObjects -IPython -I/usr/local/include -I/ddnB/project/shpyang/shpyang/WL/engine/.buildozer/android/platform/build-arm64-v8a/build/other_builds/hostpython3/desktop/hostpython3/Include -I/ddnB/project/shpyang/shpyang/WL/engine/.buildozer/android/platform/build-arm64-v8a/build/other_builds/hostpython3/desktop/hostpython3/native-build -c /ddnB/project/shpyang/shpyang/WL/engine/.buildozer/android/platform/build-arm64-v8a/build/other_builds/hostpython3/desktop/hostpython3/Modules/_lsprof.c -o build/temp.linux-x86_64-3.11/ddnB/project/shpyang/shpyang/WL/engine/.buildozer/android/platform/build-arm64-v8a/build/other_builds/hostpython3/desktop/hostpython3/Modules/_lsprof.o
[1m[90m[DEBUG][39m[0m:   	gcc -pthread -fPIC -Wsign-compare -DNDEBUG -g -fwrapv -O3 -Wall -std=c11 -Wextra -Wno-unused-parameter -Wno-missing-field-initializers -Werror=implicit-function-declaration -fvisibility=hidden -I/ddnB/project/shpyang/shpyang/WL/engine/.buildozer/android/platform/build-arm64-v8a/build/other_builds/hostpython3/desktop/hostpython3/Include/internal -I. -IObjects -IPython -I/usr/local/include -I/ddnB/project/shpyang/shpyang/WL/engine/.buildozer/android/platform/build-arm64-v8a/build/other_builds/hostpython3/desktop/hostpython3/Include -I/ddnB/project/shpyang/shpyang/WL/engine/.buildozer/android/platform/build-arm64-v8a/build/other_builds/hostpython3/desktop/hostpython3/native-build -c /ddnB/project/shpyang/shpyang/WL/engine/.buildozer/android/platform/build-arm64-v8a/build/other_builds/hostpython3/desktop/hostpython3/Modules/_opcode.c -o build/temp.linux-x86_64-3.11/ddnB/project/shpyang/shpyang/WL/engine/.buildozer/android/platform/build-arm64-v8a/build/other_builds/hostpython3/desktop/hostpython3/Modules/_opcode.o
[1m[90m[DEBUG][39m[0m:   	gcc -pthread -fPIC -Wsign-compare -DNDEBUG -g -fwrapv -O3 -Wall -std=c11 -Wextra -Wno-unused-parameter -Wno-missing-field-initializers -Werror=implicit-function-declaration -fvisibility=hidden -I/ddnB/project/shpyang/shpyang/WL/engine/.buildozer/android/platform/build-arm64-v8a/build/other_builds/hostpython3/desktop/hostpython3/Include/internal -I. -IObjects -IPython -I/usr/local/include -I/ddnB/project/shpyang/shpyang/WL/engine/.buildozer/android/platform/build-arm64-v8a/build/other_builds/hostpython3/desktop/hostpython3/Include -I/ddnB/project/shpyang/shpyang/WL/engine/.buildozer/android/platform/build-arm64-v8a/build/other_builds/hostpython3/desktop/hostpython3/native-build -c /ddnB/project/shpyang/shpyang/WL/engine/.buildozer/android/platform/build-arm64-v8a/build/other_builds/hostpython3/desktop/hostpython3/Modules/grpmodule.c -o build/temp.linux-x86_64-3.11/ddnB/project/shpyang/shpyang/WL/engine/.buildozer/android/platform/build-arm64-v8a/build/other_builds/hostpython3/desktop/hostpython3/Modules/grpmodule.o
[1m[90m[DEBUG][39m[0m:   	gcc -pthread -fPIC -Wsign-compare -DNDEBUG -g -fwrapv -O3 -Wall -std=c11 -Wextra -Wno-unused-parameter -Wno-missing-field-initializers -Werror=implicit-function-declaration -fvisibility=hidden -I/ddnB/project/shpyang/shpyang/WL/engine/.buildozer/android/platform/build-arm64-v8a/build/other_builds/hostpython3/desktop/hostpython3/Include/internal -I. -IObjects -IPython -I/usr/local/include -I/ddnB/project/shpyang/shpyang/WL/engine/.buildozer/android/platform/build-arm64-v8a/build/other_builds/hostpython3/desktop/hostpython3/Include -I/ddnB/project/shpyang/shpyang/WL/engine/.buildozer/android/platform/build-arm64-v8a/build/other_builds/hostpython3/desktop/hostpython3/native-build -c /ddnB/project/shpyang/shpyang/WL/engine/.buildozer/android/platform/build-arm64-v8a/build/other_builds/hostpython3/desktop/hostpython3/Modules/cjkcodecs/_codecs_kr.c -o build/temp.linux-x86_64-3.11/ddnB/project/shpyang/shpyang/WL/engine/.buildozer/android/platform/build-arm64-v8a/build/other_builds/hostpython3/desktop/hostpython3/Modules/cjkcodecs/_codecs_kr.o
[1m[90m[DEBUG][39m[0m:   	creating build/temp.linux-x86_64-3.11/ddnB/project/shpyang/shpyang/WL/engine/.buildozer/android/platform/build-arm64-v8a/build/other_builds/hostpython3/desktop/hostpython3/Modules
[1m[90m[DEBUG][39m[0m:   	gcc -pthread -fPIC -Wsign-compare -DNDEBUG -g -fwrapv -O3 -Wall -std=c11 -Wextra -Wno-unused-parameter -Wno-missing-field-initializers -Werror=implicit-function-declaration -fvisibility=hidden -I/ddnB/project/shpyang/shpyang/WL/engine/.buildozer/android/platform/build-arm64-v8a/build/other_builds/hostpython3/desktop/hostpython3/Include/internal -I. -IObjects -IPython -I/usr/local/include -I/ddnB/project/shpyang/shpyang/WL/engine/.buildozer/android/platform/build-arm64-v8a/build/other_builds/hostpython3/desktop/hostpython3/Include -I/ddnB/project/shpyang/shpyang/WL/engine/.buildozer/android/platform/build-arm64-v8a/build/other_builds/hostpython3/desktop/hostpython3/native-build -c /ddnB/project/shpyang/shpyang/WL/engine/.buildozer/android/platform/build-arm64-v8a/build/other_builds/hostpython3/desktop/hostpython3/Modules/arraymodule.c -o build/temp.linux-x86_64-3.11/ddnB/project/shpyang/shpyang/WL/engine/.buildozer/android/platform/build-arm64-v8a/build/other_builds/hostpython3/desktop/hostpython3/Modules/arraymodule.o
[1m[90m[DEBUG][39m[0m:   	gcc -pthread -fPIC -Wsign-compare -DNDEBUG -g -fwrapv -O3 -Wall -std=c11 -Wextra -Wno-unused-parameter -Wno-missing-field-initializers -Werror=implicit-function-declaration -fvisibility=hidden -I/ddnB/project/shpyang/shpyang/WL/engine/.buildozer/android/platform/build-arm64-v8a/build/other_builds/hostpython3/desktop/hostpython3/Include/internal -I. -IObjects -IPython -I/usr/local/include -I/ddnB/project/shpyang/shpyang/WL/engine/.buildozer/android/platform/build-arm64-v8a/build/other_builds/hostpython3/desktop/hostpython3/Include -I/ddnB/project/shpyang/shpyang/WL/engine/.buildozer/android/platform/build-arm64-v8a/build/other_builds/hostpython3/desktop/hostpython3/native-build -c /ddnB/project/shpyang/shpyang/WL/engine/.buildozer/android/platform/build-arm64-v8a/build/other_builds/hostpython3/desktop/hostpython3/Modules/_asynciomodule.c -o build/temp.linux-x86_64-3.11/ddnB/project/shpyang/shpyang/WL/engine/.buildozer/android/platform/build-arm64-v8a/build/other_builds/hostpython3/desktop/hostpython3/Modules/_asynciomodule.o
[1m[90m[DEBUG][39m[0m:   	gcc -pthread -fPIC -Wsign-compare -DNDEBUG -g -fwrapv -O3 -Wall -std=c11 -Wextra -Wno-unused-parameter -Wno-missing-field-initializers -Werror=implicit-function-declaration -fvisibility=hidden -I/ddnB/project/shpyang/shpyang/WL/engine/.buildozer/android/platform/build-arm64-v8a/build/other_builds/hostpython3/desktop/hostpython3/Include/internal -I/ddnB/project/shpyang/shpyang/WL/engine/.buildozer/android/platform/build-arm64-v8a/build/other_builds/hostpython3/desktop/hostpython3/Modules/_sqlite -I. -IObjects -IPython -I/usr/local/include -I/ddnB/project/shpyang/shpyang/WL/engine/.buildozer/android/platform/build-arm64-v8a/build/other_builds/hostpython3/desktop/hostpython3/Include -I/ddnB/project/shpyang/shpyang/WL/engine/.buildozer/android/platform/build-arm64-v8a/build/other_builds/hostpython3/desktop/hostpython3/native-build -c /ddnB/project/shpyang/shpyang/WL/engine/.buildozer/android/platform/build-arm64-v8a/build/other_builds/hostpython3/desktop/hostpython3/Modules/_sqlite/blob.c -o build/temp.linux-x86_64-3.11/ddnB/project/shpyang/shpyang/WL/engine/.buildozer/android/platform/build-arm64-v8a/build/other_builds/hostpython3/desktop/hostpython3/Modules/_sqlite/blob.o
[1m[90m[DEBUG][39m[0m:   	gcc -pthread -fPIC -Wsign-compare -DNDEBUG -g -fwrapv -O3 -Wall -std=c11 -Wextra -Wno-unused-parameter -Wno-missing-field-initializers -Werror=implicit-function-declaration -fvisibility=hidden -I/ddnB/project/shpyang/shpyang/WL/engine/.buildozer/android/platform/build-arm64-v8a/build/other_builds/hostpython3/desktop/hostpython3/Include/internal -I. -IObjects -IPython -I/usr/local/include -I/ddnB/project/shpyang/shpyang/WL/engine/.buildozer/android/platform/build-arm64-v8a/build/other_builds/hostpython3/desktop/hostpython3/Include -I/ddnB/project/shpyang/shpyang/WL/engine/.buildozer/android/platform/build-arm64-v8a/build/other_builds/hostpython3/desktop/hostpython3/native-build -c /ddnB/project/shpyang/shpyang/WL/engine/.buildozer/android/platform/build-arm64-v8a/build/other_builds/hostpython3/desktop/hostpython3/Modules/cjkcodecs/_codecs_jp.c -o build/temp.linux-x86_64-3.11/ddnB/project/shpyang/shpyang/WL/engine/.buildozer/android/platform/build-arm64-v8a/build/other_builds/hostpython3/desktop/hostpython3/Modules/cjkcodecs/_codecs_jp.o
[1m[90m[DEBUG][39m[0m:   	gcc -pthread -fPIC -Wsign-compare -DNDEBUG -g -fwrapv -O3 -Wall -std=c11 -Wextra -Wno-unused-parameter -Wno-missing-field-initializers -Werror=implicit-function-declaration -fvisibility=hidden -I/ddnB/project/shpyang/shpyang/WL/engine/.buildozer/android/platform/build-arm64-v8a/build/other_builds/hostpython3/desktop/hostpython3/Include/internal -I. -IObjects -IPython -I/usr/local/include -I/ddnB/project/shpyang/shpyang/WL/engine/.buildozer/android/platform/build-arm64-v8a/build/other_builds/hostpython3/desktop/hostpython3/Include -I/ddnB/project/shpyang/shpyang/WL/engine/.buildozer/android/platform/build-arm64-v8a/build/other_builds/hostpython3/desktop/hostpython3/native-build -c /ddnB/project/shpyang/shpyang/WL/engine/.buildozer/android/platform/build-arm64-v8a/build/other_builds/hostpython3/desktop/hostpython3/Modules/_bz2module.c -o build/temp.linux-x86_64-3.11/ddnB/project/shpyang/shpyang/WL/engine/.buildozer/android/platform/build-arm64-v8a/build/other_builds/hostpython3/desktop/hostpython3/Modules/_bz2module.o
[1m[90m[DEBUG][39m[0m:   	gcc -pthread -fPIC -Wsign-compare -DNDEBUG -g -fwrapv -O3 -Wall -std=c11 -Wextra -Wno-unused-parameter -Wno-missing-field-initializers -Werror=implicit-function-declaration -fvisibility=hidden -I/ddnB/project/shpyang/shpyang/WL/engine/.buildozer/android/platform/build-arm64-v8a/build/other_builds/hostpython3/desktop/hostpython3/Include/internal -I. -IObjects -IPython -I/usr/local/include -I/ddnB/project/shpyang/shpyang/WL/engine/.buildozer/android/platform/build-arm64-v8a/build/other_builds/hostpython3/desktop/hostpython3/Include -I/ddnB/project/shpyang/shpyang/WL/engine/.buildozer/android/platform/build-arm64-v8a/build/other_builds/hostpython3/desktop/hostpython3/native-build -c /ddnB/project/shpyang/shpyang/WL/engine/.buildozer/android/platform/build-arm64-v8a/build/other_builds/hostpython3/desktop/hostpython3/Modules/zlibmodule.c -o build/temp.linux-x86_64-3.11/ddnB/project/shpyang/shpyang/WL/engine/.buildozer/android/platform/build-arm64-v8a/build/other_builds/hostpython3/desktop/hostpython3/Modules/zlibmodule.o
[1m[90m[DEBUG][39m[0m:   	gcc -pthread -fPIC -Wsign-compare -DNDEBUG -g -fwrapv -O3 -Wall -std=c11 -Wextra -Wno-unused-parameter -Wno-missing-field-initializers -Werror=implicit-function-declaration -fvisibility=hidden -I/ddnB/project/shpyang/shpyang/WL/engine/.buildozer/android/platform/build-arm64-v8a/build/other_builds/hostpython3/desktop/hostpython3/Include/internal -I. -IObjects -IPython -I/usr/local/include -I/ddnB/project/shpyang/shpyang/WL/engine/.buildozer/android/platform/build-arm64-v8a/build/other_builds/hostpython3/desktop/hostpython3/Include -I/ddnB/project/shpyang/shpyang/WL/engine/.buildozer/android/platform/build-arm64-v8a/build/other_builds/hostpython3/desktop/hostpython3/native-build -c /ddnB/project/shpyang/shpyang/WL/engine/.buildozer/android/platform/build-arm64-v8a/build/other_builds/hostpython3/desktop/hostpython3/Modules/cjkcodecs/_codecs_cn.c -o build/temp.linux-x86_64-3.11/ddnB/project/shpyang/shpyang/WL/engine/.buildozer/android/platform/build-arm64-v8a/build/other_builds/hostpython3/desktop/hostpython3/Modules/cjkcodecs/_codecs_cn.o
[1m[90m[DEBUG][39m[0m:   	gcc -pthread -fPIC -Wsign-compare -DNDEBUG -g -fwrapv -O3 -Wall -std=c11 -Wextra -Wno-unused-parameter -Wno-missing-field-initializers -Werror=implicit-function-declaration -fvisibility=hidden -I/ddnB/project/shpyang/shpyang/WL/engine/.buildozer/android/platform/build-arm64-v8a/build/other_builds/hostpython3/desktop/hostpython3/Include/internal -I. -IObjects -IPython -I/usr/local/include -I/ddnB/project/shpyang/shpyang/WL/engine/.buildozer/android/platform/build-arm64-v8a/build/other_builds/hostpython3/desktop/hostpython3/Include -I/ddnB/project/shpyang/shpyang/WL/engine/.buildozer/android/platform/build-arm64-v8a/build/other_builds/hostpython3/desktop/hostpython3/native-build -c /ddnB/project/shpyang/shpyang/WL/engine/.buildozer/android/platform/build-arm64-v8a/build/other_builds/hostpython3/desktop/hostpython3/Modules/_bisectmodule.c -o build/temp.linux-x86_64-3.11/ddnB/project/shpyang/shpyang/WL/engine/.buildozer/android/platform/build-arm64-v8a/build/other_builds/hostpython3/desktop/hostpython3/Modules/_bisectmodule.o
[1m[90m[DEBUG][39m[0m:   	gcc -pthread -fPIC -Wsign-compare -DNDEBUG -g -fwrapv -O3 -Wall -std=c11 -Wextra -Wno-unused-parameter -Wno-missing-field-initializers -Werror=implicit-function-declaration -fvisibility=hidden -I/ddnB/project/shpyang/shpyang/WL/engine/.buildozer/android/platform/build-arm64-v8a/build/other_builds/hostpython3/desktop/hostpython3/Include/internal -DHAVE_NCURSESW=1 -I/usr/include/ncursesw -I. -IObjects -IPython -I/usr/local/include -I/ddnB/project/shpyang/shpyang/WL/engine/.buildozer/android/platform/build-arm64-v8a/build/other_builds/hostpython3/desktop/hostpython3/Include -I/ddnB/project/shpyang/shpyang/WL/engine/.buildozer/android/platform/build-arm64-v8a/build/other_builds/hostpython3/desktop/hostpython3/native-build -c /ddnB/project/shpyang/shpyang/WL/engine/.buildozer/android/platform/build-arm64-v8a/build/other_builds/hostpython3/desktop/hostpython3/Modules/_cursesmodule.c -o build/temp.linux-x86_64-3.11/ddnB/project/shpyang/shpyang/WL/engine/.buildozer/android/platform/build-arm64-v8a/build/other_builds/hostpython3/desktop/hostpython3/Modules/_cursesmodule.o
[1m[90m[DEBUG][39m[0m:   	gcc -pthread -fPIC -Wsign-compare -DNDEBUG -g -fwrapv -O3 -Wall -std=c11 -Wextra -Wno-unused-parameter -Wno-missing-field-initializers -Werror=implicit-function-declaration -fvisibility=hidden -I/ddnB/project/shpyang/shpyang/WL/engine/.buildozer/android/platform/build-arm64-v8a/build/other_builds/hostpython3/desktop/hostpython3/Include/internal -I. -IObjects -IPython -I/usr/local/include -I/ddnB/project/shpyang/shpyang/WL/engine/.buildozer/android/platform/build-arm64-v8a/build/other_builds/hostpython3/desktop/hostpython3/Include -I/ddnB/project/shpyang/shpyang/WL/engine/.buildozer/android/platform/build-arm64-v8a/build/other_builds/hostpython3/desktop/hostpython3/native-build -c /ddnB/project/shpyang/shpyang/WL/engine/.buildozer/android/platform/build-arm64-v8a/build/other_builds/hostpython3/desktop/hostpython3/Modules/_heapqmodule.c -o build/temp.linux-x86_64-3.11/ddnB/project/shpyang/shpyang/WL/engine/.buildozer/android/platform/build-arm64-v8a/build/other_builds/hostpython3/desktop/hostpython3/Modules/_heapqmodule.o
[1m[90m[DEBUG][39m[0m:   	gcc -pthread -fPIC -Wsign-compare -DNDEBUG -g -fwrapv -O3 -Wall -std=c11 -Wextra -Wno-unused-parameter -Wno-missing-field-initializers -Werror=implicit-function-declaration -fvisibility=hidden -I/ddnB/project/shpyang/shpyang/WL/engine/.buildozer/android/platform/build-arm64-v8a/build/other_builds/hostpython3/desktop/hostpython3/Include/internal -I. -IObjects -IPython -I/usr/local/include -I/ddnB/project/shpyang/shpyang/WL/engine/.buildozer/android/platform/build-arm64-v8a/build/other_builds/hostpython3/desktop/hostpython3/Include -I/ddnB/project/shpyang/shpyang/WL/engine/.buildozer/android/platform/build-arm64-v8a/build/other_builds/hostpython3/desktop/hostpython3/native-build -c /ddnB/project/shpyang/shpyang/WL/engine/.buildozer/android/platform/build-arm64-v8a/build/other_builds/hostpython3/desktop/hostpython3/Modules/unicodedata.c -o build/temp.linux-x86_64-3.11/ddnB/project/shpyang/shpyang/WL/engine/.buildozer/android/platform/build-arm64-v8a/build/other_builds/hostpython3/desktop/hostpython3/Modules/unicodedata.o
[1m[90m[DEBUG][39m[0m:   	gcc -pthread -fPIC -Wsign-compare -DNDEBUG -g -fwrapv -O3 -Wall -std=c11 -Wextra -Wno-unused-parameter -Wno-missing-field-initializers -Werror=implicit-function-declaration -fvisibility=hidden -I/ddnB/project/shpyang/shpyang/WL/engine/.buildozer/android/platform/build-arm64-v8a/build/other_builds/hostpython3/desktop/hostpython3/Include/internal -I. -IObjects -IPython -I/usr/local/include -I/ddnB/project/shpyang/shpyang/WL/engine/.buildozer/android/platform/build-arm64-v8a/build/other_builds/hostpython3/desktop/hostpython3/Include -I/ddnB/project/shpyang/shpyang/WL/engine/.buildozer/android/platform/build-arm64-v8a/build/other_builds/hostpython3/desktop/hostpython3/native-build -c /ddnB/project/shpyang/shpyang/WL/engine/.buildozer/android/platform/build-arm64-v8a/build/other_builds/hostpython3/desktop/hostpython3/Modules/readline.c -o build/temp.linux-x86_64-3.11/ddnB/project/shpyang/shpyang/WL/engine/.buildozer/android/platform/build-arm64-v8a/build/other_builds/hostpython3/desktop/hostpython3/Modules/readline.o
[1m[90m[DEBUG][39m[0m:   	gcc -pthread -fPIC -Wsign-compare -DNDEBUG -g -fwrapv -O3 -Wall -std=c11 -Wextra -Wno-unused-parameter -Wno-missing-field-initializers -Werror=implicit-function-declaration -fvisibility=hidden -I/ddnB/project/shpyang/shpyang/WL/engine/.buildozer/android/platform/build-arm64-v8a/build/other_builds/hostpython3/desktop/hostpython3/Include/internal -I. -IObjects -IPython -I/usr/local/include -I/ddnB/project/shpyang/shpyang/WL/engine/.buildozer/android/platform/build-arm64-v8a/build/other_builds/hostpython3/desktop/hostpython3/Include -I/ddnB/project/shpyang/shpyang/WL/engine/.buildozer/android/platform/build-arm64-v8a/build/other_builds/hostpython3/desktop/hostpython3/native-build -c /ddnB/project/shpyang/shpyang/WL/engine/.buildozer/android/platform/build-arm64-v8a/build/other_builds/hostpython3/desktop/hostpython3/Modules/_posixsubprocess.c -o build/temp.linux-x86_64-3.11/ddnB/project/shpyang/shpyang/WL/engine/.buildozer/android/platform/build-arm64-v8a/build/other_builds/hostpython3/desktop/hostpython3/Modules/_posixsubprocess.o
[1m[90m[DEBUG][39m[0m:   	creating build/temp.linux-x86_64-3.11/ddnB/project/shpyang/shpyang/WL/engine/.buildozer/android/platform/build-arm64-v8a/build/other_builds/hostpython3/desktop/hostpython3/Modules/_blake2
[1m[90m[DEBUG][39m[0m:   	gcc -pthread -fPIC -Wsign-compare -DNDEBUG -g -fwrapv -O3 -Wall -std=c11 -Wextra -Wno-unused-parameter -Wno-missing-field-initializers -Werror=implicit-function-declaration -fvisibility=hidden -I/ddnB/project/shpyang/shpyang/WL/engine/.buildozer/android/platform/build-arm64-v8a/build/other_builds/hostpython3/desktop/hostpython3/Include/internal -I. -IObjects -IPython -I/usr/local/include -I/ddnB/project/shpyang/shpyang/WL/engine/.buildozer/android/platform/build-arm64-v8a/build/other_builds/hostpython3/desktop/hostpython3/Include -I/ddnB/project/shpyang/shpyang/WL/engine/.buildozer/android/platform/build-arm64-v8a/build/other_builds/hostpython3/desktop/hostpython3/native-build -c /ddnB/project/shpyang/shpyang/WL/engine/.buildozer/android/platform/build-arm64-v8a/build/other_builds/hostpython3/desktop/hostpython3/Modules/md5module.c -o build/temp.linux-x86_64-3.11/ddnB/project/shpyang/shpyang/WL/engine/.buildozer/android/platform/build-arm64-v8a/build/other_builds/hostpython3/desktop/hostpython3/Modules/md5module.o
[1m[90m[DEBUG][39m[0m:   	gcc -pthread -fPIC -Wsign-compare -DNDEBUG -g -fwrapv -O3 -Wall -std=c11 -Wextra -Wno-unused-parameter -Wno-missing-field-initializers -Werror=implicit-function-declaration -fvisibility=hidden -I/ddnB/project/shpyang/shpyang/WL/engine/.buildozer/android/platform/build-arm64-v8a/build/other_builds/hostpython3/desktop/hostpython3/Include/internal -I. -IObjects -IPython -I/usr/local/include -I/ddnB/project/shpyang/shpyang/WL/engine/.buildozer/android/platform/build-arm64-v8a/build/other_builds/hostpython3/desktop/hostpython3/Include -I/ddnB/project/shpyang/shpyang/WL/engine/.buildozer/android/platform/build-arm64-v8a/build/other_builds/hostpython3/desktop/hostpython3/native-build -c /ddnB/project/shpyang/shpyang/WL/engine/.buildozer/android/platform/build-arm64-v8a/build/other_builds/hostpython3/desktop/hostpython3/Modules/sha512module.c -o build/temp.linux-x86_64-3.11/ddnB/project/shpyang/shpyang/WL/engine/.buildozer/android/platform/build-arm64-v8a/build/other_builds/hostpython3/desktop/hostpython3/Modules/sha512module.o
[1m[90m[DEBUG][39m[0m:   	gcc -pthread -fPIC -Wsign-compare -DNDEBUG -g -fwrapv -O3 -Wall -std=c11 -Wextra -Wno-unused-parameter -Wno-missing-field-initializers -Werror=implicit-function-declaration -fvisibility=hidden -I/ddnB/project/shpyang/shpyang/WL/engine/.buildozer/android/platform/build-arm64-v8a/build/other_builds/hostpython3/desktop/hostpython3/Include/internal -I. -IObjects -IPython -I/usr/local/include -I/ddnB/project/shpyang/shpyang/WL/engine/.buildozer/android/platform/build-arm64-v8a/build/other_builds/hostpython3/desktop/hostpython3/Include -I/ddnB/project/shpyang/shpyang/WL/engine/.buildozer/android/platform/build-arm64-v8a/build/other_builds/hostpython3/desktop/hostpython3/native-build -c /ddnB/project/shpyang/shpyang/WL/engine/.buildozer/android/platform/build-arm64-v8a/build/other_builds/hostpython3/desktop/hostpython3/Modules/_queuemodule.c -o build/temp.linux-x86_64-3.11/ddnB/project/shpyang/shpyang/WL/engine/.buildozer/android/platform/build-arm64-v8a/build/other_builds/hostpython3/desktop/hostpython3/Modules/_queuemodule.o
[1m[90m[DEBUG][39m[0m:   	gcc -pthread -fPIC -Wsign-compare -DNDEBUG -g -fwrapv -O3 -Wall -std=c11 -Wextra -Wno-unused-parameter -Wno-missing-field-initializers -Werror=implicit-function-declaration -fvisibility=hidden -I/ddnB/project/shpyang/shpyang/WL/engine/.buildozer/android/platform/build-arm64-v8a/build/other_builds/hostpython3/desktop/hostpython3/Include/internal -I. -IObjects -IPython -I/usr/local/include -I/ddnB/project/shpyang/shpyang/WL/engine/.buildozer/android/platform/build-arm64-v8a/build/other_builds/hostpython3/desktop/hostpython3/Include -I/ddnB/project/shpyang/shpyang/WL/engine/.buildozer/android/platform/build-arm64-v8a/build/other_builds/hostpython3/desktop/hostpython3/native-build -c /ddnB/project/shpyang/shpyang/WL/engine/.buildozer/android/platform/build-arm64-v8a/build/other_builds/hostpython3/desktop/hostpython3/Modules/cjkcodecs/_codecs_tw.c -o build/temp.linux-x86_64-3.11/ddnB/project/shpyang/shpyang/WL/engine/.buildozer/android/platform/build-arm64-v8a/build/other_builds/hostpython3/desktop/hostpython3/Modules/cjkcodecs/_codecs_tw.o
[1m[90m[DEBUG][39m[0m:   	gcc -pthread -fPIC -Wsign-compare -DNDEBUG -g -fwrapv -O3 -Wall -std=c11 -Wextra -Wno-unused-parameter -Wno-missing-field-initializers -Werror=implicit-function-declaration -fvisibility=hidden -I/ddnB/project/shpyang/shpyang/WL/engine/.buildozer/android/platform/build-arm64-v8a/build/other_builds/hostpython3/desktop/hostpython3/Include/internal -I. -IObjects -IPython -I/usr/local/include -I/ddnB/project/shpyang/shpyang/WL/engine/.buildozer/android/platform/build-arm64-v8a/build/other_builds/hostpython3/desktop/hostpython3/Include -I/ddnB/project/shpyang/shpyang/WL/engine/.buildozer/android/platform/build-arm64-v8a/build/other_builds/hostpython3/desktop/hostpython3/native-build -c /ddnB/project/shpyang/shpyang/WL/engine/.buildozer/android/platform/build-arm64-v8a/build/other_builds/hostpython3/desktop/hostpython3/Modules/_testimportmultiple.c -o build/temp.linux-x86_64-3.11/ddnB/project/shpyang/shpyang/WL/engine/.buildozer/android/platform/build-arm64-v8a/build/other_builds/hostpython3/desktop/hostpython3/Modules/_testimportmultiple.o
[1m[90m[DEBUG][39m[0m:   	gcc -pthread -fPIC -Wsign-compare -DNDEBUG -g -fwrapv -O3 -Wall -std=c11 -Wextra -Wno-unused-parameter -Wno-missing-field-initializers -Werror=implicit-function-declaration -fvisibility=hidden -I/ddnB/project/shpyang/shpyang/WL/engine/.buildozer/android/platform/build-arm64-v8a/build/other_builds/hostpython3/desktop/hostpython3/Include/internal -I. -IObjects -IPython -I/usr/local/include -I/ddnB/project/shpyang/shpyang/WL/engine/.buildozer/android/platform/build-arm64-v8a/build/other_builds/hostpython3/desktop/hostpython3/Include -I/ddnB/project/shpyang/shpyang/WL/engine/.buildozer/android/platform/build-arm64-v8a/build/other_builds/hostpython3/desktop/hostpython3/native-build -c /ddnB/project/shpyang/shpyang/WL/engine/.buildozer/android/platform/build-arm64-v8a/build/other_builds/hostpython3/desktop/hostpython3/Modules/_testmultiphase.c -o build/temp.linux-x86_64-3.11/ddnB/project/shpyang/shpyang/WL/engine/.buildozer/android/platform/build-arm64-v8a/build/other_builds/hostpython3/desktop/hostpython3/Modules/_testmultiphase.o
[1m[90m[DEBUG][39m[0m:   	creating build/temp.linux-x86_64-3.11/ddnB/project/shpyang/shpyang/WL/engine/.buildozer/android/platform/build-arm64-v8a/build/other_builds/hostpython3/desktop/hostpython3/Modules/_xxtestfuzz
[1m[90m[DEBUG][39m[0m:   	gcc -pthread -fPIC -Wsign-compare -DNDEBUG -g -fwrapv -O3 -Wall -std=c11 -Wextra -Wno-unused-parameter -Wno-missing-field-initializers -Werror=implicit-function-declaration -fvisibility=hidden -I/ddnB/project/shpyang/shpyang/WL/engine/.buildozer/android/platform/build-arm64-v8a/build/other_builds/hostpython3/desktop/hostpython3/Include/internal -I. -IObjects -IPython -I/usr/local/include -I/ddnB/project/shpyang/shpyang/WL/engine/.buildozer/android/platform/build-arm64-v8a/build/other_builds/hostpython3/desktop/hostpython3/Include -I/ddnB/project/shpyang/shpyang/WL/engine/.buildozer/android/platform/build-arm64-v8a/build/other_builds/hostpython3/desktop/hostpython3/native-build -c /ddnB/project/shpyang/shpyang/WL/engine/.buildozer/android/platform/build-arm64-v8a/build/other_builds/hostpython3/desktop/hostpython3/Modules/_pickle.c -o build/temp.linux-x86_64-3.11/ddnB/project/shpyang/shpyang/WL/engine/.buildozer/android/platform/build-arm64-v8a/build/other_builds/hostpython3/desktop/hostpython3/Modules/_pickle.o
[1m[90m[DEBUG][39m[0m:   	gcc -pthread -fPIC -Wsign-compare -DNDEBUG -g -fwrapv -O3 -Wall -std=c11 -Wextra -Wno-unused-parameter -Wno-missing-field-initializers -Werror=implicit-function-declaration -fvisibility=hidden -I/ddnB/project/shpyang/shpyang/WL/engine/.buildozer/android/platform/build-arm64-v8a/build/other_builds/hostpython3/desktop/hostpython3/Include/internal -I. -IObjects -IPython -I/usr/local/include -I/ddnB/project/shpyang/shpyang/WL/engine/.buildozer/android/platform/build-arm64-v8a/build/other_builds/hostpython3/desktop/hostpython3/Include -I/ddnB/project/shpyang/shpyang/WL/engine/.buildozer/android/platform/build-arm64-v8a/build/other_builds/hostpython3/desktop/hostpython3/native-build -c /ddnB/project/shpyang/shpyang/WL/engine/.buildozer/android/platform/build-arm64-v8a/build/other_builds/hostpython3/desktop/hostpython3/Modules/_testcapimodule.c -o build/temp.linux-x86_64-3.11/ddnB/project/shpyang/shpyang/WL/engine/.buildozer/android/platform/build-arm64-v8a/build/other_builds/hostpython3/desktop/hostpython3/Modules/_testcapimodule.o
[1m[90m[DEBUG][39m[0m:   	gcc -pthread -fPIC -Wsign-compare -DNDEBUG -g -fwrapv -O3 -Wall -std=c11 -Wextra -Wno-unused-parameter -Wno-missing-field-initializers -Werror=implicit-function-declaration -fvisibility=hidden -I/ddnB/project/shpyang/shpyang/WL/engine/.buildozer/android/platform/build-arm64-v8a/build/other_builds/hostpython3/desktop/hostpython3/Include/internal -I. -IObjects -IPython -I/usr/local/include -I/ddnB/project/shpyang/shpyang/WL/engine/.buildozer/android/platform/build-arm64-v8a/build/other_builds/hostpython3/desktop/hostpython3/Include -I/ddnB/project/shpyang/shpyang/WL/engine/.buildozer/android/platform/build-arm64-v8a/build/other_builds/hostpython3/desktop/hostpython3/native-build -c /ddnB/project/shpyang/shpyang/WL/engine/.buildozer/android/platform/build-arm64-v8a/build/other_builds/hostpython3/desktop/hostpython3/Modules/mathmodule.c -o build/temp.linux-x86_64-3.11/ddnB/project/shpyang/shpyang/WL/engine/.buildozer/android/platform/build-arm64-v8a/build/other_builds/hostpython3/desktop/hostpython3/Modules/mathmodule.o
[1m[90m[DEBUG][39m[0m:   	gcc -pthread -fPIC -Wsign-compare -DNDEBUG -g -fwrapv -O3 -Wall -std=c11 -Wextra -Wno-unused-parameter -Wno-missing-field-initializers -Werror=implicit-function-declaration -fvisibility=hidden -I/ddnB/project/shpyang/shpyang/WL/engine/.buildozer/android/platform/build-arm64-v8a/build/other_builds/hostpython3/desktop/hostpython3/Include/internal -I. -IObjects -IPython -I/usr/local/include -I/ddnB/project/shpyang/shpyang/WL/engine/.buildozer/android/platform/build-arm64-v8a/build/other_builds/hostpython3/desktop/hostpython3/Include -I/ddnB/project/shpyang/shpyang/WL/engine/.buildozer/android/platform/build-arm64-v8a/build/other_builds/hostpython3/desktop/hostpython3/native-build -c /ddnB/project/shpyang/shpyang/WL/engine/.buildozer/android/platform/build-arm64-v8a/build/other_builds/hostpython3/desktop/hostpython3/Modules/_cryptmodule.c -o build/temp.linux-x86_64-3.11/ddnB/project/shpyang/shpyang/WL/engine/.buildozer/android/platform/build-arm64-v8a/build/other_builds/hostpython3/desktop/hostpython3/Modules/_cryptmodule.o
[1m[90m[DEBUG][39m[0m:   	gcc -pthread -fPIC -Wsign-compare -DNDEBUG -g -fwrapv -O3 -Wall -std=c11 -Wextra -Wno-unused-parameter -Wno-missing-field-initializers -Werror=implicit-function-declaration -fvisibility=hidden -I/ddnB/project/shpyang/shpyang/WL/engine/.buildozer/android/platform/build-arm64-v8a/build/other_builds/hostpython3/desktop/hostpython3/Include/internal -I. -IObjects -IPython -I/usr/local/include -I/ddnB/project/shpyang/shpyang/WL/engine/.buildozer/android/platform/build-arm64-v8a/build/other_builds/hostpython3/desktop/hostpython3/Include -I/ddnB/project/shpyang/shpyang/WL/engine/.buildozer/android/platform/build-arm64-v8a/build/other_builds/hostpython3/desktop/hostpython3/native-build -c /ddnB/project/shpyang/shpyang/WL/engine/.buildozer/android/platform/build-arm64-v8a/build/other_builds/hostpython3/desktop/hostpython3/Modules/mmapmodule.c -o build/temp.linux-x86_64-3.11/ddnB/project/shpyang/shpyang/WL/engine/.buildozer/android/platform/build-arm64-v8a/build/other_builds/hostpython3/desktop/hostpython3/Modules/mmapmodule.o
[1m[90m[DEBUG][39m[0m:   	gcc -pthread -fPIC -Wsign-compare -DNDEBUG -g -fwrapv -O3 -Wall -std=c11 -Wextra -Wno-unused-parameter -Wno-missing-field-initializers -Werror=implicit-function-declaration -fvisibility=hidden -I/ddnB/project/shpyang/shpyang/WL/engine/.buildozer/android/platform/build-arm64-v8a/build/other_builds/hostpython3/desktop/hostpython3/Include/internal -I. -IObjects -IPython -I/usr/local/include -I/ddnB/project/shpyang/shpyang/WL/engine/.buildozer/android/platform/build-arm64-v8a/build/other_builds/hostpython3/desktop/hostpython3/Include -I/ddnB/project/shpyang/shpyang/WL/engine/.buildozer/android/platform/build-arm64-v8a/build/other_builds/hostpython3/desktop/hostpython3/native-build -c /ddnB/project/shpyang/shpyang/WL/engine/.buildozer/android/platform/build-arm64-v8a/build/other_builds/hostpython3/desktop/hostpython3/Modules/_blake2/blake2b_impl.c -o build/temp.linux-x86_64-3.11/ddnB/project/shpyang/shpyang/WL/engine/.buildozer/android/platform/build-arm64-v8a/build/other_builds/hostpython3/desktop/hostpython3/Modules/_blake2/blake2b_impl.o
[1m[90m[DEBUG][39m[0m:   	gcc -pthread -fPIC -Wsign-compare -DNDEBUG -g -fwrapv -O3 -Wall -std=c11 -Wextra -Wno-unused-parameter -Wno-missing-field-initializers -Werror=implicit-function-declaration -fvisibility=hidden -I/ddnB/project/shpyang/shpyang/WL/engine/.buildozer/android/platform/build-arm64-v8a/build/other_builds/hostpython3/desktop/hostpython3/Include/internal -I. -IObjects -IPython -I/usr/local/include -I/ddnB/project/shpyang/shpyang/WL/engine/.buildozer/android/platform/build-arm64-v8a/build/other_builds/hostpython3/desktop/hostpython3/Include -I/ddnB/project/shpyang/shpyang/WL/engine/.buildozer/android/platform/build-arm64-v8a/build/other_builds/hostpython3/desktop/hostpython3/native-build -c /ddnB/project/shpyang/shpyang/WL/engine/.buildozer/android/platform/build-arm64-v8a/build/other_builds/hostpython3/desktop/hostpython3/Modules/_xxtestfuzz/_xxtestfuzz.c -o build/temp.linux-x86_64-3.11/ddnB/project/shpyang/shpyang/WL/engine/.buildozer/android/platform/build-arm64-v8a/build/other_builds/hostpython3/desktop/hostpython3/Modules/_xxtestfuzz/_xxtestfuzz.o
[1m[90m[DEBUG][39m[0m:   	gcc -pthread -shared build/temp.linux-x86_64-3.11/ddnB/project/shpyang/shpyang/WL/engine/.buildozer/android/platform/build-arm64-v8a/build/other_builds/hostpython3/desktop/hostpython3/Modules/resource.o -L/usr/local/lib -o build/lib.linux-x86_64-3.11/resource.cpython-311-x86_64-linux-gnu.so
[1m[90m[DEBUG][39m[0m:   	gcc -pthread -shared build/temp.linux-x86_64-3.11/ddnB/project/shpyang/shpyang/WL/engine/.buildozer/android/platform/build-arm64-v8a/build/other_builds/hostpython3/desktop/hostpython3/Modules/fcntlmodule.o -L/usr/local/lib -o build/lib.linux-x86_64-3.11/fcntl.cpython-311-x86_64-linux-gnu.so
[1m[90m[DEBUG][39m[0m:   	building '_codecs_hk' extension
[1m[90m[DEBUG][39m[0m:   	gcc -pthread -fPIC -Wsign-compare -DNDEBUG -g -fwrapv -O3 -Wall -std=c11 -Wextra -Wno-unused-parameter -Wno-missing-field-initializers -Werror=implicit-function-declaration -fvisibility=hidden -I/ddnB/project/shpyang/shpyang/WL/engine/.buildozer/android/platform/build-arm64-v8a/build/other_builds/hostpython3/desktop/hostpython3/Include/internal -I. -IObjects -IPython -I/usr/local/include -I/ddnB/project/shpyang/shpyang/WL/engine/.buildozer/android/platform/build-arm64-v8a/build/other_builds/hostpython3/desktop/hostpython3/Include -I/ddnB/project/shpyang/shpyang/WL/engine/.buildozer/android/platform/build-arm64-v8a/build/other_builds/hostpython3/desktop/hostpython3/native-build -c /ddnB/project/shpyang/shpyang/WL/engine/.buildozer/android/platform/build-arm64-v8a/build/other_builds/hostpython3/desktop/hostpython3/Modules/cjkcodecs/_codecs_hk.c -o build/temp.linux-x86_64-3.11/ddnB/project/shpyang/shpyang/WL/engine/.buildozer/android/platform/build-arm64-v8a/build/other_builds/hostpython3/desktop/hostpython3/Modules/cjkcodecs/_codecs_hk.o
[1m[90m[DEBUG][39m[0m:   	gcc -pthread -shared build/temp.linux-x86_64-3.11/ddnB/project/shpyang/shpyang/WL/engine/.buildozer/android/platform/build-arm64-v8a/build/other_builds/hostpython3/desktop/hostpython3/Modules/_contextvarsmodule.o -L/usr/local/lib -o build/lib.linux-x86_64-3.11/_contextvars.cpython-311-x86_64-linux-gnu.so
[1m[90m[DEBUG][39m[0m:   	gcc -pthread -shared build/temp.linux-x86_64-3.11/ddnB/project/shpyang/shpyang/WL/engine/.buildozer/android/platform/build-arm64-v8a/build/other_builds/hostpython3/desktop/hostpython3/Modules/_typingmodule.o -L/usr/local/lib -o build/lib.linux-x86_64-3.11/_typing.cpython-311-x86_64-linux-gnu.so
[1m[90m[DEBUG][39m[0m:   	gcc -pthread -shared build/temp.linux-x86_64-3.11/ddnB/project/shpyang/shpyang/WL/engine/.buildozer/android/platform/build-arm64-v8a/build/other_builds/hostpython3/desktop/hostpython3/Modules/_statisticsmodule.o -L/usr/local/lib -lm -o build/lib.linux-x86_64-3.11/_statistics.cpython-311-x86_64-linux-gnu.so
[1m[90m[DEBUG][39m[0m:   	gcc -pthread -shared build/temp.linux-x86_64-3.11/ddnB/project/shpyang/shpyang/WL/engine/.buildozer/android/platform/build-arm64-v8a/build/other_builds/hostpython3/desktop/hostpython3/Modules/_randommodule.o -L/usr/local/lib -o build/lib.linux-x86_64-3.11/_random.cpython-311-x86_64-linux-gnu.so
[1m[90m[DEBUG][39m[0m:   	building '_codecs_iso2022' extension
[1m[90m[DEBUG][39m[0m:   	gcc -pthread -fPIC -Wsign-compare -DNDEBUG -g -fwrapv -O3 -Wall -std=c11 -Wextra -Wno-unused-parameter -Wno-missing-field-initializers -Werror=implicit-function-declaration -fvisibility=hidden -I/ddnB/project/shpyang/shpyang/WL/engine/.buildozer/android/platform/build-arm64-v8a/build/other_builds/hostpython3/desktop/hostpython3/Include/internal -I. -IObjects -IPython -I/usr/local/include -I/ddnB/project/shpyang/shpyang/WL/engine/.buildozer/android/platform/build-arm64-v8a/build/other_builds/hostpython3/desktop/hostpython3/Include -I/ddnB/project/shpyang/shpyang/WL/engine/.buildozer/android/platform/build-arm64-v8a/build/other_builds/hostpython3/desktop/hostpython3/native-build -c /ddnB/project/shpyang/shpyang/WL/engine/.buildozer/android/platform/build-arm64-v8a/build/other_builds/hostpython3/desktop/hostpython3/Modules/cjkcodecs/_codecs_iso2022.c -o build/temp.linux-x86_64-3.11/ddnB/project/shpyang/shpyang/WL/engine/.buildozer/android/platform/build-arm64-v8a/build/other_builds/hostpython3/desktop/hostpython3/Modules/cjkcodecs/_codecs_iso2022.o
[1m[90m[DEBUG][39m[0m:   	gcc -pthread -shared build/temp.linux-x86_64-3.11/ddnB/project/shpyang/shpyang/WL/engine/.buildozer/android/platform/build-arm64-v8a/build/other_builds/hostpython3/desktop/hostpython3/Modules/_testimportmultiple.o -L/usr/local/lib -o build/lib.linux-x86_64-3.11/_testimportmultiple.cpython-311-x86_64-linux-gnu.so
[1m[90m[DEBUG][39m[0m:   	building '_decimal' extension
[1m[90m[DEBUG][39m[0m:   	creating build/temp.linux-x86_64-3.11/ddnB/project/shpyang/shpyang/WL/engine/.buildozer/android/platform/build-arm64-v8a/build/other_builds/hostpython3/desktop/hostpython3/Modules/_decimal
[1m[90m[DEBUG][39m[0m:   	gcc -pthread -shared build/temp.linux-x86_64-3.11/ddnB/project/shpyang/shpyang/WL/engine/.buildozer/android/platform/build-arm64-v8a/build/other_builds/hostpython3/desktop/hostpython3/Modules/_cryptmodule.o -L/lib64 -L/usr/local/lib -lcrypt -o build/lib.linux-x86_64-3.11/_crypt.cpython-311-x86_64-linux-gnu.so
[1m[90m[DEBUG][39m[0m:   	gcc -pthread -shared build/temp.linux-x86_64-3.11/ddnB/project/shpyang/shpyang/WL/engine/.buildozer/android/platform/build-arm64-v8a/build/other_builds/hostpython3/desktop/hostpython3/Modules/spwdmodule.o -L/usr/local/lib -o build/lib.linux-x86_64-3.11/spwd.cpython-311-x86_64-linux-gnu.so
[1m[90m[DEBUG][39m[0m:   	building '_ctypes_test' extension
[1m[90m[DEBUG][39m[0m:   	creating build/temp.linux-x86_64-3.11/ddnB/project/shpyang/shpyang/WL/engine/.buildozer/android/platform/build-arm64-v8a/build/other_builds/hostpython3/desktop/hostpython3/Modules/_ctypes
[1m[90m[DEBUG][39m[0m:   	gcc -pthread -fPIC -Wsign-compare -DNDEBUG -g -fwrapv -O3 -Wall -std=c11 -Wextra -Wno-unused-parameter -Wno-missing-field-initializers -Werror=implicit-function-declaration -fvisibility=hidden -I/ddnB/project/shpyang/shpyang/WL/engine/.buildozer/android/platform/build-arm64-v8a/build/other_builds/hostpython3/desktop/hostpython3/Include/internal -I. -IObjects -IPython -I/usr/local/include -I/ddnB/project/shpyang/shpyang/WL/engine/.buildozer/android/platform/build-arm64-v8a/build/other_builds/hostpython3/desktop/hostpython3/Include -I/ddnB/project/shpyang/shpyang/WL/engine/.buildozer/android/platform/build-arm64-v8a/build/other_builds/hostpython3/desktop/hostpython3/native-build -c /ddnB/project/shpyang/shpyang/WL/engine/.buildozer/android/platform/build-arm64-v8a/build/other_builds/hostpython3/desktop/hostpython3/Modules/_ctypes/_ctypes_test.c -o build/temp.linux-x86_64-3.11/ddnB/project/shpyang/shpyang/WL/engine/.buildozer/android/platform/build-arm64-v8a/build/other_builds/hostpython3/desktop/hostpython3/Modules/_ctypes/_ctypes_test.o
[1m[90m[DEBUG][39m[0m:   	gcc -pthread -fPIC -Wsign-compare -DNDEBUG -g -fwrapv -O3 -Wall -std=c11 -Wextra -Wno-unused-parameter -Wno-missing-field-initializers -Werror=implicit-function-declaration -fvisibility=hidden -I/ddnB/project/shpyang/shpyang/WL/engine/.buildozer/android/platform/build-arm64-v8a/build/other_builds/hostpython3/desktop/hostpython3/Include/internal -DCONFIG_64=1 -DANSI=1 -DHAVE_UINT128_T=1 -I/ddnB/project/shpyang/shpyang/WL/engine/.buildozer/android/platform/build-arm64-v8a/build/other_builds/hostpython3/desktop/hostpython3/Modules/_decimal/libmpdec -I. -IObjects -IPython -I/usr/local/include -I/ddnB/project/shpyang/shpyang/WL/engine/.buildozer/android/platform/build-arm64-v8a/build/other_builds/hostpython3/desktop/hostpython3/Include -I/ddnB/project/shpyang/shpyang/WL/engine/.buildozer/android/platform/build-arm64-v8a/build/other_builds/hostpython3/desktop/hostpython3/native-build -c /ddnB/project/shpyang/shpyang/WL/engine/.buildozer/android/platform/build-arm64-v8a/build/other_builds/hostpython3/desktop/hostpython3/Modules/_decimal/_decimal.c -o build/temp.linux-x86_64-3.11/ddnB/project/shpyang/shpyang/WL/engine/.buildozer/android/platform/build-arm64-v8a/build/other_builds/hostpython3/desktop/hostpython3/Modules/_decimal/_decimal.o
[1m[90m[DEBUG][39m[0m:   	gcc -pthread -shared build/temp.linux-x86_64-3.11/ddnB/project/shpyang/shpyang/WL/engine/.buildozer/android/platform/build-arm64-v8a/build/other_builds/hostpython3/desktop/hostpython3/Modules/_opcode.o -L/usr/local/lib -o build/lib.linux-x86_64-3.11/_opcode.cpython-311-x86_64-linux-gnu.so
[1m[90m[DEBUG][39m[0m:   	building '_posixshmem' extension
[1m[90m[DEBUG][39m[0m:   	gcc -pthread -shared build/temp.linux-x86_64-3.11/ddnB/project/shpyang/shpyang/WL/engine/.buildozer/android/platform/build-arm64-v8a/build/other_builds/hostpython3/desktop/hostpython3/Modules/syslogmodule.o -L/usr/local/lib -o build/lib.linux-x86_64-3.11/syslog.cpython-311-x86_64-linux-gnu.so
[1m[90m[DEBUG][39m[0m:   	creating build/temp.linux-x86_64-3.11/ddnB/project/shpyang/shpyang/WL/engine/.buildozer/android/platform/build-arm64-v8a/build/other_builds/hostpython3/desktop/hostpython3/Modules/_multiprocessing
[1m[90m[DEBUG][39m[0m:   	building '_multiprocessing' extension
[1m[90m[DEBUG][39m[0m:   	gcc -pthread -fPIC -Wsign-compare -DNDEBUG -g -fwrapv -O3 -Wall -std=c11 -Wextra -Wno-unused-parameter -Wno-missing-field-initializers -Werror=implicit-function-declaration -fvisibility=hidden -I/ddnB/project/shpyang/shpyang/WL/engine/.buildozer/android/platform/build-arm64-v8a/build/other_builds/hostpython3/desktop/hostpython3/Include/internal -I/ddnB/project/shpyang/shpyang/WL/engine/.buildozer/android/platform/build-arm64-v8a/build/other_builds/hostpython3/desktop/hostpython3/Modules/_multiprocessing -I. -IObjects -IPython -I/usr/local/include -I/ddnB/project/shpyang/shpyang/WL/engine/.buildozer/android/platform/build-arm64-v8a/build/other_builds/hostpython3/desktop/hostpython3/Include -I/ddnB/project/shpyang/shpyang/WL/engine/.buildozer/android/platform/build-arm64-v8a/build/other_builds/hostpython3/desktop/hostpython3/native-build -c /ddnB/project/shpyang/shpyang/WL/engine/.buildozer/android/platform/build-arm64-v8a/build/other_builds/hostpython3/desktop/hostpython3/Modules/_multiprocessing/posixshmem.c -o build/temp.linux-x86_64-3.11/ddnB/project/shpyang/shpyang/WL/engine/.buildozer/android/platform/build-arm64-v8a/build/other_builds/hostpython3/desktop/hostpython3/Modules/_multiprocessing/posixshmem.o
[1m[90m[DEBUG][39m[0m:   	gcc -pthread -fPIC -Wsign-compare -DNDEBUG -g -fwrapv -O3 -Wall -std=c11 -Wextra -Wno-unused-parameter -Wno-missing-field-initializers -Werror=implicit-function-declaration -fvisibility=hidden -I/ddnB/project/shpyang/shpyang/WL/engine/.buildozer/android/platform/build-arm64-v8a/build/other_builds/hostpython3/desktop/hostpython3/Include/internal -I. -IObjects -IPython -I/usr/local/include -I/ddnB/project/shpyang/shpyang/WL/engine/.buildozer/android/platform/build-arm64-v8a/build/other_builds/hostpython3/desktop/hostpython3/Include -I/ddnB/project/shpyang/shpyang/WL/engine/.buildozer/android/platform/build-arm64-v8a/build/other_builds/hostpython3/desktop/hostpython3/native-build -c /ddnB/project/shpyang/shpyang/WL/engine/.buildozer/android/platform/build-arm64-v8a/build/other_builds/hostpython3/desktop/hostpython3/Modules/_xxtestfuzz/fuzzer.c -o build/temp.linux-x86_64-3.11/ddnB/project/shpyang/shpyang/WL/engine/.buildozer/android/platform/build-arm64-v8a/build/other_builds/hostpython3/desktop/hostpython3/Modules/_xxtestfuzz/fuzzer.o
[1m[90m[DEBUG][39m[0m:   	building '_tkinter' extension
[1m[90m[DEBUG][39m[0m:   	gcc -pthread -shared build/temp.linux-x86_64-3.11/ddnB/project/shpyang/shpyang/WL/engine/.buildozer/android/platform/build-arm64-v8a/build/other_builds/hostpython3/desktop/hostpython3/Modules/termios.o -L/usr/local/lib -o build/lib.linux-x86_64-3.11/termios.cpython-311-x86_64-linux-gnu.so
[1m[90m[DEBUG][39m[0m:   	building 'xxlimited' extension
[1m[90m[DEBUG][39m[0m:   	gcc -pthread -shared build/temp.linux-x86_64-3.11/ddnB/project/shpyang/shpyang/WL/engine/.buildozer/android/platform/build-arm64-v8a/build/other_builds/hostpython3/desktop/hostpython3/Modules/grpmodule.o -L/usr/local/lib -o build/lib.linux-x86_64-3.11/grp.cpython-311-x86_64-linux-gnu.so
[1m[90m[DEBUG][39m[0m:   	building '_uuid' extension
[1m[90m[DEBUG][39m[0m:   	gcc -pthread -fPIC -Wsign-compare -DNDEBUG -g -fwrapv -O3 -Wall -std=c11 -Wextra -Wno-unused-parameter -Wno-missing-field-initializers -Werror=implicit-function-declaration -fvisibility=hidden -I/ddnB/project/shpyang/shpyang/WL/engine/.buildozer/android/platform/build-arm64-v8a/build/other_builds/hostpython3/desktop/hostpython3/Include/internal -I. -IObjects -IPython -I/usr/local/include -I/ddnB/project/shpyang/shpyang/WL/engine/.buildozer/android/platform/build-arm64-v8a/build/other_builds/hostpython3/desktop/hostpython3/Include -I/ddnB/project/shpyang/shpyang/WL/engine/.buildozer/android/platform/build-arm64-v8a/build/other_builds/hostpython3/desktop/hostpython3/native-build -c /ddnB/project/shpyang/shpyang/WL/engine/.buildozer/android/platform/build-arm64-v8a/build/other_builds/hostpython3/desktop/hostpython3/Modules/xxlimited.c -o build/temp.linux-x86_64-3.11/ddnB/project/shpyang/shpyang/WL/engine/.buildozer/android/platform/build-arm64-v8a/build/other_builds/hostpython3/desktop/hostpython3/Modules/xxlimited.o
[1m[90m[DEBUG][39m[0m:   	gcc -pthread -fPIC -Wsign-compare -DNDEBUG -g -fwrapv -O3 -Wall -std=c11 -Wextra -Wno-unused-parameter -Wno-missing-field-initializers -Werror=implicit-function-declaration -fvisibility=hidden -I/ddnB/project/shpyang/shpyang/WL/engine/.buildozer/android/platform/build-arm64-v8a/build/other_builds/hostpython3/desktop/hostpython3/Include/internal -I/ddnB/project/shpyang/shpyang/WL/engine/.buildozer/android/platform/build-arm64-v8a/build/other_builds/hostpython3/desktop/hostpython3/Modules/_multiprocessing -I. -IObjects -IPython -I/usr/local/include -I/ddnB/project/shpyang/shpyang/WL/engine/.buildozer/android/platform/build-arm64-v8a/build/other_builds/hostpython3/desktop/hostpython3/Include -I/ddnB/project/shpyang/shpyang/WL/engine/.buildozer/android/platform/build-arm64-v8a/build/other_builds/hostpython3/desktop/hostpython3/native-build -c /ddnB/project/shpyang/shpyang/WL/engine/.buildozer/android/platform/build-arm64-v8a/build/other_builds/hostpython3/desktop/hostpython3/Modules/_multiprocessing/multiprocessing.c -o build/temp.linux-x86_64-3.11/ddnB/project/shpyang/shpyang/WL/engine/.buildozer/android/platform/build-arm64-v8a/build/other_builds/hostpython3/desktop/hostpython3/Modules/_multiprocessing/multiprocessing.o
[1m[90m[DEBUG][39m[0m:   	gcc -pthread -fPIC -Wsign-compare -DNDEBUG -g -fwrapv -O3 -Wall -std=c11 -Wextra -Wno-unused-parameter -Wno-missing-field-initializers -Werror=implicit-function-declaration -fvisibility=hidden -I/ddnB/project/shpyang/shpyang/WL/engine/.buildozer/android/platform/build-arm64-v8a/build/other_builds/hostpython3/desktop/hostpython3/Include/internal -DWITH_APPINIT=1 -I. -IObjects -IPython -I/usr/local/include -I/ddnB/project/shpyang/shpyang/WL/engine/.buildozer/android/platform/build-arm64-v8a/build/other_builds/hostpython3/desktop/hostpython3/Include -I/ddnB/project/shpyang/shpyang/WL/engine/.buildozer/android/platform/build-arm64-v8a/build/other_builds/hostpython3/desktop/hostpython3/native-build -c /ddnB/project/shpyang/shpyang/WL/engine/.buildozer/android/platform/build-arm64-v8a/build/other_builds/hostpython3/desktop/hostpython3/Modules/_tkinter.c -o build/temp.linux-x86_64-3.11/ddnB/project/shpyang/shpyang/WL/engine/.buildozer/android/platform/build-arm64-v8a/build/other_builds/hostpython3/desktop/hostpython3/Modules/_tkinter.o -Wno-strict-prototypes
[1m[90m[DEBUG][39m[0m:   	gcc -pthread -fPIC -Wsign-compare -DNDEBUG -g -fwrapv -O3 -Wall -std=c11 -Wextra -Wno-unused-parameter -Wno-missing-field-initializers -Werror=implicit-function-declaration -fvisibility=hidden -I/ddnB/project/shpyang/shpyang/WL/engine/.buildozer/android/platform/build-arm64-v8a/build/other_builds/hostpython3/desktop/hostpython3/Include/internal -I/usr/local/packages/python/3.11.5-anaconda/include/uuid -I. -IObjects -IPython -I/usr/local/include -I/ddnB/project/shpyang/shpyang/WL/engine/.buildozer/android/platform/build-arm64-v8a/build/other_builds/hostpython3/desktop/hostpython3/Include -I/ddnB/project/shpyang/shpyang/WL/engine/.buildozer/android/platform/build-arm64-v8a/build/other_builds/hostpython3/desktop/hostpython3/native-build -c /ddnB/project/shpyang/shpyang/WL/engine/.buildozer/android/platform/build-arm64-v8a/build/other_builds/hostpython3/desktop/hostpython3/Modules/_uuidmodule.c -o build/temp.linux-x86_64-3.11/ddnB/project/shpyang/shpyang/WL/engine/.buildozer/android/platform/build-arm64-v8a/build/other_builds/hostpython3/desktop/hostpython3/Modules/_uuidmodule.o
[1m[90m[DEBUG][39m[0m:   	building 'xxlimited_35' extension
[1m[90m[DEBUG][39m[0m:   	gcc -pthread -fPIC -Wsign-compare -DNDEBUG -g -fwrapv -O3 -Wall -std=c11 -Wextra -Wno-unused-parameter -Wno-missing-field-initializers -Werror=implicit-function-declaration -fvisibility=hidden -I/ddnB/project/shpyang/shpyang/WL/engine/.buildozer/android/platform/build-arm64-v8a/build/other_builds/hostpython3/desktop/hostpython3/Include/internal -I. -IObjects -IPython -I/usr/local/include -I/ddnB/project/shpyang/shpyang/WL/engine/.buildozer/android/platform/build-arm64-v8a/build/other_builds/hostpython3/desktop/hostpython3/Include -I/ddnB/project/shpyang/shpyang/WL/engine/.buildozer/android/platform/build-arm64-v8a/build/other_builds/hostpython3/desktop/hostpython3/native-build -c /ddnB/project/shpyang/shpyang/WL/engine/.buildozer/android/platform/build-arm64-v8a/build/other_builds/hostpython3/desktop/hostpython3/Modules/xxlimited_35.c -o build/temp.linux-x86_64-3.11/ddnB/project/shpyang/shpyang/WL/engine/.buildozer/android/platform/build-arm64-v8a/build/other_builds/hostpython3/desktop/hostpython3/Modules/xxlimited_35.o
[1m[90m[DEBUG][39m[0m:   	building '_ctypes' extension
[1m[90m[DEBUG][39m[0m:   	gcc -pthread -fPIC -Wsign-compare -DNDEBUG -g -fwrapv -O3 -Wall -std=c11 -Wextra -Wno-unused-parameter -Wno-missing-field-initializers -Werror=implicit-function-declaration -fvisibility=hidden -I/ddnB/project/shpyang/shpyang/WL/engine/.buildozer/android/platform/build-arm64-v8a/build/other_builds/hostpython3/desktop/hostpython3/Include/internal -I. -IObjects -IPython -I/usr/local/include -I/ddnB/project/shpyang/shpyang/WL/engine/.buildozer/android/platform/build-arm64-v8a/build/other_builds/hostpython3/desktop/hostpython3/Include -I/ddnB/project/shpyang/shpyang/WL/engine/.buildozer/android/platform/build-arm64-v8a/build/other_builds/hostpython3/desktop/hostpython3/native-build -c /ddnB/project/shpyang/shpyang/WL/engine/.buildozer/android/platform/build-arm64-v8a/build/other_builds/hostpython3/desktop/hostpython3/Modules/_ctypes/_ctypes.c -o build/temp.linux-x86_64-3.11/ddnB/project/shpyang/shpyang/WL/engine/.buildozer/android/platform/build-arm64-v8a/build/other_builds/hostpython3/desktop/hostpython3/Modules/_ctypes/_ctypes.o
[1m[90m[DEBUG][39m[0m:   	gcc -pthread -shared build/temp.linux-x86_64-3.11/ddnB/project/shpyang/shpyang/WL/engine/.buildozer/android/platform/build-arm64-v8a/build/other_builds/hostpython3/desktop/hostpython3/Modules/_curses_panel.o -L/usr/local/lib -lpanelw -lncursesw -o build/lib.linux-x86_64-3.11/_curses_panel.cpython-311-x86_64-linux-gnu.so
[1m[90m[DEBUG][39m[0m:   	gcc -pthread -shared build/temp.linux-x86_64-3.11/ddnB/project/shpyang/shpyang/WL/engine/.buildozer/android/platform/build-arm64-v8a/build/other_builds/hostpython3/desktop/hostpython3/Modules/_testmultiphase.o -L/usr/local/lib -o build/lib.linux-x86_64-3.11/_testmultiphase.cpython-311-x86_64-linux-gnu.so
[1m[90m[DEBUG][39m[0m:   	gcc -pthread -shared build/temp.linux-x86_64-3.11/ddnB/project/shpyang/shpyang/WL/engine/.buildozer/android/platform/build-arm64-v8a/build/other_builds/hostpython3/desktop/hostpython3/Modules/_bisectmodule.o -L/usr/local/lib -o build/lib.linux-x86_64-3.11/_bisect.cpython-311-x86_64-linux-gnu.so
[1m[90m[DEBUG][39m[0m:   	gcc -pthread -shared build/temp.linux-x86_64-3.11/ddnB/project/shpyang/shpyang/WL/engine/.buildozer/android/platform/build-arm64-v8a/build/other_builds/hostpython3/desktop/hostpython3/Modules/_queuemodule.o -L/usr/local/lib -o build/lib.linux-x86_64-3.11/_queue.cpython-311-x86_64-linux-gnu.so
[1m[90m[DEBUG][39m[0m:   	gcc -pthread -shared build/temp.linux-x86_64-3.11/ddnB/project/shpyang/shpyang/WL/engine/.buildozer/android/platform/build-arm64-v8a/build/other_builds/hostpython3/desktop/hostpython3/Modules/_testinternalcapi.o -L/usr/local/lib -o build/lib.linux-x86_64-3.11/_testinternalcapi.cpython-311-x86_64-linux-gnu.so
[1m[90m[DEBUG][39m[0m:   	gcc -pthread -shared build/temp.linux-x86_64-3.11/ddnB/project/shpyang/shpyang/WL/engine/.buildozer/android/platform/build-arm64-v8a/build/other_builds/hostpython3/desktop/hostpython3/Modules/_heapqmodule.o -L/usr/local/lib -o build/lib.linux-x86_64-3.11/_heapq.cpython-311-x86_64-linux-gnu.so
[1m[90m[DEBUG][39m[0m:   	gcc -pthread -shared build/temp.linux-x86_64-3.11/ddnB/project/shpyang/shpyang/WL/engine/.buildozer/android/platform/build-arm64-v8a/build/other_builds/hostpython3/desktop/hostpython3/Modules/_sha3/sha3module.o -L/usr/local/lib -o build/lib.linux-x86_64-3.11/_sha3.cpython-311-x86_64-linux-gnu.so
[1m[90m[DEBUG][39m[0m:   	gcc -pthread -shared build/temp.linux-x86_64-3.11/ddnB/project/shpyang/shpyang/WL/engine/.buildozer/android/platform/build-arm64-v8a/build/other_builds/hostpython3/desktop/hostpython3/Modules/cjkcodecs/_codecs_tw.o -L/usr/local/lib -o build/lib.linux-x86_64-3.11/_codecs_tw.cpython-311-x86_64-linux-gnu.so
[1m[90m[DEBUG][39m[0m:   	gcc -pthread -shared build/temp.linux-x86_64-3.11/ddnB/project/shpyang/shpyang/WL/engine/.buildozer/android/platform/build-arm64-v8a/build/other_builds/hostpython3/desktop/hostpython3/Modules/selectmodule.o -L/usr/local/lib -o build/lib.linux-x86_64-3.11/select.cpython-311-x86_64-linux-gnu.so
[1m[90m[DEBUG][39m[0m:   	gcc -pthread -shared build/temp.linux-x86_64-3.11/ddnB/project/shpyang/shpyang/WL/engine/.buildozer/android/platform/build-arm64-v8a/build/other_builds/hostpython3/desktop/hostpython3/Modules/sha1module.o -L/usr/local/lib -o build/lib.linux-x86_64-3.11/_sha1.cpython-311-x86_64-linux-gnu.so
[1m[90m[DEBUG][39m[0m:   	gcc -pthread -fPIC -Wsign-compare -DNDEBUG -g -fwrapv -O3 -Wall -std=c11 -Wextra -Wno-unused-parameter -Wno-missing-field-initializers -Werror=implicit-function-declaration -fvisibility=hidden -I/ddnB/project/shpyang/shpyang/WL/engine/.buildozer/android/platform/build-arm64-v8a/build/other_builds/hostpython3/desktop/hostpython3/Include/internal -I/ddnB/project/shpyang/shpyang/WL/engine/.buildozer/android/platform/build-arm64-v8a/build/other_builds/hostpython3/desktop/hostpython3/Modules/_sqlite -I. -IObjects -IPython -I/usr/local/include -I/ddnB/project/shpyang/shpyang/WL/engine/.buildozer/android/platform/build-arm64-v8a/build/other_builds/hostpython3/desktop/hostpython3/Include -I/ddnB/project/shpyang/shpyang/WL/engine/.buildozer/android/platform/build-arm64-v8a/build/other_builds/hostpython3/desktop/hostpython3/native-build -c /ddnB/project/shpyang/shpyang/WL/engine/.buildozer/android/platform/build-arm64-v8a/build/other_builds/hostpython3/desktop/hostpython3/Modules/_sqlite/connection.c -o build/temp.linux-x86_64-3.11/ddnB/project/shpyang/shpyang/WL/engine/.buildozer/android/platform/build-arm64-v8a/build/other_builds/hostpython3/desktop/hostpython3/Modules/_sqlite/connection.o
[1m[90m[DEBUG][39m[0m:   	gcc -pthread -shared build/temp.linux-x86_64-3.11/ddnB/project/shpyang/shpyang/WL/engine/.buildozer/android/platform/build-arm64-v8a/build/other_builds/hostpython3/desktop/hostpython3/Modules/_posixsubprocess.o -L/usr/local/lib -o build/lib.linux-x86_64-3.11/_posixsubprocess.cpython-311-x86_64-linux-gnu.so
[1m[90m[DEBUG][39m[0m:   	gcc -pthread -shared build/temp.linux-x86_64-3.11/ddnB/project/shpyang/shpyang/WL/engine/.buildozer/android/platform/build-arm64-v8a/build/other_builds/hostpython3/desktop/hostpython3/Modules/_bz2module.o -L/usr/local/lib -lbz2 -o build/lib.linux-x86_64-3.11/_bz2.cpython-311-x86_64-linux-gnu.so
[1m[90m[DEBUG][39m[0m:   	gcc -pthread -shared build/temp.linux-x86_64-3.11/ddnB/project/shpyang/shpyang/WL/engine/.buildozer/android/platform/build-arm64-v8a/build/other_builds/hostpython3/desktop/hostpython3/Modules/cjkcodecs/_codecs_kr.o -L/usr/local/lib -o build/lib.linux-x86_64-3.11/_codecs_kr.cpython-311-x86_64-linux-gnu.so
[1m[90m[DEBUG][39m[0m:   	gcc -pthread -fPIC -Wsign-compare -DNDEBUG -g -fwrapv -O3 -Wall -std=c11 -Wextra -Wno-unused-parameter -Wno-missing-field-initializers -Werror=implicit-function-declaration -fvisibility=hidden -I/ddnB/project/shpyang/shpyang/WL/engine/.buildozer/android/platform/build-arm64-v8a/build/other_builds/hostpython3/desktop/hostpython3/Include/internal -I. -IObjects -IPython -I/usr/local/include -I/ddnB/project/shpyang/shpyang/WL/engine/.buildozer/android/platform/build-arm64-v8a/build/other_builds/hostpython3/desktop/hostpython3/Include -I/ddnB/project/shpyang/shpyang/WL/engine/.buildozer/android/platform/build-arm64-v8a/build/other_builds/hostpython3/desktop/hostpython3/native-build -c /ddnB/project/shpyang/shpyang/WL/engine/.buildozer/android/platform/build-arm64-v8a/build/other_builds/hostpython3/desktop/hostpython3/Modules/rotatingtree.c -o build/temp.linux-x86_64-3.11/ddnB/project/shpyang/shpyang/WL/engine/.buildozer/android/platform/build-arm64-v8a/build/other_builds/hostpython3/desktop/hostpython3/Modules/rotatingtree.o
[1m[90m[DEBUG][39m[0m:   	gcc -pthread -shared build/temp.linux-x86_64-3.11/ddnB/project/shpyang/shpyang/WL/engine/.buildozer/android/platform/build-arm64-v8a/build/other_builds/hostpython3/desktop/hostpython3/Modules/_uuidmodule.o -L/usr/local/packages/python/3.11.5-anaconda/lib -L/usr/local/lib -luuid -o build/lib.linux-x86_64-3.11/_uuid.cpython-311-x86_64-linux-gnu.so
[1m[90m[DEBUG][39m[0m:   	gcc -pthread -shared build/temp.linux-x86_64-3.11/ddnB/project/shpyang/shpyang/WL/engine/.buildozer/android/platform/build-arm64-v8a/build/other_builds/hostpython3/desktop/hostpython3/Modules/md5module.o -L/usr/local/lib -o build/lib.linux-x86_64-3.11/_md5.cpython-311-x86_64-linux-gnu.so
[1m[90m[DEBUG][39m[0m:   	gcc -pthread -shared build/temp.linux-x86_64-3.11/ddnB/project/shpyang/shpyang/WL/engine/.buildozer/android/platform/build-arm64-v8a/build/other_builds/hostpython3/desktop/hostpython3/Modules/xxlimited_35.o -L/usr/local/lib -o build/lib.linux-x86_64-3.11/xxlimited_35.cpython-311-x86_64-linux-gnu.so
[1m[90m[DEBUG][39m[0m:   	gcc -pthread -shared build/temp.linux-x86_64-3.11/ddnB/project/shpyang/shpyang/WL/engine/.buildozer/android/platform/build-arm64-v8a/build/other_builds/hostpython3/desktop/hostpython3/Modules/_lzmamodule.o -L/usr/local/packages/python/3.11.5-anaconda/lib -L/usr/local/lib -llzma -o build/lib.linux-x86_64-3.11/_lzma.cpython-311-x86_64-linux-gnu.so
[1m[90m[DEBUG][39m[0m:   	gcc -pthread -shared build/temp.linux-x86_64-3.11/ddnB/project/shpyang/shpyang/WL/engine/.buildozer/android/platform/build-arm64-v8a/build/other_builds/hostpython3/desktop/hostpython3/Modules/ossaudiodev.o -L/usr/local/lib -o build/lib.linux-x86_64-3.11/ossaudiodev.cpython-311-x86_64-linux-gnu.so
[1m[90m[DEBUG][39m[0m:   	gcc -pthread -shared build/temp.linux-x86_64-3.11/ddnB/project/shpyang/shpyang/WL/engine/.buildozer/android/platform/build-arm64-v8a/build/other_builds/hostpython3/desktop/hostpython3/Modules/sha256module.o -L/usr/local/lib -o build/lib.linux-x86_64-3.11/_sha256.cpython-311-x86_64-linux-gnu.so
[1m[90m[DEBUG][39m[0m:   	gcc -pthread -shared build/temp.linux-x86_64-3.11/ddnB/project/shpyang/shpyang/WL/engine/.buildozer/android/platform/build-arm64-v8a/build/other_builds/hostpython3/desktop/hostpython3/Modules/xxlimited.o -L/usr/local/lib -o build/lib.linux-x86_64-3.11/xxlimited.cpython-311-x86_64-linux-gnu.so
[1m[90m[DEBUG][39m[0m:   	gcc -pthread -shared build/temp.linux-x86_64-3.11/ddnB/project/shpyang/shpyang/WL/engine/.buildozer/android/platform/build-arm64-v8a/build/other_builds/hostpython3/desktop/hostpython3/Modules/_multiprocessing/posixshmem.o -L/usr/local/lib -lrt -o build/lib.linux-x86_64-3.11/_posixshmem.cpython-311-x86_64-linux-gnu.so
[1m[90m[DEBUG][39m[0m:   	gcc -pthread -fPIC -Wsign-compare -DNDEBUG -g -fwrapv -O3 -Wall -std=c11 -Wextra -Wno-unused-parameter -Wno-missing-field-initializers -Werror=implicit-function-declaration -fvisibility=hidden -I/ddnB/project/shpyang/shpyang/WL/engine/.buildozer/android/platform/build-arm64-v8a/build/other_builds/hostpython3/desktop/hostpython3/Include/internal -I/ddnB/project/shpyang/shpyang/WL/engine/.buildozer/android/platform/build-arm64-v8a/build/other_builds/hostpython3/desktop/hostpython3/Modules/_multiprocessing -I. -IObjects -IPython -I/usr/local/include -I/ddnB/project/shpyang/shpyang/WL/engine/.buildozer/android/platform/build-arm64-v8a/build/other_builds/hostpython3/desktop/hostpython3/Include -I/ddnB/project/shpyang/shpyang/WL/engine/.buildozer/android/platform/build-arm64-v8a/build/other_builds/hostpython3/desktop/hostpython3/native-build -c /ddnB/project/shpyang/shpyang/WL/engine/.buildozer/android/platform/build-arm64-v8a/build/other_builds/hostpython3/desktop/hostpython3/Modules/_multiprocessing/semaphore.c -o build/temp.linux-x86_64-3.11/ddnB/project/shpyang/shpyang/WL/engine/.buildozer/android/platform/build-arm64-v8a/build/other_builds/hostpython3/desktop/hostpython3/Modules/_multiprocessing/semaphore.o
[1m[90m[DEBUG][39m[0m:   	gcc -pthread -shared build/temp.linux-x86_64-3.11/ddnB/project/shpyang/shpyang/WL/engine/.buildozer/android/platform/build-arm64-v8a/build/other_builds/hostpython3/desktop/hostpython3/Modules/mmapmodule.o -L/usr/local/lib -o build/lib.linux-x86_64-3.11/mmap.cpython-311-x86_64-linux-gnu.so
[1m[90m[DEBUG][39m[0m:   	gcc -pthread -shared build/temp.linux-x86_64-3.11/ddnB/project/shpyang/shpyang/WL/engine/.buildozer/android/platform/build-arm64-v8a/build/other_builds/hostpython3/desktop/hostpython3/Modules/_lsprof.o build/temp.linux-x86_64-3.11/ddnB/project/shpyang/shpyang/WL/engine/.buildozer/android/platform/build-arm64-v8a/build/other_builds/hostpython3/desktop/hostpython3/Modules/rotatingtree.o -L/usr/local/lib -o build/lib.linux-x86_64-3.11/_lsprof.cpython-311-x86_64-linux-gnu.so
[1m[90m[DEBUG][39m[0m:   	gcc -pthread -shared build/temp.linux-x86_64-3.11/ddnB/project/shpyang/shpyang/WL/engine/.buildozer/android/platform/build-arm64-v8a/build/other_builds/hostpython3/desktop/hostpython3/Modules/readline.o -L/usr/lib/termcap -L/usr/local/lib -lreadline -o build/lib.linux-x86_64-3.11/readline.cpython-311-x86_64-linux-gnu.so
[1m[90m[DEBUG][39m[0m:   	gcc -pthread -shared build/temp.linux-x86_64-3.11/ddnB/project/shpyang/shpyang/WL/engine/.buildozer/android/platform/build-arm64-v8a/build/other_builds/hostpython3/desktop/hostpython3/Modules/cjkcodecs/_codecs_cn.o -L/usr/local/lib -o build/lib.linux-x86_64-3.11/_codecs_cn.cpython-311-x86_64-linux-gnu.so
[1m[90m[DEBUG][39m[0m:   	gcc -pthread -shared build/temp.linux-x86_64-3.11/ddnB/project/shpyang/shpyang/WL/engine/.buildozer/android/platform/build-arm64-v8a/build/other_builds/hostpython3/desktop/hostpython3/Modules/_xxtestfuzz/_xxtestfuzz.o build/temp.linux-x86_64-3.11/ddnB/project/shpyang/shpyang/WL/engine/.buildozer/android/platform/build-arm64-v8a/build/other_builds/hostpython3/desktop/hostpython3/Modules/_xxtestfuzz/fuzzer.o -L/usr/local/lib -o build/lib.linux-x86_64-3.11/_xxtestfuzz.cpython-311-x86_64-linux-gnu.so
[1m[90m[DEBUG][39m[0m:   	gcc -pthread -shared build/temp.linux-x86_64-3.11/ddnB/project/shpyang/shpyang/WL/engine/.buildozer/android/platform/build-arm64-v8a/build/other_builds/hostpython3/desktop/hostpython3/Modules/_csv.o -L/usr/local/lib -o build/lib.linux-x86_64-3.11/_csv.cpython-311-x86_64-linux-gnu.so
[1m[90m[DEBUG][39m[0m:   	gcc -pthread -shared build/temp.linux-x86_64-3.11/ddnB/project/shpyang/shpyang/WL/engine/.buildozer/android/platform/build-arm64-v8a/build/other_builds/hostpython3/desktop/hostpython3/Modules/_ctypes/_ctypes_test.o -L/usr/local/lib -lm -o build/lib.linux-x86_64-3.11/_ctypes_test.cpython-311-x86_64-linux-gnu.so
[1m[90m[DEBUG][39m[0m:   	gcc -pthread -shared build/temp.linux-x86_64-3.11/ddnB/project/shpyang/shpyang/WL/engine/.buildozer/android/platform/build-arm64-v8a/build/other_builds/hostpython3/desktop/hostpython3/Modules/cjkcodecs/_codecs_hk.o -L/usr/local/lib -o build/lib.linux-x86_64-3.11/_codecs_hk.cpython-311-x86_64-linux-gnu.so
[1m[90m[DEBUG][39m[0m:   	gcc -pthread -shared build/temp.linux-x86_64-3.11/ddnB/project/shpyang/shpyang/WL/engine/.buildozer/android/platform/build-arm64-v8a/build/other_builds/hostpython3/desktop/hostpython3/Modules/binascii.o -L/usr/local/packages/python/3.11.5-anaconda/lib -L/usr/local/lib -lz -o build/lib.linux-x86_64-3.11/binascii.cpython-311-x86_64-linux-gnu.so
[1m[90m[DEBUG][39m[0m:   	gcc -pthread -fPIC -Wsign-compare -DNDEBUG -g -fwrapv -O3 -Wall -std=c11 -Wextra -Wno-unused-parameter -Wno-missing-field-initializers -Werror=implicit-function-declaration -fvisibility=hidden -I/ddnB/project/shpyang/shpyang/WL/engine/.buildozer/android/platform/build-arm64-v8a/build/other_builds/hostpython3/desktop/hostpython3/Include/internal -I. -IObjects -IPython -I/usr/local/include -I/ddnB/project/shpyang/shpyang/WL/engine/.buildozer/android/platform/build-arm64-v8a/build/other_builds/hostpython3/desktop/hostpython3/Include -I/ddnB/project/shpyang/shpyang/WL/engine/.buildozer/android/platform/build-arm64-v8a/build/other_builds/hostpython3/desktop/hostpython3/native-build -c /ddnB/project/shpyang/shpyang/WL/engine/.buildozer/android/platform/build-arm64-v8a/build/other_builds/hostpython3/desktop/hostpython3/Modules/_blake2/blake2module.c -o build/temp.linux-x86_64-3.11/ddnB/project/shpyang/shpyang/WL/engine/.buildozer/android/platform/build-arm64-v8a/build/other_builds/hostpython3/desktop/hostpython3/Modules/_blake2/blake2module.o
[1m[90m[DEBUG][39m[0m:   	gcc -pthread -shared build/temp.linux-x86_64-3.11/ddnB/project/shpyang/shpyang/WL/engine/.buildozer/android/platform/build-arm64-v8a/build/other_builds/hostpython3/desktop/hostpython3/Modules/_xxsubinterpretersmodule.o -L/usr/local/lib -o build/lib.linux-x86_64-3.11/_xxsubinterpreters.cpython-311-x86_64-linux-gnu.so
[1m[90m[DEBUG][39m[0m:   	gcc -pthread -shared build/temp.linux-x86_64-3.11/ddnB/project/shpyang/shpyang/WL/engine/.buildozer/android/platform/build-arm64-v8a/build/other_builds/hostpython3/desktop/hostpython3/Modules/cjkcodecs/multibytecodec.o -L/usr/local/lib -o build/lib.linux-x86_64-3.11/_multibytecodec.cpython-311-x86_64-linux-gnu.so
[1m[90m[DEBUG][39m[0m:   	gcc -pthread -shared build/temp.linux-x86_64-3.11/ddnB/project/shpyang/shpyang/WL/engine/.buildozer/android/platform/build-arm64-v8a/build/other_builds/hostpython3/desktop/hostpython3/Modules/sha512module.o -L/usr/local/lib -o build/lib.linux-x86_64-3.11/_sha512.cpython-311-x86_64-linux-gnu.so
[1m[90m[DEBUG][39m[0m:   	gcc -pthread -shared build/temp.linux-x86_64-3.11/ddnB/project/shpyang/shpyang/WL/engine/.buildozer/android/platform/build-arm64-v8a/build/other_builds/hostpython3/desktop/hostpython3/Modules/_multiprocessing/multiprocessing.o build/temp.linux-x86_64-3.11/ddnB/project/shpyang/shpyang/WL/engine/.buildozer/android/platform/build-arm64-v8a/build/other_builds/hostpython3/desktop/hostpython3/Modules/_multiprocessing/semaphore.o -L/usr/local/lib -o build/lib.linux-x86_64-3.11/_multiprocessing.cpython-311-x86_64-linux-gnu.so
[1m[90m[DEBUG][39m[0m:   	gcc -pthread -shared build/temp.linux-x86_64-3.11/ddnB/project/shpyang/shpyang/WL/engine/.buildozer/android/platform/build-arm64-v8a/build/other_builds/hostpython3/desktop/hostpython3/Modules/_hashopenssl.o -L/usr/local/packages/python/3.11.5-anaconda/lib -L/usr/local/lib -lcrypto -o build/lib.linux-x86_64-3.11/_hashlib.cpython-311-x86_64-linux-gnu.so
[1m[90m[DEBUG][39m[0m:   	gcc -pthread -shared build/temp.linux-x86_64-3.11/ddnB/project/shpyang/shpyang/WL/engine/.buildozer/android/platform/build-arm64-v8a/build/other_builds/hostpython3/desktop/hostpython3/Modules/cjkcodecs/_codecs_jp.o -L/usr/local/lib -o build/lib.linux-x86_64-3.11/_codecs_jp.cpython-311-x86_64-linux-gnu.so
[1m[90m[DEBUG][39m[0m:   	gcc -pthread -shared build/temp.linux-x86_64-3.11/ddnB/project/shpyang/shpyang/WL/engine/.buildozer/android/platform/build-arm64-v8a/build/other_builds/hostpython3/desktop/hostpython3/Modules/_zoneinfo.o -L/usr/local/lib -o build/lib.linux-x86_64-3.11/_zoneinfo.cpython-311-x86_64-linux-gnu.so
[1m[90m[DEBUG][39m[0m:   	gcc -pthread -shared build/temp.linux-x86_64-3.11/ddnB/project/shpyang/shpyang/WL/engine/.buildozer/android/platform/build-arm64-v8a/build/other_builds/hostpython3/desktop/hostpython3/Modules/cjkcodecs/_codecs_iso2022.o -L/usr/local/lib -o build/lib.linux-x86_64-3.11/_codecs_iso2022.cpython-311-x86_64-linux-gnu.so
[1m[90m[DEBUG][39m[0m:   	gcc -pthread -shared build/temp.linux-x86_64-3.11/ddnB/project/shpyang/shpyang/WL/engine/.buildozer/android/platform/build-arm64-v8a/build/other_builds/hostpython3/desktop/hostpython3/Modules/_testbuffer.o -L/usr/local/lib -o build/lib.linux-x86_64-3.11/_testbuffer.cpython-311-x86_64-linux-gnu.so
[1m[90m[DEBUG][39m[0m:   	gcc -pthread -fPIC -Wsign-compare -DNDEBUG -g -fwrapv -O3 -Wall -std=c11 -Wextra -Wno-unused-parameter -Wno-missing-field-initializers -Werror=implicit-function-declaration -fvisibility=hidden -I/ddnB/project/shpyang/shpyang/WL/engine/.buildozer/android/platform/build-arm64-v8a/build/other_builds/hostpython3/desktop/hostpython3/Include/internal -I. -IObjects -IPython -I/usr/local/include -I/ddnB/project/shpyang/shpyang/WL/engine/.buildozer/android/platform/build-arm64-v8a/build/other_builds/hostpython3/desktop/hostpython3/Include -I/ddnB/project/shpyang/shpyang/WL/engine/.buildozer/android/platform/build-arm64-v8a/build/other_builds/hostpython3/desktop/hostpython3/native-build -c /ddnB/project/shpyang/shpyang/WL/engine/.buildozer/android/platform/build-arm64-v8a/build/other_builds/hostpython3/desktop/hostpython3/Modules/_blake2/blake2s_impl.c -o build/temp.linux-x86_64-3.11/ddnB/project/shpyang/shpyang/WL/engine/.buildozer/android/platform/build-arm64-v8a/build/other_builds/hostpython3/desktop/hostpython3/Modules/_blake2/blake2s_impl.o
[1m[90m[DEBUG][39m[0m:   	gcc -pthread -shared build/temp.linux-x86_64-3.11/ddnB/project/shpyang/shpyang/WL/engine/.buildozer/android/platform/build-arm64-v8a/build/other_builds/hostpython3/desktop/hostpython3/Modules/zlibmodule.o -L/usr/local/packages/python/3.11.5-anaconda/lib -L/usr/local/lib -lz -o build/lib.linux-x86_64-3.11/zlib.cpython-311-x86_64-linux-gnu.so
[1m[90m[DEBUG][39m[0m:   	gcc -pthread -shared build/temp.linux-x86_64-3.11/ddnB/project/shpyang/shpyang/WL/engine/.buildozer/android/platform/build-arm64-v8a/build/other_builds/hostpython3/desktop/hostpython3/Modules/_struct.o -L/usr/local/lib -o build/lib.linux-x86_64-3.11/_struct.cpython-311-x86_64-linux-gnu.so
[1m[90m[DEBUG][39m[0m:   	gcc -pthread -shared build/temp.linux-x86_64-3.11/ddnB/project/shpyang/shpyang/WL/engine/.buildozer/android/platform/build-arm64-v8a/build/other_builds/hostpython3/desktop/hostpython3/Modules/_testclinic.o -L/usr/local/lib -o build/lib.linux-x86_64-3.11/_testclinic.cpython-311-x86_64-linux-gnu.so
[1m[90m[DEBUG][39m[0m:   	gcc -pthread -shared build/temp.linux-x86_64-3.11/ddnB/project/shpyang/shpyang/WL/engine/.buildozer/android/platform/build-arm64-v8a/build/other_builds/hostpython3/desktop/hostpython3/Modules/_json.o -L/usr/local/lib -o build/lib.linux-x86_64-3.11/_json.cpython-311-x86_64-linux-gnu.so
[1m[90m[DEBUG][39m[0m:   	gcc -pthread -shared build/temp.linux-x86_64-3.11/ddnB/project/shpyang/shpyang/WL/engine/.buildozer/android/platform/build-arm64-v8a/build/other_builds/hostpython3/desktop/hostpython3/Modules/arraymodule.o -L/usr/local/lib -o build/lib.linux-x86_64-3.11/array.cpython-311-x86_64-linux-gnu.so
[1m[90m[DEBUG][39m[0m:   	gcc -pthread -shared build/temp.linux-x86_64-3.11/ddnB/project/shpyang/shpyang/WL/engine/.buildozer/android/platform/build-arm64-v8a/build/other_builds/hostpython3/desktop/hostpython3/Modules/audioop.o -L/usr/local/lib -lm -o build/lib.linux-x86_64-3.11/audioop.cpython-311-x86_64-linux-gnu.so
[1m[90m[DEBUG][39m[0m:   	gcc -pthread -shared build/temp.linux-x86_64-3.11/ddnB/project/shpyang/shpyang/WL/engine/.buildozer/android/platform/build-arm64-v8a/build/other_builds/hostpython3/desktop/hostpython3/Modules/_asynciomodule.o -L/usr/local/lib -o build/lib.linux-x86_64-3.11/_asyncio.cpython-311-x86_64-linux-gnu.so
[1m[90m[DEBUG][39m[0m:   	gcc -pthread -shared build/temp.linux-x86_64-3.11/ddnB/project/shpyang/shpyang/WL/engine/.buildozer/android/platform/build-arm64-v8a/build/other_builds/hostpython3/desktop/hostpython3/Modules/pyexpat.o Modules/expat/libexpat.a -L/usr/local/lib -lm -o build/lib.linux-x86_64-3.11/pyexpat.cpython-311-x86_64-linux-gnu.so
[1m[90m[DEBUG][39m[0m:   	gcc -pthread -fPIC -Wsign-compare -DNDEBUG -g -fwrapv -O3 -Wall -std=c11 -Wextra -Wno-unused-parameter -Wno-missing-field-initializers -Werror=implicit-function-declaration -fvisibility=hidden -I/ddnB/project/shpyang/shpyang/WL/engine/.buildozer/android/platform/build-arm64-v8a/build/other_builds/hostpython3/desktop/hostpython3/Include/internal -DWITH_APPINIT=1 -I. -IObjects -IPython -I/usr/local/include -I/ddnB/project/shpyang/shpyang/WL/engine/.buildozer/android/platform/build-arm64-v8a/build/other_builds/hostpython3/desktop/hostpython3/Include -I/ddnB/project/shpyang/shpyang/WL/engine/.buildozer/android/platform/build-arm64-v8a/build/other_builds/hostpython3/desktop/hostpython3/native-build -c /ddnB/project/shpyang/shpyang/WL/engine/.buildozer/android/platform/build-arm64-v8a/build/other_builds/hostpython3/desktop/hostpython3/Modules/tkappinit.c -o build/temp.linux-x86_64-3.11/ddnB/project/shpyang/shpyang/WL/engine/.buildozer/android/platform/build-arm64-v8a/build/other_builds/hostpython3/desktop/hostpython3/Modules/tkappinit.o -Wno-strict-prototypes
[1m[90m[DEBUG][39m[0m:   	gcc -pthread -fPIC -Wsign-compare -DNDEBUG -g -fwrapv -O3 -Wall -std=c11 -Wextra -Wno-unused-parameter -Wno-missing-field-initializers -Werror=implicit-function-declaration -fvisibility=hidden -I/ddnB/project/shpyang/shpyang/WL/engine/.buildozer/android/platform/build-arm64-v8a/build/other_builds/hostpython3/desktop/hostpython3/Include/internal -I/ddnB/project/shpyang/shpyang/WL/engine/.buildozer/android/platform/build-arm64-v8a/build/other_builds/hostpython3/desktop/hostpython3/Modules/_sqlite -I. -IObjects -IPython -I/usr/local/include -I/ddnB/project/shpyang/shpyang/WL/engine/.buildozer/android/platform/build-arm64-v8a/build/other_builds/hostpython3/desktop/hostpython3/Include -I/ddnB/project/shpyang/shpyang/WL/engine/.buildozer/android/platform/build-arm64-v8a/build/other_builds/hostpython3/desktop/hostpython3/native-build -c /ddnB/project/shpyang/shpyang/WL/engine/.buildozer/android/platform/build-arm64-v8a/build/other_builds/hostpython3/desktop/hostpython3/Modules/_sqlite/cursor.c -o build/temp.linux-x86_64-3.11/ddnB/project/shpyang/shpyang/WL/engine/.buildozer/android/platform/build-arm64-v8a/build/other_builds/hostpython3/desktop/hostpython3/Modules/_sqlite/cursor.o
[1m[90m[DEBUG][39m[0m:   	gcc -pthread -shared build/temp.linux-x86_64-3.11/ddnB/project/shpyang/shpyang/WL/engine/.buildozer/android/platform/build-arm64-v8a/build/other_builds/hostpython3/desktop/hostpython3/Modules/socketmodule.o -L/usr/local/lib -o build/lib.linux-x86_64-3.11/_socket.cpython-311-x86_64-linux-gnu.so
[1m[90m[DEBUG][39m[0m:   	gcc -pthread -shared build/temp.linux-x86_64-3.11/ddnB/project/shpyang/shpyang/WL/engine/.buildozer/android/platform/build-arm64-v8a/build/other_builds/hostpython3/desktop/hostpython3/Modules/_tkinter.o build/temp.linux-x86_64-3.11/ddnB/project/shpyang/shpyang/WL/engine/.buildozer/android/platform/build-arm64-v8a/build/other_builds/hostpython3/desktop/hostpython3/Modules/tkappinit.o -L/usr/local/packages/python/3.11.5-anaconda/lib -L/usr/local/lib -ltk8.6 -ltkstub8.6 -ltcl8.6 -ltclstub8.6 -o build/lib.linux-x86_64-3.11/_tkinter.cpython-311-x86_64-linux-gnu.so
[1m[90m[DEBUG][39m[0m:   	gcc -pthread -shared build/temp.linux-x86_64-3.11/ddnB/project/shpyang/shpyang/WL/engine/.buildozer/android/platform/build-arm64-v8a/build/other_builds/hostpython3/desktop/hostpython3/Modules/_blake2/blake2b_impl.o build/temp.linux-x86_64-3.11/ddnB/project/shpyang/shpyang/WL/engine/.buildozer/android/platform/build-arm64-v8a/build/other_builds/hostpython3/desktop/hostpython3/Modules/_blake2/blake2module.o build/temp.linux-x86_64-3.11/ddnB/project/shpyang/shpyang/WL/engine/.buildozer/android/platform/build-arm64-v8a/build/other_builds/hostpython3/desktop/hostpython3/Modules/_blake2/blake2s_impl.o -L/usr/local/lib -o build/lib.linux-x86_64-3.11/_blake2.cpython-311-x86_64-linux-gnu.so
[1m[90m[DEBUG][39m[0m:   	gcc -pthread -shared build/temp.linux-x86_64-3.11/ddnB/project/shpyang/shpyang/WL/engine/.buildozer/android/platform/build-arm64-v8a/build/other_builds/hostpython3/desktop/hostpython3/Modules/_elementtree.o -L/usr/local/lib -o build/lib.linux-x86_64-3.11/_elementtree.cpython-311-x86_64-linux-gnu.so
[1m[90m[DEBUG][39m[0m:   	gcc -pthread -shared build/temp.linux-x86_64-3.11/ddnB/project/shpyang/shpyang/WL/engine/.buildozer/android/platform/build-arm64-v8a/build/other_builds/hostpython3/desktop/hostpython3/Modules/unicodedata.o -L/usr/local/lib -o build/lib.linux-x86_64-3.11/unicodedata.cpython-311-x86_64-linux-gnu.so
[1m[90m[DEBUG][39m[0m:   	gcc -pthread -shared build/temp.linux-x86_64-3.11/ddnB/project/shpyang/shpyang/WL/engine/.buildozer/android/platform/build-arm64-v8a/build/other_builds/hostpython3/desktop/hostpython3/Modules/_ssl.o -L/usr/local/packages/python/3.11.5-anaconda/lib -L/usr/local/lib -lssl -lcrypto -o build/lib.linux-x86_64-3.11/_ssl.cpython-311-x86_64-linux-gnu.so
[1m[90m[DEBUG][39m[0m:   	gcc -pthread -shared build/temp.linux-x86_64-3.11/ddnB/project/shpyang/shpyang/WL/engine/.buildozer/android/platform/build-arm64-v8a/build/other_builds/hostpython3/desktop/hostpython3/Modules/_cursesmodule.o -L/usr/local/lib -lncursesw -o build/lib.linux-x86_64-3.11/_curses.cpython-311-x86_64-linux-gnu.so
[1m[90m[DEBUG][39m[0m:   	gcc -pthread -fPIC -Wsign-compare -DNDEBUG -g -fwrapv -O3 -Wall -std=c11 -Wextra -Wno-unused-parameter -Wno-missing-field-initializers -Werror=implicit-function-declaration -fvisibility=hidden -I/ddnB/project/shpyang/shpyang/WL/engine/.buildozer/android/platform/build-arm64-v8a/build/other_builds/hostpython3/desktop/hostpython3/Include/internal -I. -IObjects -IPython -I/usr/local/include -I/ddnB/project/shpyang/shpyang/WL/engine/.buildozer/android/platform/build-arm64-v8a/build/other_builds/hostpython3/desktop/hostpython3/Include -I/ddnB/project/shpyang/shpyang/WL/engine/.buildozer/android/platform/build-arm64-v8a/build/other_builds/hostpython3/desktop/hostpython3/native-build -c /ddnB/project/shpyang/shpyang/WL/engine/.buildozer/android/platform/build-arm64-v8a/build/other_builds/hostpython3/desktop/hostpython3/Modules/_ctypes/callbacks.c -o build/temp.linux-x86_64-3.11/ddnB/project/shpyang/shpyang/WL/engine/.buildozer/android/platform/build-arm64-v8a/build/other_builds/hostpython3/desktop/hostpython3/Modules/_ctypes/callbacks.o
[1m[90m[DEBUG][39m[0m:   	gcc -pthread -fPIC -Wsign-compare -DNDEBUG -g -fwrapv -O3 -Wall -std=c11 -Wextra -Wno-unused-parameter -Wno-missing-field-initializers -Werror=implicit-function-declaration -fvisibility=hidden -I/ddnB/project/shpyang/shpyang/WL/engine/.buildozer/android/platform/build-arm64-v8a/build/other_builds/hostpython3/desktop/hostpython3/Include/internal -I/ddnB/project/shpyang/shpyang/WL/engine/.buildozer/android/platform/build-arm64-v8a/build/other_builds/hostpython3/desktop/hostpython3/Modules/_sqlite -I. -IObjects -IPython -I/usr/local/include -I/ddnB/project/shpyang/shpyang/WL/engine/.buildozer/android/platform/build-arm64-v8a/build/other_builds/hostpython3/desktop/hostpython3/Include -I/ddnB/project/shpyang/shpyang/WL/engine/.buildozer/android/platform/build-arm64-v8a/build/other_builds/hostpython3/desktop/hostpython3/native-build -c /ddnB/project/shpyang/shpyang/WL/engine/.buildozer/android/platform/build-arm64-v8a/build/other_builds/hostpython3/desktop/hostpython3/Modules/_sqlite/microprotocols.c -o build/temp.linux-x86_64-3.11/ddnB/project/shpyang/shpyang/WL/engine/.buildozer/android/platform/build-arm64-v8a/build/other_builds/hostpython3/desktop/hostpython3/Modules/_sqlite/microprotocols.o
[1m[90m[DEBUG][39m[0m:   	gcc -pthread -shared build/temp.linux-x86_64-3.11/ddnB/project/shpyang/shpyang/WL/engine/.buildozer/android/platform/build-arm64-v8a/build/other_builds/hostpython3/desktop/hostpython3/Modules/cmathmodule.o -L/usr/local/lib -lm -o build/lib.linux-x86_64-3.11/cmath.cpython-311-x86_64-linux-gnu.so
[1m[90m[DEBUG][39m[0m:   	gcc -pthread -fPIC -Wsign-compare -DNDEBUG -g -fwrapv -O3 -Wall -std=c11 -Wextra -Wno-unused-parameter -Wno-missing-field-initializers -Werror=implicit-function-declaration -fvisibility=hidden -I/ddnB/project/shpyang/shpyang/WL/engine/.buildozer/android/platform/build-arm64-v8a/build/other_builds/hostpython3/desktop/hostpython3/Include/internal -I. -IObjects -IPython -I/usr/local/include -I/ddnB/project/shpyang/shpyang/WL/engine/.buildozer/android/platform/build-arm64-v8a/build/other_builds/hostpython3/desktop/hostpython3/Include -I/ddnB/project/shpyang/shpyang/WL/engine/.buildozer/android/platform/build-arm64-v8a/build/other_builds/hostpython3/desktop/hostpython3/native-build -c /ddnB/project/shpyang/shpyang/WL/engine/.buildozer/android/platform/build-arm64-v8a/build/other_builds/hostpython3/desktop/hostpython3/Modules/_ctypes/callproc.c -o build/temp.linux-x86_64-3.11/ddnB/project/shpyang/shpyang/WL/engine/.buildozer/android/platform/build-arm64-v8a/build/other_builds/hostpython3/desktop/hostpython3/Modules/_ctypes/callproc.o
[1m[90m[DEBUG][39m[0m:   	gcc -pthread -fPIC -Wsign-compare -DNDEBUG -g -fwrapv -O3 -Wall -std=c11 -Wextra -Wno-unused-parameter -Wno-missing-field-initializers -Werror=implicit-function-declaration -fvisibility=hidden -I/ddnB/project/shpyang/shpyang/WL/engine/.buildozer/android/platform/build-arm64-v8a/build/other_builds/hostpython3/desktop/hostpython3/Include/internal -I/ddnB/project/shpyang/shpyang/WL/engine/.buildozer/android/platform/build-arm64-v8a/build/other_builds/hostpython3/desktop/hostpython3/Modules/_sqlite -I. -IObjects -IPython -I/usr/local/include -I/ddnB/project/shpyang/shpyang/WL/engine/.buildozer/android/platform/build-arm64-v8a/build/other_builds/hostpython3/desktop/hostpython3/Include -I/ddnB/project/shpyang/shpyang/WL/engine/.buildozer/android/platform/build-arm64-v8a/build/other_builds/hostpython3/desktop/hostpython3/native-build -c /ddnB/project/shpyang/shpyang/WL/engine/.buildozer/android/platform/build-arm64-v8a/build/other_builds/hostpython3/desktop/hostpython3/Modules/_sqlite/module.c -o build/temp.linux-x86_64-3.11/ddnB/project/shpyang/shpyang/WL/engine/.buildozer/android/platform/build-arm64-v8a/build/other_builds/hostpython3/desktop/hostpython3/Modules/_sqlite/module.o
[1m[90m[DEBUG][39m[0m:   	gcc -pthread -shared build/temp.linux-x86_64-3.11/ddnB/project/shpyang/shpyang/WL/engine/.buildozer/android/platform/build-arm64-v8a/build/other_builds/hostpython3/desktop/hostpython3/Modules/_testcapimodule.o -L/usr/local/lib -o build/lib.linux-x86_64-3.11/_testcapi.cpython-311-x86_64-linux-gnu.so
[1m[90m[DEBUG][39m[0m:   	gcc -pthread -shared build/temp.linux-x86_64-3.11/ddnB/project/shpyang/shpyang/WL/engine/.buildozer/android/platform/build-arm64-v8a/build/other_builds/hostpython3/desktop/hostpython3/Modules/_datetimemodule.o -L/usr/local/lib -lm -o build/lib.linux-x86_64-3.11/_datetime.cpython-311-x86_64-linux-gnu.so
[1m[90m[DEBUG][39m[0m:   	gcc -pthread -fPIC -Wsign-compare -DNDEBUG -g -fwrapv -O3 -Wall -std=c11 -Wextra -Wno-unused-parameter -Wno-missing-field-initializers -Werror=implicit-function-declaration -fvisibility=hidden -I/ddnB/project/shpyang/shpyang/WL/engine/.buildozer/android/platform/build-arm64-v8a/build/other_builds/hostpython3/desktop/hostpython3/Include/internal -I/ddnB/project/shpyang/shpyang/WL/engine/.buildozer/android/platform/build-arm64-v8a/build/other_builds/hostpython3/desktop/hostpython3/Modules/_sqlite -I. -IObjects -IPython -I/usr/local/include -I/ddnB/project/shpyang/shpyang/WL/engine/.buildozer/android/platform/build-arm64-v8a/build/other_builds/hostpython3/desktop/hostpython3/Include -I/ddnB/project/shpyang/shpyang/WL/engine/.buildozer/android/platform/build-arm64-v8a/build/other_builds/hostpython3/desktop/hostpython3/native-build -c /ddnB/project/shpyang/shpyang/WL/engine/.buildozer/android/platform/build-arm64-v8a/build/other_builds/hostpython3/desktop/hostpython3/Modules/_sqlite/prepare_protocol.c -o build/temp.linux-x86_64-3.11/ddnB/project/shpyang/shpyang/WL/engine/.buildozer/android/platform/build-arm64-v8a/build/other_builds/hostpython3/desktop/hostpython3/Modules/_sqlite/prepare_protocol.o
[1m[90m[DEBUG][39m[0m:   	gcc -pthread -fPIC -Wsign-compare -DNDEBUG -g -fwrapv -O3 -Wall -std=c11 -Wextra -Wno-unused-parameter -Wno-missing-field-initializers -Werror=implicit-function-declaration -fvisibility=hidden -I/ddnB/project/shpyang/shpyang/WL/engine/.buildozer/android/platform/build-arm64-v8a/build/other_builds/hostpython3/desktop/hostpython3/Include/internal -I. -IObjects -IPython -I/usr/local/include -I/ddnB/project/shpyang/shpyang/WL/engine/.buildozer/android/platform/build-arm64-v8a/build/other_builds/hostpython3/desktop/hostpython3/Include -I/ddnB/project/shpyang/shpyang/WL/engine/.buildozer/android/platform/build-arm64-v8a/build/other_builds/hostpython3/desktop/hostpython3/native-build -c /ddnB/project/shpyang/shpyang/WL/engine/.buildozer/android/platform/build-arm64-v8a/build/other_builds/hostpython3/desktop/hostpython3/Modules/_ctypes/cfield.c -o build/temp.linux-x86_64-3.11/ddnB/project/shpyang/shpyang/WL/engine/.buildozer/android/platform/build-arm64-v8a/build/other_builds/hostpython3/desktop/hostpython3/Modules/_ctypes/cfield.o
[1m[90m[DEBUG][39m[0m:   	gcc -pthread -fPIC -Wsign-compare -DNDEBUG -g -fwrapv -O3 -Wall -std=c11 -Wextra -Wno-unused-parameter -Wno-missing-field-initializers -Werror=implicit-function-declaration -fvisibility=hidden -I/ddnB/project/shpyang/shpyang/WL/engine/.buildozer/android/platform/build-arm64-v8a/build/other_builds/hostpython3/desktop/hostpython3/Include/internal -I/ddnB/project/shpyang/shpyang/WL/engine/.buildozer/android/platform/build-arm64-v8a/build/other_builds/hostpython3/desktop/hostpython3/Modules/_sqlite -I. -IObjects -IPython -I/usr/local/include -I/ddnB/project/shpyang/shpyang/WL/engine/.buildozer/android/platform/build-arm64-v8a/build/other_builds/hostpython3/desktop/hostpython3/Include -I/ddnB/project/shpyang/shpyang/WL/engine/.buildozer/android/platform/build-arm64-v8a/build/other_builds/hostpython3/desktop/hostpython3/native-build -c /ddnB/project/shpyang/shpyang/WL/engine/.buildozer/android/platform/build-arm64-v8a/build/other_builds/hostpython3/desktop/hostpython3/Modules/_sqlite/row.c -o build/temp.linux-x86_64-3.11/ddnB/project/shpyang/shpyang/WL/engine/.buildozer/android/platform/build-arm64-v8a/build/other_builds/hostpython3/desktop/hostpython3/Modules/_sqlite/row.o
[1m[90m[DEBUG][39m[0m:   	gcc -pthread -shared build/temp.linux-x86_64-3.11/ddnB/project/shpyang/shpyang/WL/engine/.buildozer/android/platform/build-arm64-v8a/build/other_builds/hostpython3/desktop/hostpython3/Modules/_pickle.o -L/usr/local/lib -o build/lib.linux-x86_64-3.11/_pickle.cpython-311-x86_64-linux-gnu.so
[1m[90m[DEBUG][39m[0m:   	gcc -pthread -shared build/temp.linux-x86_64-3.11/ddnB/project/shpyang/shpyang/WL/engine/.buildozer/android/platform/build-arm64-v8a/build/other_builds/hostpython3/desktop/hostpython3/Modules/mathmodule.o -L/usr/local/lib -lm -o build/lib.linux-x86_64-3.11/math.cpython-311-x86_64-linux-gnu.so
[1m[90m[DEBUG][39m[0m:   	gcc -pthread -fPIC -Wsign-compare -DNDEBUG -g -fwrapv -O3 -Wall -std=c11 -Wextra -Wno-unused-parameter -Wno-missing-field-initializers -Werror=implicit-function-declaration -fvisibility=hidden -I/ddnB/project/shpyang/shpyang/WL/engine/.buildozer/android/platform/build-arm64-v8a/build/other_builds/hostpython3/desktop/hostpython3/Include/internal -I/ddnB/project/shpyang/shpyang/WL/engine/.buildozer/android/platform/build-arm64-v8a/build/other_builds/hostpython3/desktop/hostpython3/Modules/_sqlite -I. -IObjects -IPython -I/usr/local/include -I/ddnB/project/shpyang/shpyang/WL/engine/.buildozer/android/platform/build-arm64-v8a/build/other_builds/hostpython3/desktop/hostpython3/Include -I/ddnB/project/shpyang/shpyang/WL/engine/.buildozer/android/platform/build-arm64-v8a/build/other_builds/hostpython3/desktop/hostpython3/native-build -c /ddnB/project/shpyang/shpyang/WL/engine/.buildozer/android/platform/build-arm64-v8a/build/other_builds/hostpython3/desktop/hostpython3/Modules/_sqlite/statement.c -o build/temp.linux-x86_64-3.11/ddnB/project/shpyang/shpyang/WL/engine/.buildozer/android/platform/build-arm64-v8a/build/other_builds/hostpython3/desktop/hostpython3/Modules/_sqlite/statement.o
[1m[90m[DEBUG][39m[0m:   	gcc -pthread -fPIC -Wsign-compare -DNDEBUG -g -fwrapv -O3 -Wall -std=c11 -Wextra -Wno-unused-parameter -Wno-missing-field-initializers -Werror=implicit-function-declaration -fvisibility=hidden -I/ddnB/project/shpyang/shpyang/WL/engine/.buildozer/android/platform/build-arm64-v8a/build/other_builds/hostpython3/desktop/hostpython3/Include/internal -I/ddnB/project/shpyang/shpyang/WL/engine/.buildozer/android/platform/build-arm64-v8a/build/other_builds/hostpython3/desktop/hostpython3/Modules/_sqlite -I. -IObjects -IPython -I/usr/local/include -I/ddnB/project/shpyang/shpyang/WL/engine/.buildozer/android/platform/build-arm64-v8a/build/other_builds/hostpython3/desktop/hostpython3/Include -I/ddnB/project/shpyang/shpyang/WL/engine/.buildozer/android/platform/build-arm64-v8a/build/other_builds/hostpython3/desktop/hostpython3/native-build -c /ddnB/project/shpyang/shpyang/WL/engine/.buildozer/android/platform/build-arm64-v8a/build/other_builds/hostpython3/desktop/hostpython3/Modules/_sqlite/util.c -o build/temp.linux-x86_64-3.11/ddnB/project/shpyang/shpyang/WL/engine/.buildozer/android/platform/build-arm64-v8a/build/other_builds/hostpython3/desktop/hostpython3/Modules/_sqlite/util.o
[1m[90m[DEBUG][39m[0m:   	gcc -pthread -fPIC -Wsign-compare -DNDEBUG -g -fwrapv -O3 -Wall -std=c11 -Wextra -Wno-unused-parameter -Wno-missing-field-initializers -Werror=implicit-function-declaration -fvisibility=hidden -I/ddnB/project/shpyang/shpyang/WL/engine/.buildozer/android/platform/build-arm64-v8a/build/other_builds/hostpython3/desktop/hostpython3/Include/internal -I. -IObjects -IPython -I/usr/local/include -I/ddnB/project/shpyang/shpyang/WL/engine/.buildozer/android/platform/build-arm64-v8a/build/other_builds/hostpython3/desktop/hostpython3/Include -I/ddnB/project/shpyang/shpyang/WL/engine/.buildozer/android/platform/build-arm64-v8a/build/other_builds/hostpython3/desktop/hostpython3/native-build -c /ddnB/project/shpyang/shpyang/WL/engine/.buildozer/android/platform/build-arm64-v8a/build/other_builds/hostpython3/desktop/hostpython3/Modules/_ctypes/stgdict.c -o build/temp.linux-x86_64-3.11/ddnB/project/shpyang/shpyang/WL/engine/.buildozer/android/platform/build-arm64-v8a/build/other_builds/hostpython3/desktop/hostpython3/Modules/_ctypes/stgdict.o
[1m[90m[DEBUG][39m[0m:   	gcc -pthread -shared build/temp.linux-x86_64-3.11/ddnB/project/shpyang/shpyang/WL/engine/.buildozer/android/platform/build-arm64-v8a/build/other_builds/hostpython3/desktop/hostpython3/Modules/_sqlite/blob.o build/temp.linux-x86_64-3.11/ddnB/project/shpyang/shpyang/WL/engine/.buildozer/android/platform/build-arm64-v8a/build/other_builds/hostpython3/desktop/hostpython3/Modules/_sqlite/connection.o build/temp.linux-x86_64-3.11/ddnB/project/shpyang/shpyang/WL/engine/.buildozer/android/platform/build-arm64-v8a/build/other_builds/hostpython3/desktop/hostpython3/Modules/_sqlite/cursor.o build/temp.linux-x86_64-3.11/ddnB/project/shpyang/shpyang/WL/engine/.buildozer/android/platform/build-arm64-v8a/build/other_builds/hostpython3/desktop/hostpython3/Modules/_sqlite/microprotocols.o build/temp.linux-x86_64-3.11/ddnB/project/shpyang/shpyang/WL/engine/.buildozer/android/platform/build-arm64-v8a/build/other_builds/hostpython3/desktop/hostpython3/Modules/_sqlite/module.o build/temp.linux-x86_64-3.11/ddnB/project/shpyang/shpyang/WL/engine/.buildozer/android/platform/build-arm64-v8a/build/other_builds/hostpython3/desktop/hostpython3/Modules/_sqlite/prepare_protocol.o build/temp.linux-x86_64-3.11/ddnB/project/shpyang/shpyang/WL/engine/.buildozer/android/platform/build-arm64-v8a/build/other_builds/hostpython3/desktop/hostpython3/Modules/_sqlite/row.o build/temp.linux-x86_64-3.11/ddnB/project/shpyang/shpyang/WL/engine/.buildozer/android/platform/build-arm64-v8a/build/other_builds/hostpython3/desktop/hostpython3/Modules/_sqlite/statement.o build/temp.linux-x86_64-3.11/ddnB/project/shpyang/shpyang/WL/engine/.buildozer/android/platform/build-arm64-v8a/build/other_builds/hostpython3/desktop/hostpython3/Modules/_sqlite/util.o -L/usr/local/packages/python/3.11.5-anaconda/lib -L/usr/local/lib -lsqlite3 -o build/lib.linux-x86_64-3.11/_sqlite3.cpython-311-x86_64-linux-gnu.so
[1m[90m[DEBUG][39m[0m:   	gcc -pthread -shared build/temp.linux-x86_64-3.11/ddnB/project/shpyang/shpyang/WL/engine/.buildozer/android/platform/build-arm64-v8a/build/other_builds/hostpython3/desktop/hostpython3/Modules/_decimal/_decimal.o Modules/_decimal/libmpdec/libmpdec.a -L/usr/local/lib -lm -o build/lib.linux-x86_64-3.11/_decimal.cpython-311-x86_64-linux-gnu.so
[1m[90m[DEBUG][39m[0m:   	gcc -pthread -shared build/temp.linux-x86_64-3.11/ddnB/project/shpyang/shpyang/WL/engine/.buildozer/android/platform/build-arm64-v8a/build/other_builds/hostpython3/desktop/hostpython3/Modules/_ctypes/_ctypes.o build/temp.linux-x86_64-3.11/ddnB/project/shpyang/shpyang/WL/engine/.buildozer/android/platform/build-arm64-v8a/build/other_builds/hostpython3/desktop/hostpython3/Modules/_ctypes/callbacks.o build/temp.linux-x86_64-3.11/ddnB/project/shpyang/shpyang/WL/engine/.buildozer/android/platform/build-arm64-v8a/build/other_builds/hostpython3/desktop/hostpython3/Modules/_ctypes/callproc.o build/temp.linux-x86_64-3.11/ddnB/project/shpyang/shpyang/WL/engine/.buildozer/android/platform/build-arm64-v8a/build/other_builds/hostpython3/desktop/hostpython3/Modules/_ctypes/cfield.o build/temp.linux-x86_64-3.11/ddnB/project/shpyang/shpyang/WL/engine/.buildozer/android/platform/build-arm64-v8a/build/other_builds/hostpython3/desktop/hostpython3/Modules/_ctypes/stgdict.o -L/usr/local/lib -ldl -o build/lib.linux-x86_64-3.11/_ctypes.cpython-311-x86_64-linux-gnu.so
[1m[90m[DEBUG][39m[0m:   	*** WARNING: renaming "_ssl" since importing it failed: libssl.so.3: cannot open shared object file: No such file or directory
[1m[90m[DEBUG][39m[0m:   	*** WARNING: renaming "_hashlib" since importing it failed: libcrypto.so.3: cannot open shared object file: No such file or directory
[1m[90m[DEBUG][39m[0m:   	*** WARNING: renaming "_sqlite3" since importing it failed: /ddnB/project/shpyang/shpyang/WL/engine/.buildozer/android/platform/build-arm64-v8a/build/other_builds/hostpython3/desktop/hostpython3/native-build/build/lib.linux-x86_64-3.11/_sqlite3.cpython-311-x86_64-linux-gnu.so: undefined symbol: sqlite3_deserialize
[1m[90m[DEBUG][39m[0m:   	*** WARNING: renaming "_ctypes" since importing it failed: /ddnB/project/shpyang/shpyang/WL/engine/.buildozer/android/platform/build-arm64-v8a/build/other_builds/hostpython3/desktop/hostpython3/native-build/build/lib.linux-x86_64-3.11/_ctypes.cpython-311-x86_64-linux-gnu.so: undefined symbol: ffi_type_void
[1m[90m[DEBUG][39m[0m:   	
[1m[90m[DEBUG][39m[0m:   	The necessary bits to build these optional modules were not found:
[1m[90m[DEBUG][39m[0m:   	_dbm                  _gdbm                 nis
[1m[90m[DEBUG][39m[0m:   	To find the necessary bits, look in setup.py in detect_modules() for the module's name.
[1m[90m[DEBUG][39m[0m:   	
[1m[90m[DEBUG][39m[0m:   	
[1m[90m[DEBUG][39m[0m:   	Following modules built successfully but were removed because they could not be imported:
[1m[90m[DEBUG][39m[0m:   	_ctypes               _hashlib              _sqlite3
[1m[90m[DEBUG][39m[0m:   	_ssl
[1m[90m[DEBUG][39m[0m:   	
[1m[90m[DEBUG][39m[0m:   	
[1m[90m[DEBUG][39m[0m:   	Could not build the ssl module!
[1m[90m[DEBUG][39m[0m:   	Python requires a OpenSSL 1.1.1 or newer
[1m[90m[DEBUG][39m[0m:   	Custom linker flags may require --with-openssl-rpath=auto
[1m[90m[DEBUG][39m[0m:   	
[1m[90m[DEBUG][39m[0m:   	running build_scripts
[1m[90m[DEBUG][39m[0m:   	creating build/scripts-3.11
[1m[90m[DEBUG][39m[0m:   	copying and adjusting /ddnB/project/shpyang/shpyang/WL/engine/.buildozer/android/platform/build-arm64-v8a/build/other_builds/hostpython3/desktop/hostpython3/Tools/scripts/pydoc3 -> build/scripts-3.11
[1m[90m[DEBUG][39m[0m:   	copying and adjusting /ddnB/project/shpyang/shpyang/WL/engine/.buildozer/android/platform/build-arm64-v8a/build/other_builds/hostpython3/desktop/hostpython3/Tools/scripts/idle3 -> build/scripts-3.11
[1m[90m[DEBUG][39m[0m:   	copying and adjusting /ddnB/project/shpyang/shpyang/WL/engine/.buildozer/android/platform/build-arm64-v8a/build/other_builds/hostpython3/desktop/hostpython3/Tools/scripts/2to3 -> build/scripts-3.11
[1m[90m[DEBUG][39m[0m:   	changing mode of build/scripts-3.11/pydoc3 from 644 to 755
[1m[90m[DEBUG][39m[0m:   	changing mode of build/scripts-3.11/idle3 from 644 to 755
[1m[90m[DEBUG][39m[0m:   	changing mode of build/scripts-3.11/2to3 from 644 to 755
[1m[90m[DEBUG][39m[0m:   	renaming build/scripts-3.11/pydoc3 to build/scripts-3.11/pydoc3.11
[1m[90m[DEBUG][39m[0m:   	renaming build/scripts-3.11/idle3 to build/scripts-3.11/idle3.11
[1m[90m[DEBUG][39m[0m:   	renaming build/scripts-3.11/2to3 to build/scripts-3.11/2to3-3.11
[1m[90m[DEBUG][39m[0m:   	make: Leaving directory '/ddnB/project/shpyang/shpyang/WL/engine/.buildozer/android/platform/build-arm64-v8a/build/other_builds/hostpython3/desktop/hostpython3/native-build'
[1m[90m[DEBUG][39m[0m:   [90m->[0m running cp /ddnB/project/shpyang/shpyang/WL/engine/.buildozer/android/platform/build-arm64-v8a/build/other_builds/hostpython3/desktop/hostpython3/native-build/python /ddnB/project/shpyang/shpyang/WL/engine/.buildozer/android/platform/build-arm64-v8a/build/other_builds/hostpython3/desktop/hostpython3/native-build/python3[0m
[1m[INFO][0m:    [36m<- directory context /ddnB/project/shpyang/shpyang/WL/engine/.buildozer/android/platform/python-for-android[39m
[1m[INFO][0m:    [1m[32mBuilding libffi for arm64-v8a[0m[39m
[1m[INFO][0m:    libffi said it is already built, skipping
[1m[90m[DEBUG][39m[0m:   [90m->[0m running cp /ddnB/project/shpyang/shpyang/WL/engine/.buildozer/android/platform/build-arm64-v8a/build/other_builds/libffi/arm64-v8a__ndk_target_24/libffi/.libs/libffi.so /ddnB/project/shpyang/shpyang/WL/engine/.buildozer/android/platform/build-arm64-v8a/build/libs_collections/featurefold/arm64-v8a[0m
[1m[INFO][0m:    [1m[32mBuilding openssl for arm64-v8a[0m[39m
[1m[INFO][0m:    openssl said it is already built, skipping
[1m[90m[DEBUG][39m[0m:   [90m->[0m running cp /ddnB/project/shpyang/shpyang/WL/engine/.buildozer/android/platform/build-arm64-v8a/build/other_builds/openssl/arm64-v8a__ndk_target_24/openssl1.1/libcrypto1.1.so /ddnB/project/shpyang/shpyang/WL/engine/.buildozer/android/platform/build-arm64-v8a/build/other_builds/openssl/arm64-v8a__ndk_target_24/openssl1.1/libssl1.1.so /ddnB/project/shpyang/shpyang/WL/engine/.buildozer/android/platform/build-arm64-v8a/build/libs_collections/featurefold/arm64-v8a[0m
[1m[INFO][0m:    [1m[32mBuilding sdl2_image for arm64-v8a[0m[39m
[1m[INFO][0m:    [1m[32mBuilding sdl2_mixer for arm64-v8a[0m[39m
[1m[INFO][0m:    [1m[32mBuilding sdl2_ttf for arm64-v8a[0m[39m
[1m[INFO][0m:    [1m[32mBuilding sqlite3 for arm64-v8a[0m[39m
[1m[INFO][0m:    sqlite3 said it is already built, skipping
[1m[INFO][0m:    [1m[32mBuilding python3 for arm64-v8a[0m[39m
[1m[INFO][0m:    python3 said it is already built, skipping
[1m[INFO][0m:    [1m[32mBuilding sdl2 for arm64-v8a[0m[39m
[1m[INFO][0m:    sdl2 said it is already built, skipping
[1m[INFO][0m:    [1m[32mBuilding setuptools for arm64-v8a[0m[39m
[1m[INFO][0m:    setuptools apparently isn't already in site-packages
[1m[INFO][0m:    Installing setuptools into site-packages
[1m[INFO][0m:    [36m-> directory context /ddnB/project/shpyang/shpyang/WL/engine/.buildozer/android/platform/build-arm64-v8a/build/other_builds/setuptools/arm64-v8a__ndk_target_24/setuptools[39m
[1m[90m[DEBUG][39m[0m:   [90m->[0m running python3 setup.py install -O2 --root=/ddnB/project/shpyang/shpyang/WL/engine/.buildozer/android/platform/build-arm64-v8a/build/python-installs/featurefold/arm64-v8a --install-lib=.[0m
[1m[90m[DEBUG][39m[0m:   	Traceback (most recent call last):
[1m[90m[DEBUG][39m[0m:   	  File "/ddnB/project/shpyang/shpyang/WL/engine/.buildozer/android/platform/build-arm64-v8a/build/other_builds/setuptools/arm64-v8a__ndk_target_24/setuptools/setup.py", line 7, in <module>
[1m[90m[DEBUG][39m[0m:   	    import setuptools
[1m[90m[DEBUG][39m[0m:   	  File "/ddnB/project/shpyang/shpyang/WL/engine/.buildozer/android/platform/build-arm64-v8a/build/other_builds/setuptools/arm64-v8a__ndk_target_24/setuptools/setuptools/__init__.py", line 18, in <module>
[1m[90m[DEBUG][39m[0m:   	    from setuptools.dist import Distribution
[1m[90m[DEBUG][39m[0m:   	  File "/ddnB/project/shpyang/shpyang/WL/engine/.buildozer/android/platform/build-arm64-v8a/build/other_builds/setuptools/arm64-v8a__ndk_target_24/setuptools/setuptools/dist.py", line 32, in <module>
[1m[90m[DEBUG][39m[0m:   	    from setuptools import windows_support
[1m[90m[DEBUG][39m[0m:   	  File "/ddnB/project/shpyang/shpyang/WL/engine/.buildozer/android/platform/build-arm64-v8a/build/other_builds/setuptools/arm64-v8a__ndk_target_24/setuptools/setuptools/windows_support.py", line 2, in <module>
[1m[90m[DEBUG][39m[0m:   	    import ctypes
[1m[90m[DEBUG][39m[0m:   	  File "/ddnB/project/shpyang/shpyang/WL/engine/.buildozer/android/platform/build-arm64-v8a/build/other_builds/hostpython3/desktop/hostpython3/Lib/ctypes/__init__.py", line 8, in <module>
[1m[90m[DEBUG][39m[0m:   	    from _ctypes import Union, Structure, Array
[1m[90m[DEBUG][39m[0m:   	ModuleNotFoundError: No module named '_ctypes'
Exception in thread background thread for pid 362945:
Traceback (most recent call last):
  File "/usr/local/packages/python/3.11.5-anaconda/lib/python3.11/threading.py", line 1038, in _bootstrap_inner
    self.run()
  File "/usr/local/packages/python/3.11.5-anaconda/lib/python3.11/threading.py", line 975, in run
    self._target(*self._args, **self._kwargs)
  File "/ddnB/project/shpyang/shpyang/WL/bzenv/lib/python3.11/site-packages/sh.py", line 1641, in wrap
    fn(*rgs, **kwargs)
  File "/ddnB/project/shpyang/shpyang/WL/bzenv/lib/python3.11/site-packages/sh.py", line 2569, in background_thread
    handle_exit_code(exit_code)
  File "/ddnB/project/shpyang/shpyang/WL/bzenv/lib/python3.11/site-packages/sh.py", line 2269, in fn
    return self.command.handle_command_exit_code(exit_code)
           ^^^^^^^^^^^^^^^^^^^^^^^^^^^^^^^^^^^^^^^^^^^^^^^^
  File "/ddnB/project/shpyang/shpyang/WL/bzenv/lib/python3.11/site-packages/sh.py", line 869, in handle_command_exit_code
    raise exc
sh.ErrorReturnCode_1: 

  RAN: /ddnB/project/shpyang/shpyang/WL/engine/.buildozer/android/platform/build-arm64-v8a/build/other_builds/hostpython3/desktop/hostpython3/native-build/python3 setup.py install -O2 --root=/ddnB/project/shpyang/shpyang/WL/engine/.buildozer/android/platform/build-arm64-v8a/build/python-installs/featurefold/arm64-v8a --install-lib=.

  STDOUT:
Traceback (most recent call last):
  File "/ddnB/project/shpyang/shpyang/WL/engine/.buildozer/android/platform/build-arm64-v8a/build/other_builds/setuptools/arm64-v8a__ndk_target_24/setuptools/setup.py", line 7, in <module>
    import setuptools
  File "/ddnB/project/shpyang/shpyang/WL/engine/.buildozer/android/platform/build-arm64-v8a/build/other_builds/setuptools/arm64-v8a__ndk_target_24/setuptools/setuptools/__init__.py", line 18, in <module>
    from setuptools.dist import Distribution
  File "/ddnB/project/shpyang/shpyang/WL/engine/.buildozer/android/platform/build-arm64-v8a/build/other_builds/setuptools/arm64-v8a__ndk_target_24/setuptools/setuptools/dist.py", line 32, in <module>
    from setuptools import windows_support
  File "/ddnB/project/shpyang/shpyang/WL/engine/.buildozer/android/platform/build-arm64-v8a/build/other_builds/setuptools/arm64-v8a__ndk_target_24/setuptools/setuptools/windows_support.py", line 2, in <module>
    import ctypes
  File "/ddnB/project/shpyang/shpyang/WL/engine/.buildozer/android/platform/build-arm64-v8a/build/other_builds/hostpython3/desktop/hostpython3/Lib/ctypes/__init__.py", line 8, in <module>
    from _ctypes import Union, Structure, Array
ModuleNotFoundError: No module named '_ctypes'


  STDERR:

Traceback (most recent call last):
  File "<frozen runpy>", line 198, in _run_module_as_main
  File "<frozen runpy>", line 88, in _run_code
  File "/ddnB/project/shpyang/shpyang/WL/engine/.buildozer/android/platform/python-for-android/pythonforandroid/toolchain.py", line 1256, in <module>
    main()
  File "/ddnB/project/shpyang/shpyang/WL/engine/.buildozer/android/platform/python-for-android/pythonforandroid/entrypoints.py", line 18, in main
    ToolchainCL()
  File "/ddnB/project/shpyang/shpyang/WL/engine/.buildozer/android/platform/python-for-android/pythonforandroid/toolchain.py", line 685, in __init__
    getattr(self, command)(args)
  File "/ddnB/project/shpyang/shpyang/WL/engine/.buildozer/android/platform/python-for-android/pythonforandroid/toolchain.py", line 104, in wrapper_func
    build_dist_from_args(ctx, dist, args)
  File "/ddnB/project/shpyang/shpyang/WL/engine/.buildozer/android/platform/python-for-android/pythonforandroid/toolchain.py", line 163, in build_dist_from_args
    build_recipes(build_order, python_modules, ctx,
  File "/ddnB/project/shpyang/shpyang/WL/engine/.buildozer/android/platform/python-for-android/pythonforandroid/build.py", line 504, in build_recipes
    recipe.build_arch(arch)
  File "/ddnB/project/shpyang/shpyang/WL/engine/.buildozer/android/platform/python-for-android/pythonforandroid/recipe.py", line 934, in build_arch
    self.install_python_package(arch)
  File "/ddnB/project/shpyang/shpyang/WL/engine/.buildozer/android/platform/python-for-android/pythonforandroid/recipe.py", line 950, in install_python_package
    shprint(hostpython, 'setup.py', 'install', '-O2',
  File "/ddnB/project/shpyang/shpyang/WL/engine/.buildozer/android/platform/python-for-android/pythonforandroid/logger.py", line 167, in shprint
    for line in output:
  File "/ddnB/project/shpyang/shpyang/WL/bzenv/lib/python3.11/site-packages/sh.py", line 915, in next
    self.wait()
  File "/ddnB/project/shpyang/shpyang/WL/bzenv/lib/python3.11/site-packages/sh.py", line 845, in wait
    self.handle_command_exit_code(exit_code)
  File "/ddnB/project/shpyang/shpyang/WL/bzenv/lib/python3.11/site-packages/sh.py", line 869, in handle_command_exit_code
    raise exc
sh.ErrorReturnCode_1: 

  RAN: /ddnB/project/shpyang/shpyang/WL/engine/.buildozer/android/platform/build-arm64-v8a/build/other_builds/hostpython3/desktop/hostpython3/native-build/python3 setup.py install -O2 --root=/ddnB/project/shpyang/shpyang/WL/engine/.buildozer/android/platform/build-arm64-v8a/build/python-installs/featurefold/arm64-v8a --install-lib=.

  STDOUT:
Traceback (most recent call last):
  File "/ddnB/project/shpyang/shpyang/WL/engine/.buildozer/android/platform/build-arm64-v8a/build/other_builds/setuptools/arm64-v8a__ndk_target_24/setuptools/setup.py", line 7, in <module>
    import setuptools
  File "/ddnB/project/shpyang/shpyang/WL/engine/.buildozer/android/platform/build-arm64-v8a/build/other_builds/setuptools/arm64-v8a__ndk_target_24/setuptools/setuptools/__init__.py", line 18, in <module>
    from setuptools.dist import Distribution
  File "/ddnB/project/shpyang/shpyang/WL/engine/.buildozer/android/platform/build-arm64-v8a/build/other_builds/setuptools/arm64-v8a__ndk_target_24/setuptools/setuptools/dist.py", line 32, in <module>
    from setuptools import windows_support
  File "/ddnB/project/shpyang/shpyang/WL/engine/.buildozer/android/platform/build-arm64-v8a/build/other_builds/setuptools/arm64-v8a__ndk_target_24/setuptools/setuptools/windows_support.py", line 2, in <module>
    import ctypes
  File "/ddnB/project/shpyang/shpyang/WL/engine/.buildozer/android/platform/build-arm64-v8a/build/other_builds/hostpython3/desktop/hostpython3/Lib/ctypes/__init__.py", line 8, in <module>
    from _ctypes import Union, Structure, Array
ModuleNotFoundError: No module named '_ctypes'


  STDERR:

# Command failed: ('/ddnB/project/shpyang/shpyang/WL/bzenv/bin/python', '-m', 'pythonforandroid.toolchain', 'create', '--dist_name=featurefold', '--bootstrap=sdl2', '--requirements=python3,kivy==2.3.0,numpy', '--arch=arm64-v8a', '--copy-libs', '--color=always', '--storage-dir=/ddnB/project/shpyang/shpyang/WL/engine/.buildozer/android/platform/build-arm64-v8a', '--ndk-api=24', '--ignore-setup-py', '--debug')
# Error code: 1
# ENVIRONMENT:
#     HYDRA_LAUNCHER_EXTRA_ARGS = '--external-launcher'
#     __MODULES_LMINIT = ('module use --append /project/containers/modulekeys:module use --append '
 '/usr/local/packages/Modules/default/modulefiles/linux-rhel8-icelake')
#     CONDA_SHLVL = '1'
#     PYDEVD_USE_FRAME_EVAL = 'NO'
#     LD_LIBRARY_PATH = '/home/packages/compilers/intel/mpi/2021.5.1//libfabric/lib:/home/packages/compilers/intel/mpi/2021.5.1//lib/release:/home/packages/compilers/intel/mpi/2021.5.1//lib:/home/packages/compilers/intel/mkl/2022.0.2/lib/intel64:/home/packages/compilers/intel/compiler/2022.0.2/linux/lib:/home/packages/compilers/intel/compiler/2022.0.2/linux/lib/x64:/home/packages/compilers/intel/compiler/2022.0.2/linux/lib/oclfpga/host/linux64/lib:/home/packages/compilers/intel/compiler/2022.0.2/linux/compiler/lib/intel64_lin'
#     LS_COLORS = 'rs=0:di=38;5;33:ln=38;5;51:mh=00:pi=40;38;5;11:so=38;5;13:do=38;5;5:bd=48;5;232;38;5;11:cd=48;5;232;38;5;3:or=48;5;232;38;5;9:mi=01;05;37;41:su=48;5;196;38;5;15:sg=48;5;11;38;5;16:ca=48;5;196;38;5;226:tw=48;5;10;38;5;16:ow=48;5;10;38;5;21:st=48;5;21;38;5;15:ex=38;5;40:*.tar=38;5;9:*.tgz=38;5;9:*.arc=38;5;9:*.arj=38;5;9:*.taz=38;5;9:*.lha=38;5;9:*.lz4=38;5;9:*.lzh=38;5;9:*.lzma=38;5;9:*.tlz=38;5;9:*.txz=38;5;9:*.tzo=38;5;9:*.t7z=38;5;9:*.zip=38;5;9:*.z=38;5;9:*.dz=38;5;9:*.gz=38;5;9:*.lrz=38;5;9:*.lz=38;5;9:*.lzo=38;5;9:*.xz=38;5;9:*.zst=38;5;9:*.tzst=38;5;9:*.bz2=38;5;9:*.bz=38;5;9:*.tbz=38;5;9:*.tbz2=38;5;9:*.tz=38;5;9:*.deb=38;5;9:*.rpm=38;5;9:*.jar=38;5;9:*.war=38;5;9:*.ear=38;5;9:*.sar=38;5;9:*.rar=38;5;9:*.alz=38;5;9:*.ace=38;5;9:*.zoo=38;5;9:*.cpio=38;5;9:*.7z=38;5;9:*.rz=38;5;9:*.cab=38;5;9:*.wim=38;5;9:*.swm=38;5;9:*.dwm=38;5;9:*.esd=38;5;9:*.jpg=38;5;13:*.jpeg=38;5;13:*.mjpg=38;5;13:*.mjpeg=38;5;13:*.gif=38;5;13:*.bmp=38;5;13:*.pbm=38;5;13:*.pgm=38;5;13:*.ppm=38;5;13:*.tga=38;5;13:*.xbm=38;5;13:*.xpm=38;5;13:*.tif=38;5;13:*.tiff=38;5;13:*.png=38;5;13:*.svg=38;5;13:*.svgz=38;5;13:*.mng=38;5;13:*.pcx=38;5;13:*.mov=38;5;13:*.mpg=38;5;13:*.mpeg=38;5;13:*.m2v=38;5;13:*.mkv=38;5;13:*.webm=38;5;13:*.ogm=38;5;13:*.mp4=38;5;13:*.m4v=38;5;13:*.mp4v=38;5;13:*.vob=38;5;13:*.qt=38;5;13:*.nuv=38;5;13:*.wmv=38;5;13:*.asf=38;5;13:*.rm=38;5;13:*.rmvb=38;5;13:*.flc=38;5;13:*.avi=38;5;13:*.fli=38;5;13:*.flv=38;5;13:*.gl=38;5;13:*.dl=38;5;13:*.xcf=38;5;13:*.xwd=38;5;13:*.yuv=38;5;13:*.cgm=38;5;13:*.emf=38;5;13:*.ogv=38;5;13:*.ogx=38;5;13:*.aac=38;5;45:*.au=38;5;45:*.flac=38;5;45:*.m4a=38;5;45:*.mid=38;5;45:*.midi=38;5;45:*.mka=38;5;45:*.mp3=38;5;45:*.mpc=38;5;45:*.ogg=38;5;45:*.ra=38;5;45:*.wav=38;5;45:*.oga=38;5;45:*.opus=38;5;45:*.spx=38;5;45:*.xspf=38;5;45:'
#     CONDA_EXE = '/usr/local/packages/conda/24.3.0/bin/conda'
#     SLURM_NODEID = '0'
#     SLURM_TASK_PID = '154321'
#     JUPYTER_SERVER_ROOT = '/project/shpyang'
#     SLURM_PRIO_PROCESS = '0'
#     I_MPI_PMI_LIBRARY = '/usr/lib64/libpmi2.so'
#     OCL_ICD_FILENAMES = 'libintelocl_emu.so:libalteracl.so:/home/packages/compilers/intel/compiler/2022.0.2/linux/lib/x64/libintelocl.so'
#     CUDA_NIC_INTEROP = '1'
#     I_MPI_HYDRA_BOOTSTRAP_EXEC_EXTRA_ARGS = '--external-launcher'
#     LANG = 'en_US.UTF-8'
#     SLURM_SUBMIT_DIR = '/var/www/ood/apps/sys/dashboard'
#     HISTCONTROL = 'ignoredups'
#     SQUEUE_FORMAT2 = 'jobid:11,partition:11,name,username:10,statecompact:4,timelimit:13,timeused:13,numcpus:6,numnodes:7,reasonlist'
#     OMPI_MCA_plm_slurm_args = '--external-launcher'
#     HOSTNAME = 'qbd035'
#     OLDPWD = '/ddnB/project/shpyang/shpyang/WL/engine'
#     ENVIRONMENT = 'BATCH'
#     GRADLE_USER_HOME = '/ddnB/project/shpyang/shpyang/WL/gradle-home'
#     JUPYTER_SERVER_URL = 'http://localhost:18399/node/qbd035/18399/'
#     SINGULARITY_TMPDIR = '/tmp'
#     CONDA_PREFIX = '/usr/local/packages/conda/24.3.0'
#     JAVA_HOME = '/ddnB/project/shpyang/shpyang/WL/jdk-17.0.20.1+1'
#     SLURM_PROCID = '0'
#     SLURM_JOB_GID = '25005'
#     I_MPI_HYDRA_BOOTSTRAP = 'slurm'
#     __MODULES_LMPREREQ = 'intel-mpi/2021.5.1&intel/2021.5.0'
#     SLURMD_NODENAME = 'qbd035'
#     SLURM_JOB_END_TIME = '1789808032'
#     FI_PROVIDER_PATH = '/home/packages/compilers/intel/mpi/2021.5.1//libfabric/lib/prov:/usr/lib64/libfabric'
#     VIRTUAL_ENV = '/ddnB/project/shpyang/shpyang/WL/bzenv'
#     SLURM_TASKS_PER_NODE = '64'
#     PRTE_MCA_plm_slurm_args = '--external-launcher'
#     _CE_M = ''
#     which_declare = 'declare -f'
#     CLASSPATH = '/home/packages/compilers/intel/mpi/2021.5.1//lib/mpi.jar'
#     MODULES_CMD = '/usr/local/packages/Modules/5.3.1/libexec/modulecmd.tcl'
#     SLURM_NNODES = '1'
#     USER = 'shpyang'
#     CMPLR_ROOT = '/home/packages/compilers/intel/compiler/2022.0.2'
#     __MODULES_LMTAG = 'intel/2021.5.0&auto-loaded'
#     SLURM_GET_USER_ENV = '1'
#     SLURM_JOB_START_TIME = '1789707232'
#     PWD = '/ddnB/project/shpyang/shpyang/WL/engine'
#     LINES = '55'
#     SLURM_JOB_NODELIST = 'qbd035'
#     HOME = '/home/shpyang'
#     SLURM_CLUSTER_NAME = 'qbd'
#     CONDA_PYTHON_EXE = '/usr/local/packages/conda/24.3.0/bin/python'
#     CMAKE_PREFIX_PATH = '/home/packages/compilers/intel/compiler/2022.0.2/linux/IntelDPCPP'
#     SLURM_NODELIST = 'qbd035'
#     CONFIG_FILE = '/home/shpyang/ondemand/data/sys/dashboard/batch_connect/sys/jupyter/output/2bf2312c-8e4f-479d-b138-61df1f497004/config.py'
#     CPATH = '/home/packages/compilers/intel/mpi/2021.5.1//include:/usr/local/packages/python/3.11.5-anaconda//include:/home/packages/compilers/intel/mkl/2022.0.2/include'
#     SINGULARITY_CACHEDIR = '/work/shpyang/.singularity/'
#     SLURM_JOB_CPUS_PER_NODE = '64'
#     SLURM_TOPOLOGY_ADDR = 'qbd035'
#     PBS_ACCOUNT = 'loni_sns'
#     host = 'qbd035'
#     _CE_CONDA = ''
#     NLSPATH = '/home/packages/compilers/intel/mkl/2022.0.2/lib/intel64/locale/%l_%t/%N:/home/packages/compilers/intel/compiler/2022.0.2/linux/compiler/lib/intel64_lin/locale/%l_%t/%N'
#     __MODULES_LMALTNAME = 'python/3.11.5-anaconda&as|python/default&as|python/latest:intel/2021.5.0&as|intel/default&as|intel/latest:intel-mpi/2021.5.1&as|intel-mpi/default&as|intel-mpi/latest'
#     SLURM_JOB_NAME = 'sys-dashboard-sys-jupyter'
#     TMPDIR = '/tmp'
#     LIBRARY_PATH = '/home/packages/compilers/intel/mpi/2021.5.1//libfabric/lib:/home/packages/compilers/intel/mpi/2021.5.1//lib/release:/home/packages/compilers/intel/mpi/2021.5.1//lib:/home/packages/compilers/intel/mkl/2022.0.2/lib/intel64:/home/packages/compilers/intel/compiler/2022.0.2/linux/compiler/lib/intel64_lin:/home/packages/compilers/intel/compiler/2022.0.2/linux/lib'
#     SLURM_JOBID = '1033529'
#     SLURM_CONF = '/var/spool/slurm/d/conf-cache/slurm.conf'
#     LOADEDMODULES = 'python/3.11.5-anaconda:intel/2021.5.0:intel-mpi/2021.5.1'
#     LIBFFI_LIBS = ('-L/usr/local/packages/conda/24.3.0/lib '
 '-Wl,-rpath,/usr/local/packages/conda/24.3.0/lib -lffi')
#     VIRTUAL_ENV_PROMPT = '(bzenv) '
#     INTEL_LICENSE_FILE = '/usr/local/compilers/Intel'
#     SLURM_JOB_QOS = 'normal'
#     SLURM_TOPOLOGY_ADDR_PATTERN = 'node'
#     CONDA_PROMPT_MODIFIER = '(base) '
#     COLUMNS = '188'
#     MAIL = '/var/spool/mail/shpyang'
#     SLURM_CPUS_ON_NODE = '64'
#     SLURM_JOB_NUM_NODES = '1'
#     TERM = 'xterm-256color'
#     SHELL = '/bin/bash'
#     SLURM_JOB_UID = '32454'
#     __MODULES_LMCONFLICT = 'python/3.11.5-anaconda&python:intel/2021.5.0&intel:intel-mpi/2021.5.1&intel-mpi&mvapich2&mpich&openmpi'
#     SLURM_JOB_PARTITION = 'workq'
#     port = '18399'
#     PYXTERM_DIMENSIONS = '80x25'
#     SLURM_JOB_USER = 'shpyang'
#     SHLVL = '4'
#     SLURM_SUBMIT_HOST = 'qbd7'
#     SLURM_JOB_ACCOUNT = 'loni_sns'
#     MANPATH = '/home/packages/compilers/intel/mpi/2021.5.1/man:/usr/local/packages/Modules/5.3.1/share/man:/usr/local/packages/python/3.11.5-anaconda//share/man:/home/packages/compilers/intel/compiler/2022.0.2/documentation/en/man/common'
#     SLURM_EXPORT_ENV = 'NONE'
#     HYDRA_BOOTSTRAP = 'slurm'
#     MOABHOMEDIR = '/usr/moab'
#     MODULEPATH = '/project/containers/modulekeys:/usr/local/packages/Modules/default/modulefiles/linux-rhel8-icelake'
#     SLURM_GTIDS = '0'
#     LOGNAME = 'shpyang'
#     MKLROOT = '/home/packages/compilers/intel/mkl/2022.0.2'
#     PATH = '/home/shpyang/.buildozer/android/platform/apache-ant-1.9.4/bin:/ddnB/project/shpyang/shpyang/WL/jdk-17.0.20.1+1/bin:/ddnB/project/shpyang/shpyang/WL/bzenv/bin:/home/packages/compilers/intel/mpi/2021.5.1/libfabric/bin:/home/packages/compilers/intel/mpi/2021.5.1/bin:/usr/local/packages/python/3.11.5-anaconda/bin:/usr/local/packages/conda/24.3.0/bin:/usr/local/packages/conda/24.3.0/condabin:/home/shpyang/.local/bin:/home/shpyang/bin:/home/packages/compilers/intel/mpi/2021.5.1/libfabric/bin:/home/packages/compilers/intel/mpi/2021.5.1/bin:/usr/local/packages/Modules/5.3.1/bin:/usr/local/bin:/usr/bin:/usr/local/sbin:/usr/sbin:/usr/local/bin:/opt/dell/srvadmin/bin:/home/packages/compilers/intel/mkl/2022.0.2/bin/intel64:/home/packages/compilers/intel/compiler/2022.0.2/linux/lib/oclfpga/bin:/home/packages/compilers/intel/compiler/2022.0.2/linux/bin/intel64:/home/packages/compilers/intel/compiler/2022.0.2/linux/bin'
#     SLURM_JOB_ID = '1033529'
#     _LMFILES_ = '/usr/local/packages/Modules/default/modulefiles/linux-rhel8-icelake/python/3.11.5-anaconda:/usr/local/packages/Modules/default/modulefiles/linux-rhel8-icelake/intel/2021.5.0:/usr/local/packages/Modules/default/modulefiles/linux-rhel8-icelake/intel-mpi/2021.5.1'
#     PS1 = '(bzenv) (base) [\\u@\\h \\W]\\$ '
#     PBS_QUEUE = 'workq'
#     MODULESHOME = '/usr/local/packages/Modules/5.3.1'
#     CONDA_DEFAULT_ENV = 'base'
#     PKG_CONFIG_PATH = '/home/packages/compilers/intel/mpi/2021.5.1/lib/pkgconfig:/usr/local/packages/python/3.11.5-anaconda//lib/pkgconfig:/home/packages/compilers/intel/mkl/2022.0.2/lib/pkgconfig:/home/packages/compilers/intel/compiler/2022.0.2/lib/pkgconfig'
#     I_MPI_ROOT = '/home/packages/compilers/intel/mpi/2021.5.1'
#     HISTSIZE = '50000'
#     XML_CATALOG_FILES = ('file:///usr/local/packages/conda/24.3.0/etc/xml/catalog '
 'file:///etc/xml/catalog')
#     SLURM_OOM_KILL_STEP = '0'
#     SLURM_LOCALID = '0'
#     LESSOPEN = '||/usr/bin/lesspipe.sh %s'
#     LIBFFI_CFLAGS = '-I/usr/local/packages/conda/24.3.0/include'
#     BASH_FUNC_create_passwd%% = ('() {  ( set +o pipefail;\n'
 " tr -cd 'a-zA-Z0-9' < /dev/urandom 2> /dev/null | head -c${1:-8} )\n"
 '}')
#     BASH_FUNC_which%% = ('() {  ( alias;\n'
 ' eval ${which_declare} ) | /usr/bin/which --tty-only --read-alias '
 '--read-functions --show-tilde --show-dot $@\n'
 '}')
#     BASH_FUNC_wait_until_port_used%% = ('() {  local port="${1}";\n'
 ' local time="${2:-30}";\n'
 ' for ((i=1; i<=time*2; i++))\n'
 ' do\n'
 ' port_used "${port}";\n'
 ' port_status=$?;\n'
 ' if [ "$port_status" == "0" ]; then\n'
 ' return 0;\n'
 ' else\n'
 ' if [ "$port_status" == "127" ]; then\n'
 ' echo "commands to find port were either not found or inaccessible.";\n'
 ' echo "command options are lsof, nc, bash\'s /dev/tcp, or python (or '
 'python3) with socket lib.";\n'
 ' return 127;\n'
 ' fi;\n'
 ' fi;\n'
 ' sleep 0.5;\n'
 ' done;\n'
 ' return 1\n'
 '}')
#     BASH_FUNC_module%% = ('() {  local _mlredir=1;\n'
 ' if [ -n "${MODULES_REDIRECT_OUTPUT+x}" ]; then\n'
 ' if [ "$MODULES_REDIRECT_OUTPUT" = \'0\' ]; then\n'
 ' _mlredir=0;\n'
 ' else\n'
 ' if [ "$MODULES_REDIRECT_OUTPUT" = \'1\' ]; then\n'
 ' _mlredir=1;\n'
 ' fi;\n'
 ' fi;\n'
 ' fi;\n'
 ' case " $@ " in \n'
 " *' --no-redirect '*)\n"
 ' _mlredir=0\n'
 ' ;;\n'
 " *' --redirect '*)\n"
 ' _mlredir=1\n'
 ' ;;\n'
 ' esac;\n'
 ' if [ $_mlredir -eq 0 ]; then\n'
 ' _module_raw "$@";\n'
 ' else\n'
 ' _module_raw "$@" 2>&1;\n'
 ' fi\n'
 '}')
#     BASH_FUNC__module_raw%% = ('() {  eval "$(/usr/bin/tclsh '
 '\'/usr/local/packages/Modules/5.3.1/libexec/modulecmd.tcl\' bash "$@")";\n'
 ' _mlstatus=$?;\n'
 ' return $_mlstatus\n'
 '}')
#     BASH_FUNC_find_port%% = ('() {  local host="${1:-localhost}";\n'
 ' local min_port=${2:-2000};\n'
 ' local max_port=${3:-65535};\n'
 ' local port_range=($(shuf -i ${min_port}-${max_port}));\n'
 ' local retries=1;\n'
 ' for ((attempt=0; attempt<=$retries; attempt++))\n'
 ' do\n'
 ' for port in "${port_range[@]}";\n'
 ' do\n'
 ' if port_used "${host}:${port}"; then\n'
 ' continue;\n'
 ' fi;\n'
 ' echo "${port}";\n'
 ' return 0;\n'
 ' done;\n'
 ' done;\n'
 ' echo "error: failed to find available port in range '
 '${min_port}..${max_port}" 1>&2;\n'
 ' return 1\n'
 '}')
#     BASH_FUNC_port_used%% = ('() {  local port="${1#*:}";\n'
 ' local host=$((expr "${1}" : \'\\(.*\\):\' || echo "localhost") | awk '
 "'END{print $NF}');\n"
 ' local port_strategies=(port_used_nc port_used_lsof port_used_bash '
 'port_used_python port_used_python3);\n'
 ' for strategy in ${port_strategies[@]};\n'
 ' do\n'
 ' $strategy $host $port;\n'
 ' status=$?;\n'
 ' if [[ "$status" == "0" ]] || [[ "$status" == "1" ]]; then\n'
 ' return $status;\n'
 ' fi;\n'
 ' done;\n'
 ' return 127\n'
 '}')
#     BASH_FUNC_random_number%% = '() {  shuf -i ${1}-${2} -n 1\n}'
#     BASH_FUNC_source_helpers%% = ('() {  function random_number () \n'
 ' { \n'
 ' shuf -i ${1}-${2} -n 1\n'
 ' };\n'
 ' export -f random_number;\n'
 ' function port_used_python () \n'
 ' { \n'
 ' python -c "import socket; socket.socket().connect((\'$1\',$2))" > /dev/null '
 '2>&1\n'
 ' };\n'
 ' function port_used_python3 () \n'
 ' { \n'
 ' python3 -c "import socket; socket.socket().connect((\'$1\',$2))" > '
 '/dev/null 2>&1\n'
 ' };\n'
 ' function port_used_nc () \n'
 ' { \n'
 ' nc -w 2 "$1" "$2" < /dev/null > /dev/null 2>&1\n'
 ' };\n'
 ' function port_used_lsof () \n'
 ' { \n'
 ' lsof -i :"$2" > /dev/null 2>&1\n'
 ' };\n'
 ' function port_used_bash () \n'
 ' { \n'
 ' local bash_supported=$(strings /bin/bash 2>/dev/null | grep tcp);\n'
 ' if [ "$bash_supported" == "/dev/tcp/*/*" ]; then\n'
 ' ( : < /dev/tcp/$1/$2 ) > /dev/null 2>&1;\n'
 ' else\n'
 ' return 127;\n'
 ' fi\n'
 ' };\n'
 ' function port_used () \n'
 ' { \n'
 ' local port="${1#*:}";\n'
 ' local host=$((expr "${1}" : \'\\(.*\\):\' || echo "localhost") | awk '
 "'END{print $NF}');\n"
 ' local port_strategies=(port_used_nc port_used_lsof port_used_bash '
 'port_used_python port_used_python3);\n'
 ' for strategy in ${port_strategies[@]};\n'
 ' do\n'
 ' $strategy $host $port;\n'
 ' status=$?;\n'
 ' if [[ "$status" == "0" ]] || [[ "$status" == "1" ]]; then\n'
 ' return $status;\n'
 ' fi;\n'
 ' done;\n'
 ' return 127\n'
 ' };\n'
 ' export -f port_used;\n'
 ' function find_port () \n'
 ' { \n'
 ' local host="${1:-localhost}";\n'
 ' local min_port=${2:-2000};\n'
 ' local max_port=${3:-65535};\n'
 ' local port_range=($(shuf -i ${min_port}-${max_port}));\n'
 ' local retries=1;\n'
 ' for ((attempt=0; attempt<=$retries; attempt++))\n'
 ' do\n'
 ' for port in "${port_range[@]}";\n'
 ' do\n'
 ' if port_used "${host}:${port}"; then\n'
 ' continue;\n'
 ' fi;\n'
 ' echo "${port}";\n'
 ' return 0;\n'
 ' done;\n'
 ' done;\n'
 ' echo "error: failed to find available port in range '
 '${min_port}..${max_port}" 1>&2;\n'
 ' return 1\n'
 ' };\n'
 ' export -f find_port;\n'
 ' function wait_until_port_used () \n'
 ' { \n'
 ' local port="${1}";\n'
 ' local time="${2:-30}";\n'
 ' for ((i=1; i<=time*2; i++))\n'
 ' do\n'
 ' port_used "${port}";\n'
 ' port_status=$?;\n'
 ' if [ "$port_status" == "0" ]; then\n'
 ' return 0;\n'
 ' else\n'
 ' if [ "$port_status" == "127" ]; then\n'
 ' echo "commands to find port were either not found or inaccessible.";\n'
 ' echo "command options are lsof, nc, bash\'s /dev/tcp, or python (or '
 'python3) with socket lib.";\n'
 ' return 127;\n'
 ' fi;\n'
 ' fi;\n'
 ' sleep 0.5;\n'
 ' done;\n'
 ' return 1\n'
 ' };\n'
 ' export -f wait_until_port_used;\n'
 ' function create_passwd () \n'
 ' { \n'
 ' ( set +o pipefail;\n'
 " tr -cd 'a-zA-Z0-9' < /dev/urandom 2> /dev/null | head -c${1:-8} )\n"
 ' };\n'
 ' export -f create_passwd\n'
 '}')
#     BASH_FUNC_ml%% = '() {  module ml "$@"\n}'
#     _ = '/ddnB/project/shpyang/shpyang/WL/bzenv/bin/buildozer'
#     PACKAGES_PATH = '/home/shpyang/.buildozer/android/packages'
#     ANDROIDSDK = '/home/shpyang/.buildozer/android/platform/android-sdk'
#     ANDROIDNDK = '/home/shpyang/.buildozer/android/platform/android-ndk-r25b'
#     ANDROIDAPI = '34'
#     ANDROIDMINAPI = '24'
# 
# Buildozer failed to execute the last command
# The error might be hidden in the log above this error
# Please read the full log, and search for it before
# raising an issue with buildozer itself.
# In case of a bug report, please add a full log with log_level = 2
